batter,season,batting_team,matches,total_runs,balls_faced,fours,sixes,highest_score,strike_rate
A Ashish Reddy,2012,Deccan Chargers,5,35,29,3,1,10,120.69
A Ashish Reddy,2013,Sunrisers Hyderabad,10,125,89,8,5,36,140.45
A Ashish Reddy,2015,Sunrisers Hyderabad,5,73,46,3,5,22,158.7
A Ashish Reddy,2016,Sunrisers Hyderabad,3,47,29,2,4,32,162.07
A Badoni,2022,Lucknow Super Giants,11,161,130,11,7,54,123.85
A Badoni,2023,Lucknow Super Giants,12,238,171,13,12,59,139.18
A Badoni,2024,Lucknow Super Giants,12,235,171,22,5,55,137.43
A Badoni,2025,Lucknow Super Giants,11,329,221,27,14,74,148.87
A Chandila,2012,Rajasthan Royals,1,0,1,0,0,0,0.0
A Chandila,2013,Rajasthan Royals,1,4,6,0,0,4,66.67
A Chopra,2008,Kolkata Knight Riders,5,42,52,5,0,24,80.77
A Chopra,2009,Kolkata Knight Riders,1,11,19,2,0,11,57.89
A Choudhary,2017,Royal Challengers Bangalore,3,25,20,1,1,15,125.0
A Dananjaya,2018,Mumbai Indians,1,4,5,0,0,4,80.0
A Flintoff,2009,Chennai Super Kings,3,62,53,5,2,24,116.98
A Kamboj,2024,Mumbai Indians,1,2,2,0,0,2,100.0
A Kamboj,2025,Chennai Super Kings,5,14,12,2,0,5,116.67
A Kumble,2008,Royal Challengers Bangalore,4,13,17,1,0,8,76.47
A Kumble,2009,Royal Challengers Bangalore,6,16,19,2,0,7,84.21
A Kumble,2010,Royal Challengers Bangalore,5,6,11,0,0,2,54.55
A Manohar,2022,Gujarat Titans,7,108,75,14,3,43,144.0
A Manohar,2023,Gujarat Titans,6,114,83,6,7,42,137.35
A Manohar,2024,Gujarat Titans,2,9,16,1,0,8,56.25
A Manohar,2025,Sunrisers Hyderabad,5,61,61,2,4,43,100.0
A Mhatre,2025,Chennai Super Kings,7,240,127,31,11,94,188.98
A Mishra,2008,Delhi Daredevils,3,37,42,3,0,31,88.1
A Mishra,2009,Delhi Daredevils,5,26,20,2,2,13,130.0
A Mishra,2010,Delhi Daredevils,7,39,50,1,0,12,78.0
A Mishra,2011,Deccan Chargers,9,68,49,9,1,25,138.78
A Mishra,2012,Deccan Chargers,5,16,20,1,0,8,80.0
A Mishra,2013,Sunrisers Hyderabad,6,89,95,9,0,30,93.68
A Mishra,2014,Sunrisers Hyderabad,2,4,7,0,0,4,57.14
A Mishra,2015,Delhi Daredevils,4,8,12,0,0,4,66.67
A Mishra,2016,Delhi Daredevils,2,4,14,0,0,3,28.57
A Mishra,2017,Delhi Daredevils,6,49,52,2,2,13,94.23
A Mishra,2018,Delhi Daredevils,1,1,2,0,0,1,50.0
A Mishra,2019,Delhi Capitals,4,21,24,2,0,8,87.5
A Mishra,2023,Lucknow Super Giants,1,19,30,2,0,19,63.33
A Mithun,2010,Royal Challengers Bangalore,1,5,4,1,0,5,125.0
A Mithun,2011,Royal Challengers Bangalore,4,27,20,3,1,11,135.0
A Mithun,2013,Royal Challengers Bangalore,1,2,2,0,0,2,100.0
A Mukund,2008,Chennai Super Kings,1,0,1,0,0,0,0.0
A Mukund,2013,Royal Challengers Bangalore,1,19,21,1,0,19,90.48
A Nehra,2008,Mumbai Indians,3,3,12,0,0,2,25.0
A Nehra,2009,Delhi Daredevils,1,1,1,0,0,1,100.0
A Nehra,2010,Delhi Daredevils,2,23,19,2,1,22,121.05
A Nehra,2012,Pune Warriors,2,11,12,1,0,9,91.67
A Nehra,2013,Delhi Daredevils,4,1,8,0,0,1,12.5
A Nehra,2015,Chennai Super Kings,4,1,7,0,0,1,14.29
A Nehra,2016,Sunrisers Hyderabad,1,1,1,0,0,1,100.0
A Nortje,2020,Delhi Capitals,3,7,6,0,0,3,116.67
A Nortje,2022,Delhi Capitals,1,1,6,0,0,1,16.67
A Nortje,2023,Delhi Capitals,7,37,29,6,0,23,127.59
A Nortje,2024,Delhi Capitals,2,4,8,0,0,4,50.0
A Raghuvanshi,2024,Kolkata Knight Riders,7,163,105,16,8,54,155.24
A Raghuvanshi,2025,Kolkata Knight Riders,11,300,214,30,8,50,140.19
A Singh,2009,Rajasthan Royals,2,1,3,0,0,1,33.33
A Singh,2011,Rajasthan Royals,2,1,4,0,0,1,25.0
A Singh,2012,Rajasthan Royals,1,0,2,0,0,0,0.0
A Symonds,2008,Deccan Chargers,3,161,104,15,9,117,154.81
A Symonds,2009,Deccan Chargers,8,249,163,15,11,60,152.76
A Symonds,2010,Deccan Chargers,16,429,340,35,18,54,126.18
A Symonds,2011,Mumbai Indians,9,135,138,9,3,44,97.83
A Tomar,2022,Kolkata Knight Riders,1,4,8,1,0,4,50.0
A Uniyal,2010,Rajasthan Royals,2,4,7,0,0,4,57.14
A Zampa,2016,Rising Pune Supergiants,1,0,1,0,0,0,0.0
A Zampa,2017,Rising Pune Supergiant,1,5,7,1,0,5,71.43
A Zampa,2023,Rajasthan Royals,3,10,16,0,0,7,62.5
AA Bilakhia,2009,Deccan Chargers,6,67,80,5,0,22,83.75
AA Bilakhia,2010,Deccan Chargers,1,2,4,0,0,2,50.0
AA Chavan,2011,Rajasthan Royals,1,1,3,0,0,1,33.33
AA Chavan,2012,Rajasthan Royals,2,11,8,2,0,7,137.5
AA Jhunjhunwala,2010,Rajasthan Royals,10,183,166,16,4,53,110.24
AA Jhunjhunwala,2011,Pune Warriors,2,10,17,2,0,10,58.82
AA Jhunjhunwala,2012,Deccan Chargers,3,24,26,1,1,19,92.31
AA Kulkarni,2024,Lucknow Super Giants,2,9,8,2,0,9,112.5
AA Noffke,2008,Royal Challengers Bangalore,1,9,10,1,0,9,90.0
AB Agarkar,2008,Kolkata Knight Riders,6,54,45,5,2,20,120.0
AB Agarkar,2009,Kolkata Knight Riders,5,66,57,3,3,39,115.79
AB Agarkar,2010,Kolkata Knight Riders,4,40,28,4,0,17,142.86
AB Agarkar,2011,Delhi Daredevils,1,7,5,1,0,7,140.0
AB Agarkar,2013,Delhi Daredevils,2,12,16,0,0,9,75.0
AB Barath,2010,Kings XI Punjab,3,42,42,5,1,33,100.0
AB Dinda,2008,Kolkata Knight Riders,2,2,4,0,0,1,50.0
AB Dinda,2009,Kolkata Knight Riders,2,2,3,0,0,2,66.67
AB Dinda,2010,Kolkata Knight Riders,1,0,1,0,0,0,0.0
AB Dinda,2011,Delhi Daredevils,1,0,5,0,0,0,0.0
AB Dinda,2012,Pune Warriors,1,2,5,0,0,2,40.0
AB Dinda,2013,Pune Warriors,5,9,11,1,0,6,81.82
AB Dinda,2014,Royal Challengers Bangalore,3,4,12,0,0,2,33.33
AB Dinda,2017,Rising Pune Supergiant,1,7,7,1,0,7,100.0
AB McDonald,2009,Delhi Daredevils,1,3,4,0,0,3,75.0
AB McDonald,2010,Delhi Daredevils,3,65,52,3,2,33,125.0
AB McDonald,2011,Delhi Daredevils,1,8,7,0,0,8,114.29
AB McDonald,2012,Royal Challengers Bangalore,3,47,35,6,2,30,134.29
AB McDonald,2013,Royal Challengers Bangalore,1,0,2,0,0,0,0.0
AB de Villiers,2008,Delhi Daredevils,6,95,98,5,1,26,96.94
AB de Villiers,2009,Delhi Daredevils,13,465,354,39,12,105,131.36
AB de Villiers,2010,Delhi Daredevils,7,111,119,7,0,45,93.28
AB de Villiers,2011,Royal Challengers Bangalore,13,312,242,21,14,65,128.93
AB de Villiers,2012,Royal Challengers Bangalore,13,319,197,26,15,64,161.93
AB de Villiers,2013,Royal Challengers Bangalore,14,360,219,34,15,64,164.38
AB de Villiers,2014,Royal Challengers Bangalore,13,395,248,26,24,89,159.27
AB de Villiers,2015,Royal Challengers Bangalore,14,513,291,60,22,133,176.29
AB de Villiers,2016,Royal Challengers Bangalore,16,687,405,57,37,129,169.63
AB de Villiers,2017,Royal Challengers Bangalore,9,216,163,12,16,89,132.52
AB de Villiers,2018,Royal Challengers Bangalore,11,480,275,39,30,90,174.55
AB de Villiers,2019,Royal Challengers Bangalore,13,442,287,31,26,82,154.01
AB de Villiers,2020,Royal Challengers Bangalore,14,454,283,33,23,73,160.42
AB de Villiers,2021,Royal Challengers Bangalore,14,313,211,23,16,76,148.34
AC Blizzard,2011,Mumbai Indians,6,120,87,21,2,51,137.93
AC Blizzard,2012,Mumbai Indians,1,0,3,0,0,0,0.0
AC Gilchrist,2008,Deccan Chargers,14,436,314,51,19,109,138.85
AC Gilchrist,2009,Deccan Chargers,16,495,322,54,29,85,153.73
AC Gilchrist,2010,Deccan Chargers,16,289,185,31,16,54,156.22
AC Gilchrist,2011,Kings XI Punjab,14,383,291,41,18,106,131.62
AC Gilchrist,2012,Kings XI Punjab,7,172,142,21,4,64,121.13
AC Gilchrist,2013,Kings XI Punjab,13,294,229,41,6,85,128.38
AC Thomas,2011,Pune Warriors,2,1,4,0,0,1,25.0
AC Thomas,2012,Pune Warriors,2,19,15,1,1,12,126.67
AC Voges,2010,Rajasthan Royals,7,181,143,15,3,45,126.57
AD Hales,2018,Sunrisers Hyderabad,6,148,117,13,6,45,126.5
AD Mascarenhas,2008,Rajasthan Royals,1,9,8,0,1,9,112.5
AD Mascarenhas,2009,Rajasthan Royals,4,39,39,4,0,27,100.0
AD Mascarenhas,2010,Rajasthan Royals,2,12,10,0,0,9,120.0
AD Mascarenhas,2012,Kings XI Punjab,3,14,16,1,0,9,87.5
AD Mascarenhas,2013,Kings XI Punjab,1,5,5,0,0,5,100.0
AD Mathews,2009,Kolkata Knight Riders,1,16,13,2,0,16,123.08
AD Mathews,2010,Kolkata Knight Riders,10,233,183,18,8,65,127.32
AD Mathews,2012,Pune Warriors,8,127,108,5,4,35,117.59
AD Mathews,2013,Pune Warriors,10,172,139,5,10,40,123.74
AD Mathews,2015,Delhi Daredevils,10,144,103,12,6,28,139.81
AD Mathews,2017,Delhi Daredevils,2,32,27,2,1,31,118.52
AD Nath,2016,Gujarat Lions,3,20,27,1,0,12,74.07
AD Nath,2017,Gujarat Lions,1,0,1,0,0,0,0.0
AD Nath,2018,Kings XI Punjab,1,9,13,1,0,9,69.23
AD Nath,2019,Royal Challengers Bangalore,5,61,57,5,2,24,107.02
AD Russell,2012,Delhi Daredevils,2,47,26,3,3,31,180.77
AD Russell,2013,Delhi Daredevils,2,11,14,0,0,7,78.57
AD Russell,2014,Kolkata Knight Riders,2,2,8,0,0,1,25.0
AD Russell,2015,Kolkata Knight Riders,11,326,169,35,19,66,192.9
AD Russell,2016,Kolkata Knight Riders,8,188,114,10,15,39,164.91
AD Russell,2018,Kolkata Knight Riders,14,316,170,17,31,88,185.88
AD Russell,2019,Kolkata Knight Riders,13,510,246,31,52,80,207.32
AD Russell,2020,Kolkata Knight Riders,9,117,79,9,9,25,148.1
AD Russell,2021,Kolkata Knight Riders,8,183,117,14,14,54,156.41
AD Russell,2022,Kolkata Knight Riders,12,335,189,18,32,70,177.25
AD Russell,2023,Kolkata Knight Riders,14,227,155,13,18,42,146.45
AD Russell,2024,Kolkata Knight Riders,9,222,116,20,16,64,191.38
AD Russell,2025,Kolkata Knight Riders,10,167,102,16,14,57,163.73
AF Milne,2017,Royal Challengers Bangalore,3,7,12,0,0,5,58.33
AF Milne,2021,Mumbai Indians,3,16,17,0,1,15,94.12
AG Murtaza,2011,Mumbai Indians,1,2,5,0,0,2,40.0
AG Murtaza,2012,Pune Warriors,1,3,5,0,0,3,60.0
AG Murtaza,2013,Pune Warriors,1,5,4,1,0,5,125.0
AG Paunikar,2010,Rajasthan Royals,1,0,1,0,0,0,0.0
AG Paunikar,2011,Rajasthan Royals,4,49,54,9,0,20,90.74
AJ Finch,2010,Rajasthan Royals,1,21,21,0,1,21,100.0
AJ Finch,2011,Delhi Daredevils,6,47,46,3,3,25,102.17
AJ Finch,2012,Delhi Daredevils,2,55,51,8,0,30,107.84
AJ Finch,2013,Pune Warriors,14,456,335,54,16,67,136.12
AJ Finch,2014,Sunrisers Hyderabad,13,309,261,31,9,88,118.39
AJ Finch,2015,Mumbai Indians,3,23,33,4,0,10,69.7
AJ Finch,2016,Gujarat Lions,12,393,297,45,11,74,132.32
AJ Finch,2017,Gujarat Lions,13,299,179,25,19,72,167.04
AJ Finch,2018,Kings XI Punjab,9,134,100,6,8,46,134.0
AJ Finch,2020,Royal Challengers Bangalore,12,268,239,28,8,52,112.13
AJ Finch,2022,Kolkata Knight Riders,5,86,61,10,3,58,140.98
AJ Hosein,2023,Sunrisers Hyderabad,1,16,10,1,1,16,160.0
AJ Turner,2019,Rajasthan Royals,4,3,10,0,0,3,30.0
AJ Turner,2024,Lucknow Super Giants,2,21,18,0,2,16,116.67
AJ Tye,2017,Gujarat Lions,3,53,29,4,3,25,182.76
AJ Tye,2018,Kings XI Punjab,8,32,38,2,1,14,84.21
AJ Tye,2019,Kings XI Punjab,1,0,2,0,0,0,0.0
AJ Tye,2020,Rajasthan Royals,1,6,6,0,1,6,100.0
AK Markram,2021,Punjab Kings,6,146,119,12,4,42,122.69
AK Markram,2022,Sunrisers Hyderabad,12,381,273,25,19,68,139.56
AK Markram,2023,Sunrisers Hyderabad,13,248,197,18,8,50,125.89
AK Markram,2024,Sunrisers Hyderabad,11,220,175,18,4,50,125.71
AK Markram,2025,Lucknow Super Giants,13,445,298,38,22,66,149.33
AL Menaria,2011,Rajasthan Royals,10,180,152,10,10,34,118.42
AL Menaria,2012,Rajasthan Royals,12,220,200,14,8,40,110.0
AL Menaria,2013,Rajasthan Royals,1,1,2,0,0,1,50.0
AM Nayar,2008,Mumbai Indians,10,206,137,16,9,45,150.36
AM Nayar,2009,Mumbai Indians,11,193,151,14,7,35,127.81
AM Nayar,2010,Mumbai Indians,3,58,51,4,2,27,113.73
AM Nayar,2011,Kings XI Punjab,9,61,66,9,0,17,92.42
AM Nayar,2012,Kings XI Punjab,4,45,49,2,1,24,91.84
AM Nayar,2013,Pune Warriors,9,66,73,5,0,25,90.41
AM Nayar,2014,Rajasthan Royals,4,43,46,5,1,23,93.48
AM Rahane,2008,Mumbai Indians,2,4,17,1,0,4,23.53
AM Rahane,2009,Mumbai Indians,7,144,121,12,3,62,119.01
AM Rahane,2011,Rajasthan Royals,7,120,98,12,2,52,122.45
AM Rahane,2012,Rajasthan Royals,16,560,433,73,10,103,129.33
AM Rahane,2013,Rajasthan Royals,18,488,458,42,11,68,106.55
AM Rahane,2014,Rajasthan Royals,12,339,291,38,3,72,116.49
AM Rahane,2015,Rajasthan Royals,13,540,412,53,13,91,131.07
AM Rahane,2016,Rising Pune Supergiants,14,480,378,54,9,74,126.98
AM Rahane,2017,Rising Pune Supergiant,16,382,323,35,9,60,118.27
AM Rahane,2018,Rajasthan Royals,14,370,313,39,5,65,118.21
AM Rahane,2019,Rajasthan Royals,13,393,285,45,9,105,137.89
AM Rahane,2020,Delhi Capitals,8,113,107,12,2,60,105.61
AM Rahane,2021,Delhi Capitals,1,8,8,1,0,8,100.0
AM Rahane,2022,Kolkata Knight Riders,7,133,128,14,4,44,103.91
AM Rahane,2023,Chennai Super Kings,11,326,189,24,16,71,172.49
AM Rahane,2024,Chennai Super Kings,12,242,196,24,7,45,123.47
AM Rahane,2025,Kolkata Knight Riders,12,390,264,36,20,61,147.73
AN Ahmed,2010,Mumbai Indians,1,4,7,0,0,4,57.14
AN Ahmed,2011,Mumbai Indians,1,18,13,1,1,18,138.46
AN Ahmed,2014,Royal Challengers Bangalore,1,4,1,1,0,4,400.0
AN Ahmed,2015,Royal Challengers Bangalore,3,10,5,2,0,5,200.0
AN Ghosh,2009,Kolkata Knight Riders,2,7,8,1,0,7,87.5
AP Dole,2010,Rajasthan Royals,2,34,22,3,1,30,154.55
AP Majumdar,2012,Pune Warriors,4,87,76,7,2,31,114.47
AP Tare,2010,Mumbai Indians,4,50,36,5,3,23,138.89
AP Tare,2013,Mumbai Indians,5,123,84,14,5,59,146.43
AP Tare,2014,Mumbai Indians,11,126,97,16,3,24,129.9
AP Tare,2015,Mumbai Indians,2,14,17,1,0,7,82.35
AP Tare,2016,Sunrisers Hyderabad,2,8,15,1,0,8,53.33
AP Tare,2017,Delhi Daredevils,3,18,23,3,0,18,78.26
AR Bawne,2017,Delhi Daredevils,1,12,12,1,0,12,100.0
AR Patel,2014,Kings XI Punjab,7,62,60,6,1,42,103.33
AR Patel,2015,Kings XI Punjab,12,206,174,13,8,40,118.39
AR Patel,2016,Kings XI Punjab,10,111,77,4,8,36,144.16
AR Patel,2017,Kings XI Punjab,13,227,162,11,11,44,140.12
AR Patel,2018,Kings XI Punjab,8,80,69,3,4,19,115.94
AR Patel,2019,Delhi Capitals,12,110,87,10,3,26,126.44
AR Patel,2020,Delhi Capitals,9,117,83,6,8,42,140.96
AR Patel,2021,Delhi Capitals,6,40,46,2,1,12,86.96
AR Patel,2022,Delhi Capitals,10,182,120,12,10,42,151.67
AR Patel,2023,Delhi Capitals,13,283,201,21,15,54,140.8
AR Patel,2024,Delhi Capitals,12,235,179,19,10,66,131.28
AR Patel,2025,Delhi Capitals,11,263,167,23,15,43,157.49
AS Joseph,2019,Mumbai Indians,1,15,13,2,0,15,115.38
AS Joseph,2022,Gujarat Titans,3,5,7,0,0,4,71.43
AS Joseph,2023,Gujarat Titans,1,7,12,1,0,7,58.33
AS Rajpoot,2013,Chennai Super Kings,1,2,6,0,0,2,33.33
AS Rajpoot,2017,Kolkata Knight Riders,1,4,7,1,0,4,57.14
AS Rajpoot,2018,Kings XI Punjab,3,11,18,1,0,8,61.11
AS Rajpoot,2020,Rajasthan Royals,2,9,10,0,1,7,90.0
AS Raut,2009,Rajasthan Royals,7,78,61,5,3,36,127.87
AS Raut,2010,Rajasthan Royals,5,56,48,3,3,32,116.67
AS Raut,2011,Rajasthan Royals,4,60,58,5,1,25,103.45
AS Roy,2022,Kolkata Knight Riders,1,0,2,0,0,0,0.0
AS Roy,2023,Kolkata Knight Riders,4,23,19,3,0,13,121.05
AS Roy,2024,Kolkata Knight Riders,1,3,3,0,0,3,100.0
AS Roy,2025,Kolkata Knight Riders,1,0,1,0,0,0,0.0
AS Yadav,2008,Deccan Chargers,6,49,39,5,2,16,125.64
AT Carey,2020,Delhi Capitals,3,32,29,0,1,14,110.34
AT Rayudu,2010,Mumbai Indians,14,356,244,34,13,55,145.9
AT Rayudu,2011,Mumbai Indians,16,395,349,44,9,63,113.18
AT Rayudu,2012,Mumbai Indians,15,333,252,21,14,81,132.14
AT Rayudu,2013,Mumbai Indians,15,265,229,22,4,37,115.72
AT Rayudu,2014,Mumbai Indians,14,361,286,31,8,68,126.22
AT Rayudu,2015,Mumbai Indians,14,281,192,18,16,53,146.35
AT Rayudu,2016,Mumbai Indians,12,334,277,28,12,65,120.58
AT Rayudu,2017,Mumbai Indians,5,91,78,7,3,63,116.67
AT Rayudu,2018,Chennai Super Kings,16,602,401,53,34,100,150.12
AT Rayudu,2019,Chennai Super Kings,17,282,301,20,7,57,93.69
AT Rayudu,2020,Chennai Super Kings,11,359,279,30,12,71,128.67
AT Rayudu,2021,Chennai Super Kings,13,257,167,16,17,72,153.89
AT Rayudu,2022,Chennai Super Kings,11,274,223,25,15,78,122.87
AT Rayudu,2023,Chennai Super Kings,12,158,113,10,9,27,139.82
AU Rashid,2023,Sunrisers Hyderabad,2,22,15,2,1,18,146.67
AUK Pathan,2011,Royal Challengers Bangalore,5,33,16,5,2,14,206.25
AUK Pathan,2012,Royal Challengers Bangalore,2,6,7,0,0,4,85.71
Abdul Basith,2023,Rajasthan Royals,1,1,1,0,0,1,100.0
Abdul Samad,2020,Sunrisers Hyderabad,7,111,65,8,6,33,170.77
Abdul Samad,2021,Sunrisers Hyderabad,10,111,87,4,8,28,127.59
Abdul Samad,2022,Sunrisers Hyderabad,2,4,7,0,0,4,57.14
Abdul Samad,2023,Sunrisers Hyderabad,8,169,125,10,11,37,135.2
Abdul Samad,2024,Sunrisers Hyderabad,12,182,108,15,11,37,168.52
Abdul Samad,2025,Lucknow Super Giants,12,164,93,8,14,45,176.34
Abdur Razzak,2008,Royal Challengers Bangalore,1,0,2,0,0,0,0.0
Abhishek Sharma,2018,Delhi Daredevils,3,63,33,3,5,46,190.91
Abhishek Sharma,2019,Sunrisers Hyderabad,3,9,9,1,0,5,100.0
Abhishek Sharma,2020,Sunrisers Hyderabad,7,71,56,6,3,31,126.79
Abhishek Sharma,2021,Sunrisers Hyderabad,7,98,75,7,4,33,130.67
Abhishek Sharma,2022,Sunrisers Hyderabad,14,426,319,47,13,75,133.54
Abhishek Sharma,2023,Sunrisers Hyderabad,11,226,156,28,6,67,144.87
Abhishek Sharma,2024,Sunrisers Hyderabad,16,484,235,36,42,75,205.96
Abhishek Sharma,2025,Sunrisers Hyderabad,13,439,225,46,28,141,195.11
Abishek Porel,2023,Delhi Capitals,4,33,31,1,2,20,106.45
Abishek Porel,2024,Delhi Capitals,12,327,204,36,13,65,160.29
Abishek Porel,2025,Delhi Capitals,13,301,205,28,12,51,146.83
Akash Deep,2022,Royal Challengers Bangalore,1,0,2,0,0,0,0.0
Akash Deep,2023,Royal Challengers Bangalore,1,17,8,2,1,17,212.5
Akash Deep,2024,Royal Challengers Bengaluru,1,2,2,0,0,2,100.0
Akash Deep,2025,Lucknow Super Giants,2,6,2,0,1,6,300.0
Akash Madhwal,2024,Mumbai Indians,1,4,5,0,0,4,80.0
Akash Madhwal,2025,Rajasthan Royals,1,4,9,0,0,4,44.44
Aman Hakim Khan,2022,Kolkata Knight Riders,1,5,3,1,0,5,166.67
Aman Hakim Khan,2023,Delhi Capitals,9,110,101,7,6,51,108.91
Aniket Verma,2025,Sunrisers Hyderabad,12,236,142,12,20,74,166.2
Anirudh Singh,2010,Deccan Chargers,4,63,66,6,1,40,95.45
Ankit Sharma,2012,Deccan Chargers,4,18,13,0,2,15,138.46
Ankit Sharma,2014,Rajasthan Royals,2,34,30,4,1,30,113.33
Ankit Sharma,2015,Rajasthan Royals,2,7,6,1,0,7,116.67
Ankit Sharma,2016,Rising Pune Supergiants,1,3,3,0,0,3,100.0
Ankit Sharma,2017,Rising Pune Supergiant,1,25,15,2,1,25,166.67
Ankit Soni,2017,Gujarat Lions,3,7,9,0,1,7,77.78
Anmolpreet Singh,2021,Mumbai Indians,1,16,14,2,1,16,114.29
Anmolpreet Singh,2022,Mumbai Indians,2,13,13,1,0,8,100.0
Anmolpreet Singh,2023,Sunrisers Hyderabad,4,105,82,15,2,36,128.05
Anmolpreet Singh,2024,Sunrisers Hyderabad,2,5,6,1,0,5,83.33
Anuj Rawat,2021,Rajasthan Royals,1,0,1,0,0,0,0.0
Anuj Rawat,2022,Royal Challengers Bangalore,8,129,118,10,7,66,109.32
Anuj Rawat,2023,Royal Challengers Bangalore,7,91,71,6,4,29,128.17
Anuj Rawat,2024,Royal Challengers Bengaluru,5,98,77,10,3,48,127.27
Anureet Singh,2015,Kings XI Punjab,6,18,31,0,1,10,58.06
Anureet Singh,2017,Kings XI Punjab,1,15,12,2,0,15,125.0
Anureet Singh,2018,Rajasthan Royals,1,3,4,0,0,3,75.0
Arjun Tendulkar,2023,Mumbai Indians,1,13,9,0,1,13,144.44
Arshad Khan,2023,Mumbai Indians,3,18,15,0,1,15,120.0
Arshad Khan,2024,Lucknow Super Giants,3,78,50,5,5,58,156.0
Arshad Khan,2025,Gujarat Titans,4,23,19,0,3,20,121.05
Arshad Khan (2),2024,Lucknow Super Giants,1,5,4,1,0,5,125.0
Arshdeep Singh,2020,Kings XI Punjab,1,0,3,0,0,0,0.0
Arshdeep Singh,2021,Punjab Kings,2,2,3,0,0,1,66.67
Arshdeep Singh,2022,Punjab Kings,6,21,29,3,0,10,72.41
Arshdeep Singh,2023,Punjab Kings,1,2,2,0,0,2,100.0
Arshdeep Singh,2024,Punjab Kings,1,4,3,1,0,4,133.33
Arshdeep Singh,2025,Punjab Kings,2,2,6,0,0,1,33.33
Ashutosh Sharma,2024,Punjab Kings,9,189,110,10,15,61,171.82
Ashutosh Sharma,2025,Delhi Capitals,9,204,126,14,13,66,161.9
Atharva Taide,2023,Punjab Kings,7,186,129,20,6,66,144.19
Atharva Taide,2024,Punjab Kings,2,61,39,7,2,46,156.41
Atharva Taide,2025,Sunrisers Hyderabad,1,13,9,3,0,13,144.44
Avesh Khan,2019,Delhi Capitals,1,4,3,1,0,4,133.33
Avesh Khan,2021,Delhi Capitals,1,5,3,1,0,5,166.67
Avesh Khan,2022,Lucknow Super Giants,4,22,13,0,3,12,169.23
Avesh Khan,2023,Lucknow Super Giants,1,0,1,0,0,0,0.0
Avesh Khan,2024,Rajasthan Royals,2,10,5,1,0,7,200.0
Avesh Khan,2025,Lucknow Super Giants,4,21,12,3,1,19,175.0
Azhar Mahmood,2012,Kings XI Punjab,10,186,142,16,8,36,130.99
Azhar Mahmood,2013,Kings XI Punjab,10,196,154,22,5,80,127.27
Azhar Mahmood,2015,Kolkata Knight Riders,1,6,7,1,0,6,85.71
Azmatullah Omarzai,2024,Gujarat Titans,4,42,33,2,2,17,127.27
Azmatullah Omarzai,2025,Punjab Kings,5,57,41,6,3,21,139.02
B Akhil,2008,Royal Challengers Bangalore,7,46,31,4,3,27,148.39
B Akhil,2009,Royal Challengers Bangalore,3,17,15,1,1,9,113.33
B Akhil,2011,Kochi Tuskers Kerala,1,13,9,0,1,13,144.44
B Chipli,2008,Royal Challengers Bangalore,3,20,28,3,0,10,71.43
B Chipli,2011,Deccan Chargers,13,207,170,21,4,61,121.76
B Chipli,2012,Deccan Chargers,4,37,35,3,2,25,105.71
B Chipli,2013,Delhi Daredevils,1,16,17,1,1,16,94.12
B Indrajith,2022,Kolkata Knight Riders,3,21,30,2,0,15,70.0
B Kumar,2011,Pune Warriors,1,1,1,0,0,1,100.0
B Kumar,2012,Pune Warriors,8,40,40,4,0,11,100.0
B Kumar,2013,Pune Warriors,9,52,71,3,1,24,73.24
B Kumar,2014,Sunrisers Hyderabad,2,1,4,0,0,1,25.0
B Kumar,2015,Sunrisers Hyderabad,3,17,10,2,1,11,170.0
B Kumar,2016,Sunrisers Hyderabad,8,43,27,6,1,21,159.26
B Kumar,2017,Sunrisers Hyderabad,2,4,4,0,0,4,100.0
B Kumar,2018,Sunrisers Hyderabad,4,13,16,1,0,7,81.25
B Kumar,2019,Sunrisers Hyderabad,4,12,19,1,0,7,63.16
B Kumar,2020,Sunrisers Hyderabad,1,0,2,0,0,0,0.0
B Kumar,2021,Sunrisers Hyderabad,7,34,30,3,0,14,113.33
B Kumar,2022,Sunrisers Hyderabad,6,24,25,3,0,8,96.0
B Kumar,2023,Sunrisers Hyderabad,5,42,47,4,0,27,89.36
B Kumar,2024,Sunrisers Hyderabad,5,23,29,3,0,13,79.31
B Kumar,2025,Royal Challengers Bengaluru,6,14,25,1,0,8,56.0
B Laughlin,2013,Chennai Super Kings,2,4,9,0,0,4,44.44
B Laughlin,2018,Rajasthan Royals,2,1,4,0,0,1,25.0
B Lee,2008,Kings XI Punjab,3,17,12,2,1,16,141.67
B Lee,2009,Kings XI Punjab,4,28,34,2,1,14,82.35
B Lee,2010,Kings XI Punjab,3,11,9,1,0,7,122.22
B Lee,2011,Kolkata Knight Riders,4,5,9,0,0,2,55.56
B Lee,2012,Kolkata Knight Riders,3,42,20,2,4,25,210.0
B Lee,2013,Kolkata Knight Riders,2,21,12,1,2,16,175.0
B Sai Sudharsan,2022,Gujarat Titans,5,145,113,14,3,65,128.32
B Sai Sudharsan,2023,Gujarat Titans,8,362,253,33,12,96,143.08
B Sai Sudharsan,2024,Gujarat Titans,12,527,368,48,17,103,143.21
B Sai Sudharsan,2025,Gujarat Titans,15,759,486,88,21,108,156.17
B Stanlake,2018,Sunrisers Hyderabad,1,5,2,1,0,5,250.0
B Sumanth,2010,Deccan Chargers,4,35,37,3,0,16,94.59
BA Bhatt,2011,Kings XI Punjab,1,0,5,0,0,0,0.0
BA Bhatt,2012,Kings XI Punjab,1,6,2,0,1,6,300.0
BA Stokes,2017,Rising Pune Supergiant,11,316,221,22,15,103,142.99
BA Stokes,2018,Rajasthan Royals,12,196,160,13,6,45,122.5
BA Stokes,2019,Rajasthan Royals,9,123,97,8,4,46,126.8
BA Stokes,2020,Rajasthan Royals,8,285,200,36,7,107,142.5
BA Stokes,2021,Rajasthan Royals,1,0,3,0,0,0,0.0
BA Stokes,2023,Chennai Super Kings,2,15,14,2,0,8,107.14
BAW Mendis,2009,Kolkata Knight Riders,1,0,1,0,0,0,0.0
BAW Mendis,2010,Kolkata Knight Riders,1,1,1,0,0,1,100.0
BAW Mendis,2013,Pune Warriors,1,2,4,0,0,2,50.0
BB McCullum,2008,Kolkata Knight Riders,4,188,91,13,15,158,206.59
BB McCullum,2009,Kolkata Knight Riders,13,285,235,27,12,84,121.28
BB McCullum,2010,Kolkata Knight Riders,5,114,109,14,2,57,104.59
BB McCullum,2011,Kochi Tuskers Kerala,13,357,272,35,16,81,131.25
BB McCullum,2012,Kolkata Knight Riders,12,289,283,37,3,56,102.12
BB McCullum,2013,Kolkata Knight Riders,1,6,7,1,0,6,85.71
BB McCullum,2014,Chennai Super Kings,14,405,333,32,19,71,121.62
BB McCullum,2015,Chennai Super Kings,14,436,276,51,23,100,157.97
BB McCullum,2016,Gujarat Lions,16,354,262,38,16,60,135.11
BB McCullum,2017,Gujarat Lions,11,319,217,29,18,72,147.0
BB McCullum,2018,Royal Challengers Bangalore,6,127,87,16,6,43,145.98
BB Samantray,2012,Deccan Chargers,1,2,2,0,0,2,100.0
BB Samantray,2013,Sunrisers Hyderabad,7,123,111,13,2,55,110.81
BB Sran,2016,Sunrisers Hyderabad,3,4,3,0,0,2,133.33
BB Sran,2018,Kings XI Punjab,3,3,7,0,0,2,42.86
BB Sran,2019,Mumbai Indians,1,3,3,0,0,3,100.0
BCJ Cutting,2014,Rajasthan Royals,1,8,6,0,1,8,133.33
BCJ Cutting,2016,Sunrisers Hyderabad,4,65,34,4,6,39,191.18
BCJ Cutting,2017,Sunrisers Hyderabad,3,51,26,5,3,20,196.15
BCJ Cutting,2018,Mumbai Indians,6,96,58,5,8,37,165.52
BCJ Cutting,2019,Mumbai Indians,3,18,17,1,1,13,105.88
BE Hendricks,2014,Kings XI Punjab,1,0,1,0,0,0,0.0
BE Hendricks,2015,Kings XI Punjab,1,1,2,0,0,1,50.0
BJ Haddin,2011,Kolkata Knight Riders,1,18,11,2,1,18,163.64
BJ Hodge,2008,Kolkata Knight Riders,3,12,17,2,0,10,70.59
BJ Hodge,2009,Kolkata Knight Riders,12,365,309,34,9,73,118.12
BJ Hodge,2010,Kolkata Knight Riders,4,99,90,11,1,50,110.0
BJ Hodge,2011,Kochi Tuskers Kerala,14,285,234,26,9,51,121.79
BJ Hodge,2012,Rajasthan Royals,12,245,173,18,9,48,141.62
BJ Hodge,2013,Rajasthan Royals,14,293,217,27,9,54,135.02
BJ Hodge,2014,Rajasthan Royals,4,101,72,4,6,40,140.28
BJ Rohrer,2013,Delhi Daredevils,8,193,140,21,5,64,137.86
BKG Mendis,2025,Gujarat Titans,1,20,10,1,2,20,200.0
BMAJ Mendis,2013,Delhi Daredevils,3,23,27,0,0,12,85.19
BR Dunk,2014,Mumbai Indians,3,40,35,7,0,20,114.29
BR Sharath,2024,Gujarat Titans,1,2,5,0,0,2,40.0
Basil Thampi,2017,Gujarat Lions,5,28,28,1,1,13,100.0
Basil Thampi,2018,Sunrisers Hyderabad,1,3,6,0,0,3,50.0
Basil Thampi,2019,Sunrisers Hyderabad,1,1,1,0,0,1,100.0
Bipul Sharma,2010,Kings XI Punjab,2,9,7,1,0,8,128.57
Bipul Sharma,2011,Kings XI Punjab,3,23,18,1,0,16,127.78
Bipul Sharma,2012,Kings XI Punjab,4,72,47,6,3,35,153.19
Bipul Sharma,2015,Sunrisers Hyderabad,1,1,2,0,0,1,50.0
Bipul Sharma,2016,Sunrisers Hyderabad,4,51,25,1,5,27,204.0
Bipul Sharma,2017,Sunrisers Hyderabad,3,31,24,2,1,21,129.17
C Bosch,2025,Mumbai Indians,2,47,32,3,3,27,146.88
C Green,2023,Mumbai Indians,16,452,279,40,22,100,162.01
C Green,2024,Royal Challengers Bengaluru,12,255,178,22,10,46,143.26
C Madan,2010,Mumbai Indians,1,15,18,3,0,15,83.33
C Munro,2016,Kolkata Knight Riders,3,30,30,3,0,16,100.0
C Munro,2018,Delhi Daredevils,4,63,41,7,4,33,153.66
C Munro,2019,Delhi Capitals,4,84,70,9,4,40,120.0
C Nanda,2009,Mumbai Indians,1,0,1,0,0,0,0.0
C Sakariya,2021,Rajasthan Royals,5,16,24,2,0,7,66.67
C Sakariya,2023,Delhi Capitals,2,4,6,1,0,4,66.67
C de Grandhomme,2017,Kolkata Knight Riders,9,126,92,10,6,36,136.96
C de Grandhomme,2018,Royal Challengers Bangalore,8,131,83,4,10,40,157.83
C de Grandhomme,2019,Royal Challengers Bangalore,4,46,49,4,2,37,93.88
CA Ingram,2011,Delhi Daredevils,3,21,25,2,0,13,84.0
CA Ingram,2019,Delhi Capitals,12,184,154,20,5,47,119.48
CA Lynn,2012,Deccan Chargers,1,6,9,1,0,6,66.67
CA Lynn,2014,Kolkata Knight Riders,2,58,49,5,3,45,118.37
CA Lynn,2016,Kolkata Knight Riders,2,25,22,0,1,15,113.64
CA Lynn,2017,Kolkata Knight Riders,7,295,161,25,19,93,183.23
CA Lynn,2018,Kolkata Knight Riders,16,491,377,56,18,74,130.24
CA Lynn,2019,Kolkata Knight Riders,13,405,288,41,22,82,140.63
CA Lynn,2021,Mumbai Indians,1,49,35,4,3,49,140.0
CA Pujara,2010,Kolkata Knight Riders,6,122,115,14,3,45,106.09
CA Pujara,2011,Royal Challengers Bangalore,3,34,31,4,0,25,109.68
CA Pujara,2012,Royal Challengers Bangalore,3,17,22,1,1,11,77.27
CA Pujara,2013,Royal Challengers Bangalore,4,92,99,14,0,51,92.93
CA Pujara,2014,Kings XI Punjab,6,125,123,17,0,40,101.63
CH Gayle,2009,Kolkata Knight Riders,7,171,143,15,10,44,119.58
CH Gayle,2010,Kolkata Knight Riders,9,292,183,30,16,88,159.56
CH Gayle,2011,Royal Challengers Bangalore,12,608,331,57,44,107,183.69
CH Gayle,2012,Royal Challengers Bangalore,14,733,451,46,59,128,162.53
CH Gayle,2013,Royal Challengers Bangalore,16,708,448,57,51,175,158.04
CH Gayle,2014,Royal Challengers Bangalore,9,196,184,18,12,46,106.52
CH Gayle,2015,Royal Challengers Bangalore,14,491,331,39,38,117,148.34
CH Gayle,2016,Royal Challengers Bangalore,10,227,150,17,21,76,151.33
CH Gayle,2017,Royal Challengers Bangalore,9,200,162,15,14,77,123.46
CH Gayle,2018,Kings XI Punjab,11,368,252,30,27,104,146.03
CH Gayle,2019,Kings XI Punjab,13,490,319,45,34,99,153.61
CH Gayle,2020,Kings XI Punjab,7,288,210,15,23,99,137.14
CH Gayle,2021,Punjab Kings,10,193,154,21,8,46,125.32
CH Morris,2013,Chennai Super Kings,6,14,16,0,0,7,87.5
CH Morris,2015,Rajasthan Royals,7,76,45,3,5,34,168.89
CH Morris,2016,Delhi Daredevils,7,195,109,15,12,82,178.9
CH Morris,2017,Delhi Daredevils,8,154,94,15,6,52,163.83
CH Morris,2018,Delhi Daredevils,3,46,26,3,2,27,176.92
CH Morris,2019,Delhi Capitals,6,32,37,1,2,17,86.49
CH Morris,2020,Royal Challengers Bangalore,5,34,21,2,3,25,161.9
CH Morris,2021,Rajasthan Royals,7,67,49,2,5,36,136.73
CJ Anderson,2014,Mumbai Indians,11,265,181,21,15,95,146.41
CJ Anderson,2015,Mumbai Indians,4,114,96,11,6,55,118.75
CJ Anderson,2017,Delhi Daredevils,11,142,122,8,9,41,116.39
CJ Anderson,2018,Royal Challengers Bangalore,3,17,22,0,1,15,77.27
CJ Ferguson,2011,Pune Warriors,4,48,54,6,0,16,88.89
CJ Ferguson,2012,Pune Warriors,4,50,63,3,0,23,79.37
CJ Jordan,2016,Royal Challengers Bangalore,1,3,4,0,0,3,75.0
CJ Jordan,2017,Sunrisers Hyderabad,1,0,1,0,0,0,0.0
CJ Jordan,2020,Kings XI Punjab,4,29,31,2,0,13,93.55
CJ Jordan,2021,Punjab Kings,2,32,21,1,3,30,152.38
CJ Jordan,2022,Chennai Super Kings,2,11,8,0,0,6,137.5
CJ Jordan,2023,Mumbai Indians,2,6,12,0,0,4,50.0
CJ McKay,2012,Mumbai Indians,1,8,15,0,0,8,53.33
CK Kapugedera,2008,Chennai Super Kings,3,16,22,0,0,8,72.73
CK Langeveldt,2010,Kolkata Knight Riders,1,0,1,0,0,0,0.0
CK Langeveldt,2011,Royal Challengers Bangalore,1,8,8,0,1,8,100.0
CL White,2008,Royal Challengers Bangalore,8,114,100,8,4,31,114.0
CL White,2010,Royal Challengers Bangalore,5,48,33,3,3,21,145.45
CL White,2011,Deccan Chargers,6,104,109,6,2,31,95.41
CL White,2012,Deccan Chargers,13,479,319,41,20,78,150.16
CL White,2013,Sunrisers Hyderabad,13,209,191,18,7,52,109.42
CM Gautam,2013,Delhi Daredevils,3,44,34,4,1,30,129.41
CM Gautam,2014,Mumbai Indians,9,121,110,13,5,33,110.0
CM Gautam,2015,Delhi Daredevils,1,4,5,0,0,4,80.0
CR Brathwaite,2016,Delhi Daredevils,6,83,38,6,8,34,218.42
CR Brathwaite,2017,Delhi Daredevils,2,12,15,2,0,11,80.0
CR Brathwaite,2018,Sunrisers Hyderabad,4,75,48,1,8,43,156.25
CR Brathwaite,2019,Kolkata Knight Riders,2,11,9,1,0,6,122.22
CR Woakes,2017,Kolkata Knight Riders,7,46,47,4,1,18,97.87
CR Woakes,2018,Royal Challengers Bangalore,4,17,19,1,1,11,89.47
CR Woakes,2021,Delhi Capitals,1,15,11,2,0,15,136.36
CRD Fernando,2008,Mumbai Indians,1,2,1,0,0,2,200.0
CRD Fernando,2010,Mumbai Indians,1,2,2,0,0,2,100.0
CV Varun,2020,Kolkata Knight Riders,3,10,15,0,0,7,66.67
CV Varun,2021,Kolkata Knight Riders,2,2,4,0,0,2,50.0
CV Varun,2022,Kolkata Knight Riders,3,12,18,2,0,10,66.67
CV Varun,2023,Kolkata Knight Riders,2,1,9,0,0,1,11.11
CV Varun,2025,Kolkata Knight Riders,1,1,1,0,0,1,100.0
D Brevis,2022,Mumbai Indians,7,161,113,14,11,49,142.48
D Brevis,2024,Mumbai Indians,3,69,59,3,5,46,116.95
D Brevis,2025,Chennai Super Kings,6,225,125,13,17,57,180.0
D Ferreira,2024,Rajasthan Royals,2,8,11,0,0,7,72.73
D Ferreira,2025,Delhi Capitals,1,1,3,0,0,1,33.33
D Kalyankrishna,2008,Deccan Chargers,1,3,8,0,0,3,37.5
D Padikkal,2020,Royal Challengers Bangalore,15,473,378,51,8,74,125.13
D Padikkal,2021,Royal Challengers Bangalore,14,411,327,44,14,101,125.69
D Padikkal,2022,Rajasthan Royals,17,376,305,41,14,54,123.28
D Padikkal,2023,Rajasthan Royals,11,261,200,31,6,52,130.5
D Padikkal,2024,Lucknow Super Giants,7,38,52,3,0,13,73.08
D Padikkal,2025,Royal Challengers Bengaluru,10,247,163,22,14,61,151.53
D Pretorius,2022,Chennai Super Kings,5,44,28,3,3,22,157.14
D Salunkhe,2008,Rajasthan Royals,3,33,24,5,0,26,137.5
D Wiese,2015,Royal Challengers Bangalore,7,122,85,12,4,47,143.53
D Wiese,2016,Royal Challengers Bangalore,1,5,4,0,0,5,125.0
D Wiese,2023,Kolkata Knight Riders,3,21,11,0,3,12,190.91
D du Preez,2009,Royal Challengers Bangalore,1,10,13,0,0,10,76.92
DA Miller,2012,Kings XI Punjab,6,98,75,6,4,34,130.67
DA Miller,2013,Kings XI Punjab,12,418,253,28,24,101,165.22
DA Miller,2014,Kings XI Punjab,16,446,299,34,21,66,149.16
DA Miller,2015,Kings XI Punjab,13,357,266,21,21,89,134.21
DA Miller,2016,Kings XI Punjab,13,161,130,11,4,31,123.85
DA Miller,2017,Kings XI Punjab,4,83,78,4,4,30,106.41
DA Miller,2018,Kings XI Punjab,3,74,63,3,2,26,117.46
DA Miller,2019,Kings XI Punjab,10,213,163,19,7,59,130.67
DA Miller,2021,Rajasthan Royals,8,124,113,11,3,62,109.73
DA Miller,2022,Gujarat Titans,16,481,335,32,23,94,143.58
DA Miller,2023,Gujarat Titans,13,259,178,18,13,46,145.51
DA Miller,2024,Gujarat Titans,9,210,139,20,8,55,151.08
DA Miller,2025,Lucknow Super Giants,10,153,119,13,4,27,128.57
DA Warner,2009,Delhi Daredevils,7,163,132,16,5,51,123.48
DA Warner,2010,Delhi Daredevils,11,282,189,27,14,107,149.21
DA Warner,2011,Delhi Daredevils,13,324,275,34,11,77,117.82
DA Warner,2012,Delhi Daredevils,8,256,155,28,14,109,165.16
DA Warner,2013,Delhi Daredevils,16,410,323,41,14,77,126.93
DA Warner,2014,Sunrisers Hyderabad,14,528,371,39,24,90,142.32
DA Warner,2015,Sunrisers Hyderabad,14,562,356,65,21,91,157.87
DA Warner,2016,Sunrisers Hyderabad,17,848,558,88,31,93,151.97
DA Warner,2017,Sunrisers Hyderabad,14,641,449,63,26,126,142.76
DA Warner,2019,Sunrisers Hyderabad,12,692,481,57,21,100,143.87
DA Warner,2020,Sunrisers Hyderabad,16,548,405,52,14,85,135.31
DA Warner,2021,Sunrisers Hyderabad,8,195,181,15,6,57,107.73
DA Warner,2022,Delhi Capitals,12,432,285,52,15,92,151.58
DA Warner,2023,Delhi Capitals,14,516,391,69,10,86,131.97
DA Warner,2024,Delhi Capitals,8,168,124,17,10,52,135.48
DAJ Bracewell,2012,Delhi Daredevils,1,12,9,1,0,12,133.33
DB Das,2008,Kolkata Knight Riders,6,103,94,9,5,31,109.57
DB Das,2012,Kolkata Knight Riders,10,126,92,9,6,35,136.96
DB Das,2013,Kolkata Knight Riders,6,75,74,5,5,23,101.35
DB Ravi Teja,2008,Deccan Chargers,6,109,81,10,5,40,134.57
DB Ravi Teja,2009,Deccan Chargers,6,65,70,7,0,27,92.86
DB Ravi Teja,2011,Deccan Chargers,9,183,143,17,4,60,127.97
DB Ravi Teja,2012,Deccan Chargers,2,4,4,1,0,4,100.0
DB Ravi Teja,2013,Sunrisers Hyderabad,2,14,17,0,0,10,82.35
DE Bollinger,2010,Chennai Super Kings,2,18,16,1,1,16,112.5
DE Bollinger,2011,Chennai Super Kings,1,0,1,0,0,0,0.0
DE Bollinger,2012,Chennai Super Kings,1,3,5,0,0,3,60.0
DG Nalkande,2023,Gujarat Titans,1,0,1,0,0,0,0.0
DG Nalkande,2024,Gujarat Titans,1,12,11,0,1,12,109.09
DH Yagnik,2011,Rajasthan Royals,4,16,21,1,0,10,76.19
DH Yagnik,2012,Rajasthan Royals,3,25,13,5,0,10,192.31
DH Yagnik,2013,Rajasthan Royals,9,125,93,17,2,34,134.41
DH Yagnik,2014,Rajasthan Royals,1,4,6,0,0,4,66.67
DJ Bravo,2008,Mumbai Indians,7,178,131,19,5,64,135.88
DJ Bravo,2009,Mumbai Indians,10,218,201,15,8,70,108.46
DJ Bravo,2010,Mumbai Indians,8,61,53,3,4,23,115.09
DJ Bravo,2011,Chennai Super Kings,2,11,6,1,1,6,183.33
DJ Bravo,2012,Chennai Super Kings,16,371,262,20,20,48,141.6
DJ Bravo,2013,Chennai Super Kings,12,121,106,11,3,23,114.15
DJ Bravo,2014,Chennai Super Kings,1,8,3,0,1,8,266.67
DJ Bravo,2015,Chennai Super Kings,13,195,148,22,5,62,131.76
DJ Bravo,2016,Gujarat Lions,12,99,82,11,1,22,120.73
DJ Bravo,2018,Chennai Super Kings,10,141,90,8,10,68,156.67
DJ Bravo,2019,Chennai Super Kings,8,80,66,6,3,27,121.21
DJ Bravo,2020,Chennai Super Kings,2,7,6,0,0,7,116.67
DJ Bravo,2021,Chennai Super Kings,3,47,18,3,4,23,261.11
DJ Bravo,2022,Chennai Super Kings,6,23,24,1,1,12,95.83
DJ Harris,2012,Deccan Chargers,4,111,101,11,5,47,109.9
DJ Hooda,2015,Rajasthan Royals,9,151,95,6,11,54,158.95
DJ Hooda,2016,Sunrisers Hyderabad,15,144,119,9,5,34,121.01
DJ Hooda,2017,Sunrisers Hyderabad,6,78,52,5,4,19,150.0
DJ Hooda,2018,Sunrisers Hyderabad,8,87,81,2,3,32,107.41
DJ Hooda,2019,Sunrisers Hyderabad,7,64,63,5,1,20,101.59
DJ Hooda,2020,Kings XI Punjab,5,101,71,5,5,62,142.25
DJ Hooda,2021,Punjab Kings,11,160,121,9,9,64,132.23
DJ Hooda,2022,Lucknow Super Giants,14,451,329,36,18,59,137.08
DJ Hooda,2023,Lucknow Super Giants,12,84,90,3,2,17,93.33
DJ Hooda,2024,Lucknow Super Giants,9,145,105,16,3,50,138.1
DJ Hooda,2025,Chennai Super Kings,5,31,40,2,1,22,77.5
DJ Hussey,2008,Kolkata Knight Riders,13,319,258,19,17,71,123.64
DJ Hussey,2009,Kolkata Knight Riders,4,98,57,7,6,43,171.93
DJ Hussey,2010,Kolkata Knight Riders,6,94,85,5,5,31,110.59
DJ Hussey,2011,Kings XI Punjab,8,64,63,3,3,21,101.59
DJ Hussey,2012,Kings XI Punjab,15,396,305,28,17,68,129.84
DJ Hussey,2013,Kings XI Punjab,11,235,208,20,6,41,112.98
DJ Hussey,2014,Chennai Super Kings,4,116,94,8,6,50,123.4
DJ Jacobs,2011,Mumbai Indians,6,92,88,10,4,32,104.55
DJ Jacobs,2012,Mumbai Indians,1,0,10,0,0,0,0.0
DJ Malan,2021,Punjab Kings,1,26,26,1,1,26,100.0
DJ Mitchell,2022,Rajasthan Royals,2,33,44,1,0,17,75.0
DJ Mitchell,2024,Chennai Super Kings,13,318,223,27,10,63,142.6
DJ Muthuswami,2015,Delhi Daredevils,1,1,3,0,0,1,33.33
DJ Thornely,2008,Mumbai Indians,4,39,53,2,2,30,73.58
DJ Willey,2022,Royal Challengers Bangalore,2,18,30,3,0,18,60.0
DJ Willey,2023,Royal Challengers Bangalore,3,35,32,4,0,20,109.38
DJG Sammy,2013,Sunrisers Hyderabad,9,174,132,11,10,60,131.82
DJG Sammy,2014,Sunrisers Hyderabad,9,108,91,4,8,29,118.68
DJG Sammy,2015,Royal Challengers Bangalore,2,13,18,0,0,7,72.22
DJM Short,2018,Rajasthan Royals,7,115,99,11,5,44,116.16
DL Chahar,2017,Rising Pune Supergiant,1,14,6,0,2,14,233.33
DL Chahar,2018,Chennai Super Kings,4,50,29,1,4,39,172.41
DL Chahar,2019,Chennai Super Kings,2,7,9,1,0,7,77.78
DL Chahar,2020,Chennai Super Kings,3,7,12,0,0,5,58.33
DL Chahar,2021,Chennai Super Kings,1,1,1,0,0,1,100.0
DL Chahar,2023,Chennai Super Kings,1,1,2,0,0,1,50.0
DL Chahar,2025,Mumbai Indians,4,37,25,3,2,28,148.0
DL Vettori,2009,Delhi Daredevils,3,34,31,3,0,29,109.68
DL Vettori,2010,Delhi Daredevils,3,33,27,4,0,19,122.22
DL Vettori,2011,Royal Challengers Bangalore,4,23,28,1,1,18,82.14
DL Vettori,2012,Royal Challengers Bangalore,6,31,26,3,1,20,119.23
DM Bravo,2017,Kolkata Knight Riders,1,6,5,1,0,6,120.0
DNT Zoysa,2008,Deccan Chargers,2,11,9,1,0,10,122.22
DP Conway,2022,Chennai Super Kings,7,252,172,23,12,87,146.51
DP Conway,2023,Chennai Super Kings,15,672,479,77,18,92,140.29
DP Conway,2025,Chennai Super Kings,6,156,119,17,4,69,131.09
DP Nannes,2010,Delhi Daredevils,2,4,13,0,0,3,30.77
DP Vijaykumar,2008,Deccan Chargers,1,1,1,0,0,1,100.0
DPMD Jayawardene,2008,Kings XI Punjab,12,179,131,15,7,45,136.64
DPMD Jayawardene,2009,Kings XI Punjab,10,219,165,17,7,52,132.73
DPMD Jayawardene,2010,Kings XI Punjab,13,439,297,55,11,110,147.81
DPMD Jayawardene,2011,Kochi Tuskers Kerala,13,299,257,35,5,76,116.34
DPMD Jayawardene,2012,Delhi Daredevils,15,335,298,39,3,56,112.42
DPMD Jayawardene,2013,Delhi Daredevils,15,331,312,39,6,66,106.09
DR Martyn,2010,Rajasthan Royals,1,19,24,1,0,19,79.17
DR Sams,2020,Delhi Capitals,1,0,2,0,0,0,0.0
DR Sams,2021,Royal Challengers Bangalore,2,6,6,0,0,3,100.0
DR Sams,2022,Mumbai Indians,10,38,36,1,3,15,105.56
DR Shorey,2018,Chennai Super Kings,1,8,9,0,1,8,88.89
DR Shorey,2019,Chennai Super Kings,1,5,8,0,0,5,62.5
DR Smith,2008,Mumbai Indians,3,45,40,5,1,20,112.5
DR Smith,2009,Deccan Chargers,8,215,131,12,15,49,164.12
DR Smith,2010,Deccan Chargers,3,22,25,1,1,13,88.0
DR Smith,2012,Mumbai Indians,6,157,97,18,7,87,161.86
DR Smith,2013,Mumbai Indians,13,418,340,40,19,68,122.94
DR Smith,2014,Chennai Super Kings,16,566,415,50,34,79,136.39
DR Smith,2015,Chennai Super Kings,16,399,331,52,16,62,120.54
DR Smith,2016,Gujarat Lions,12,324,220,35,16,73,147.27
DR Smith,2017,Gujarat Lions,11,239,156,32,8,74,153.21
DS Kulkarni,2008,Mumbai Indians,1,2,16,0,0,2,12.5
DS Kulkarni,2009,Mumbai Indians,3,9,17,0,0,7,52.94
DS Kulkarni,2011,Mumbai Indians,1,2,4,0,0,2,50.0
DS Kulkarni,2012,Mumbai Indians,1,10,5,2,0,10,200.0
DS Kulkarni,2014,Rajasthan Royals,2,35,25,1,2,28,140.0
DS Kulkarni,2015,Rajasthan Royals,2,4,11,0,0,3,36.36
DS Kulkarni,2016,Gujarat Lions,5,27,16,3,0,10,168.75
DS Kulkarni,2017,Gujarat Lions,1,1,2,0,0,1,50.0
DS Kulkarni,2018,Rajasthan Royals,2,6,7,0,0,3,85.71
DS Kulkarni,2019,Rajasthan Royals,1,5,3,1,0,5,166.67
DS Kulkarni,2020,Mumbai Indians,1,3,2,0,0,3,150.0
DS Lehmann,2008,Rajasthan Royals,2,18,18,3,0,17,100.0
DS Rathi,2025,Lucknow Super Giants,1,1,3,0,0,1,33.33
DT Christian,2011,Deccan Chargers,13,190,157,9,7,30,121.02
DT Christian,2012,Deccan Chargers,7,145,118,8,6,39,122.88
DT Christian,2013,Royal Challengers Bangalore,2,6,15,0,0,4,40.0
DT Christian,2017,Rising Pune Supergiant,9,79,49,5,5,17,161.22
DT Christian,2018,Delhi Daredevils,3,26,32,0,1,13,81.25
DT Christian,2021,Royal Challengers Bangalore,7,14,23,1,0,9,60.87
DT Patil,2008,Royal Challengers Bangalore,2,13,13,1,0,9,100.0
DW Steyn,2008,Royal Challengers Bangalore,2,2,5,0,0,1,40.0
DW Steyn,2009,Royal Challengers Bangalore,1,0,3,0,0,0,0.0
DW Steyn,2010,Royal Challengers Bangalore,4,13,17,2,0,8,76.47
DW Steyn,2011,Deccan Chargers,5,36,35,3,0,13,102.86
DW Steyn,2012,Deccan Chargers,5,19,21,0,1,7,90.48
DW Steyn,2013,Sunrisers Hyderabad,8,53,36,5,2,18,147.22
DW Steyn,2014,Sunrisers Hyderabad,3,22,26,1,0,12,84.62
DW Steyn,2015,Sunrisers Hyderabad,3,20,13,3,0,19,153.85
DW Steyn,2016,Gujarat Lions,1,1,2,0,0,1,50.0
DW Steyn,2020,Royal Challengers Bangalore,1,1,2,0,0,1,50.0
Dhruv Jurel,2023,Rajasthan Royals,11,152,88,11,9,34,172.73
Dhruv Jurel,2024,Rajasthan Royals,11,195,141,18,7,56,138.3
Dhruv Jurel,2025,Rajasthan Royals,13,333,213,22,22,70,156.34
E Lewis,2018,Mumbai Indians,13,382,276,32,24,65,138.41
E Lewis,2019,Mumbai Indians,3,48,52,4,2,32,92.31
E Lewis,2021,Rajasthan Royals,5,151,93,18,7,58,162.37
E Lewis,2022,Lucknow Super Giants,5,73,56,8,3,55,130.36
EJG Morgan,2010,Royal Challengers Bangalore,4,35,30,2,1,17,116.67
EJG Morgan,2011,Kolkata Knight Riders,9,137,117,17,3,66,117.09
EJG Morgan,2013,Kolkata Knight Riders,13,307,240,28,13,51,127.92
EJG Morgan,2015,Sunrisers Hyderabad,9,187,151,11,11,63,123.84
EJG Morgan,2016,Sunrisers Hyderabad,6,123,105,8,4,51,117.14
EJG Morgan,2017,Kings XI Punjab,4,65,62,6,2,26,104.84
EJG Morgan,2020,Kolkata Knight Riders,14,418,301,32,24,68,138.87
EJG Morgan,2021,Kolkata Knight Riders,15,133,139,8,6,47,95.68
ER Dwivedi,2016,Gujarat Lions,2,24,14,2,2,19,171.43
F Behardien,2016,Kings XI Punjab,3,14,13,2,0,9,107.69
F du Plessis,2012,Chennai Super Kings,12,398,303,29,17,73,131.35
F du Plessis,2014,Chennai Super Kings,12,303,235,26,7,54,128.94
F du Plessis,2015,Chennai Super Kings,15,380,304,37,5,55,125.0
F du Plessis,2016,Rising Pune Supergiants,6,206,162,17,9,69,127.16
F du Plessis,2017,Rising Pune Supergiant,1,8,7,1,0,8,114.29
F du Plessis,2018,Chennai Super Kings,6,162,128,17,6,67,126.56
F du Plessis,2019,Chennai Super Kings,12,396,321,36,15,96,123.36
F du Plessis,2020,Chennai Super Kings,13,449,319,42,14,87,140.75
F du Plessis,2021,Chennai Super Kings,16,633,456,61,23,95,138.82
F du Plessis,2022,Royal Challengers Bangalore,16,468,367,49,13,96,127.52
F du Plessis,2023,Royal Challengers Bangalore,14,730,472,60,36,84,154.66
F du Plessis,2024,Royal Challengers Bengaluru,15,438,271,47,21,64,161.62
F du Plessis,2025,Delhi Capitals,9,202,161,18,8,62,125.47
FA Allen,2021,Punjab Kings,2,6,11,0,0,6,54.55
FA Allen,2022,Mumbai Indians,1,8,7,1,0,8,114.29
FH Edwards,2009,Deccan Chargers,2,4,5,0,0,3,80.0
FY Fazal,2010,Rajasthan Royals,9,164,153,19,1,45,107.19
FY Fazal,2011,Rajasthan Royals,2,19,19,3,0,16,100.0
Fazalhaq Farooqi,2022,Sunrisers Hyderabad,1,2,8,0,0,2,25.0
Fazalhaq Farooqi,2023,Sunrisers Hyderabad,1,1,5,0,0,1,20.0
Fazalhaq Farooqi,2025,Rajasthan Royals,1,2,2,0,0,2,100.0
G Coetzee,2024,Mumbai Indians,5,14,22,0,1,8,63.64
G Coetzee,2025,Gujarat Titans,2,17,10,2,1,12,170.0
G Gambhir,2008,Delhi Daredevils,14,534,378,68,8,86,141.27
G Gambhir,2009,Delhi Daredevils,15,286,276,32,2,71,103.62
G Gambhir,2010,Delhi Daredevils,10,277,217,32,2,72,127.65
G Gambhir,2011,Kolkata Knight Riders,15,378,314,44,3,75,120.38
G Gambhir,2012,Kolkata Knight Riders,17,590,411,64,17,93,143.55
G Gambhir,2013,Kolkata Knight Riders,15,406,342,51,5,60,118.71
G Gambhir,2014,Kolkata Knight Riders,16,335,290,36,4,69,115.52
G Gambhir,2015,Kolkata Knight Riders,13,327,278,41,4,60,117.63
G Gambhir,2016,Kolkata Knight Riders,15,501,411,54,6,90,121.9
G Gambhir,2017,Kolkata Knight Riders,16,498,389,62,7,76,128.02
G Gambhir,2018,Delhi Daredevils,5,85,88,8,1,55,96.59
GB Hogg,2012,Rajasthan Royals,2,15,16,1,0,13,93.75
GB Hogg,2015,Kolkata Knight Riders,2,7,6,0,0,5,116.67
GC Smith,2008,Rajasthan Royals,11,441,361,54,8,91,122.16
GC Smith,2009,Rajasthan Royals,12,212,213,27,1,77,99.53
GC Smith,2010,Rajasthan Royals,2,44,39,7,0,26,112.82
GC Smith,2011,Pune Warriors,4,42,51,6,0,24,82.35
GC Viljoen,2019,Kings XI Punjab,3,3,7,0,0,2,42.86
GD McGrath,2008,Delhi Daredevils,2,4,5,1,0,4,80.0
GD Phillips,2021,Rajasthan Royals,3,26,32,1,2,14,81.25
GD Phillips,2023,Sunrisers Hyderabad,5,39,22,2,4,25,177.27
GH Vihari,2013,Sunrisers Hyderabad,17,241,277,17,1,46,87.0
GH Vihari,2015,Sunrisers Hyderabad,4,39,34,6,0,16,114.71
GH Vihari,2019,Delhi Capitals,2,4,8,0,0,2,50.0
GHS Garton,2021,Royal Challengers Bangalore,2,2,4,0,0,2,50.0
GJ Bailey,2009,Chennai Super Kings,2,45,39,7,0,30,115.38
GJ Bailey,2010,Chennai Super Kings,1,18,27,2,0,18,66.67
GJ Bailey,2014,Kings XI Punjab,16,257,188,19,10,40,136.7
GJ Bailey,2015,Kings XI Punjab,12,259,190,22,7,61,136.32
GJ Bailey,2016,Rising Pune Supergiants,5,84,97,9,2,34,86.6
GJ Maxwell,2012,Delhi Daredevils,2,6,11,0,0,3,54.55
GJ Maxwell,2013,Mumbai Indians,3,36,27,1,4,23,133.33
GJ Maxwell,2014,Kings XI Punjab,16,552,291,48,36,95,189.69
GJ Maxwell,2015,Kings XI Punjab,11,145,112,13,8,43,129.46
GJ Maxwell,2016,Kings XI Punjab,10,179,124,14,8,68,144.35
GJ Maxwell,2017,Kings XI Punjab,13,310,178,20,26,47,174.16
GJ Maxwell,2018,Delhi Daredevils,12,169,120,14,9,47,140.83
GJ Maxwell,2020,Kings XI Punjab,11,108,105,9,0,32,102.86
GJ Maxwell,2021,Royal Challengers Bangalore,14,513,354,48,21,78,144.92
GJ Maxwell,2022,Royal Challengers Bangalore,13,301,177,31,15,55,170.06
GJ Maxwell,2023,Royal Challengers Bangalore,14,400,218,29,31,77,183.49
GJ Maxwell,2024,Royal Challengers Bengaluru,9,52,43,6,2,28,120.93
GJ Maxwell,2025,Punjab Kings,6,48,49,5,1,30,97.96
GR Napier,2009,Mumbai Indians,1,15,16,1,0,15,93.75
Gulbadin Naib,2024,Delhi Capitals,1,19,15,1,1,19,126.67
Gurkeerat Singh,2012,Kings XI Punjab,4,86,52,12,2,29,165.38
Gurkeerat Singh,2013,Kings XI Punjab,9,108,95,10,3,31,113.68
Gurkeerat Singh,2015,Kings XI Punjab,5,35,39,3,1,15,89.74
Gurkeerat Singh,2016,Kings XI Punjab,6,113,86,11,3,51,131.4
Gurkeerat Singh,2019,Royal Challengers Bangalore,3,98,70,11,2,65,140.0
Gurkeerat Singh,2020,Royal Challengers Bangalore,5,71,80,8,0,21,88.75
H Das,2008,Deccan Chargers,1,2,5,0,0,2,40.0
H Klaasen,2018,Rajasthan Royals,4,57,47,5,1,32,121.28
H Klaasen,2019,Royal Challengers Bangalore,2,9,9,0,0,6,100.0
H Klaasen,2023,Sunrisers Hyderabad,11,448,251,32,25,104,178.49
H Klaasen,2024,Sunrisers Hyderabad,15,479,277,19,38,80,172.92
H Klaasen,2025,Sunrisers Hyderabad,13,487,279,42,25,105,174.55
HC Brook,2023,Sunrisers Hyderabad,11,190,153,23,4,100,124.18
HE van der Dussen,2022,Rajasthan Royals,3,22,24,2,0,12,91.67
HF Gurney,2019,Kolkata Knight Riders,1,1,5,0,0,1,20.0
HH Gibbs,2008,Deccan Chargers,9,167,153,17,8,47,109.15
HH Gibbs,2009,Deccan Chargers,14,371,330,32,12,69,112.42
HH Gibbs,2010,Deccan Chargers,10,267,234,26,9,50,114.1
HH Gibbs,2012,Mumbai Indians,3,81,88,8,2,66,92.05
HH Pandya,2015,Mumbai Indians,8,112,60,9,8,61,186.67
HH Pandya,2016,Mumbai Indians,9,44,63,4,0,9,69.84
HH Pandya,2017,Mumbai Indians,16,250,159,11,20,35,157.23
HH Pandya,2018,Mumbai Indians,13,260,195,20,11,50,133.33
HH Pandya,2019,Mumbai Indians,15,402,209,28,29,91,192.34
HH Pandya,2020,Mumbai Indians,13,281,155,14,25,60,181.29
HH Pandya,2021,Mumbai Indians,11,127,111,11,5,40,114.41
HH Pandya,2022,Gujarat Titans,15,487,370,49,12,87,131.62
HH Pandya,2023,Gujarat Titans,15,346,251,26,15,66,137.85
HH Pandya,2024,Mumbai Indians,13,216,151,17,11,46,143.05
HH Pandya,2025,Mumbai Indians,12,224,137,18,13,48,163.5
HM Amla,2016,Kings XI Punjab,6,157,119,20,4,96,131.93
HM Amla,2017,Kings XI Punjab,10,420,287,40,17,104,146.34
HR Shokeen,2022,Mumbai Indians,2,43,48,5,0,25,89.58
HR Shokeen,2023,Mumbai Indians,3,23,17,4,0,18,135.29
HV Patel,2012,Royal Challengers Bangalore,3,15,15,1,0,10,100.0
HV Patel,2014,Royal Challengers Bangalore,3,13,7,1,1,6,185.71
HV Patel,2015,Royal Challengers Bangalore,6,19,12,0,2,9,158.33
HV Patel,2018,Delhi Daredevils,2,60,33,1,6,36,181.82
HV Patel,2019,Delhi Capitals,1,0,2,0,0,0,0.0
HV Patel,2020,Delhi Capitals,2,21,24,2,0,16,87.5
HV Patel,2021,Royal Challengers Bangalore,7,59,46,6,2,31,128.26
HV Patel,2022,Royal Challengers Bangalore,7,43,39,4,2,11,110.26
HV Patel,2023,Royal Challengers Bangalore,2,6,6,0,1,6,100.0
HV Patel,2024,Punjab Kings,4,13,19,1,1,12,68.42
HV Patel,2025,Sunrisers Hyderabad,4,21,26,0,0,12,80.77
Harbhajan Singh,2008,Mumbai Indians,3,30,17,1,3,28,176.47
Harbhajan Singh,2009,Mumbai Indians,10,84,53,6,5,20,158.49
Harbhajan Singh,2010,Mumbai Indians,7,105,60,12,5,49,175.0
Harbhajan Singh,2011,Mumbai Indians,8,103,71,9,6,30,145.07
Harbhajan Singh,2012,Mumbai Indians,11,108,80,14,3,33,135.0
Harbhajan Singh,2013,Mumbai Indians,13,116,79,12,5,25,146.84
Harbhajan Singh,2014,Mumbai Indians,7,28,25,2,2,10,112.0
Harbhajan Singh,2015,Mumbai Indians,9,117,72,9,9,64,162.5
Harbhajan Singh,2016,Mumbai Indians,7,92,84,11,2,45,109.52
Harbhajan Singh,2017,Mumbai Indians,7,16,16,0,1,7,100.0
Harbhajan Singh,2018,Chennai Super Kings,3,29,35,3,1,19,82.86
Harbhajan Singh,2019,Chennai Super Kings,1,1,3,0,0,1,33.33
Harbhajan Singh,2021,Kolkata Knight Riders,2,4,4,0,0,2,100.0
Harmeet Singh,2010,Deccan Chargers,1,0,1,0,0,0,0.0
Harmeet Singh,2012,Kings XI Punjab,2,15,7,3,0,14,214.29
Harmeet Singh,2013,Kings XI Punjab,1,3,4,0,0,3,75.0
Harpreet Brar,2019,Kings XI Punjab,1,20,12,2,1,20,166.67
Harpreet Brar,2021,Punjab Kings,5,64,58,3,2,25,110.34
Harpreet Brar,2022,Punjab Kings,3,22,25,1,2,14,88.0
Harpreet Brar,2023,Punjab Kings,8,52,41,5,2,17,126.83
Harpreet Brar,2024,Punjab Kings,7,75,54,8,2,29,138.89
Harpreet Brar,2025,Punjab Kings,2,11,13,0,1,7,84.62
Harpreet Singh,2011,Pune Warriors,2,14,20,0,0,13,70.0
Harpreet Singh,2012,Pune Warriors,1,6,6,0,0,6,100.0
Harpreet Singh,2023,Punjab Kings,3,76,58,8,3,41,131.03
Harpreet Singh,2024,Punjab Kings,2,27,34,2,0,14,79.41
Harshit Rana,2022,Kolkata Knight Riders,2,2,2,0,0,2,100.0
Harshit Rana,2023,Kolkata Knight Riders,1,0,1,0,0,0,0.0
Harshit Rana,2025,Kolkata Knight Riders,7,57,52,5,3,34,109.62
I Malhotra,2011,Deccan Chargers,1,7,4,1,0,7,175.0
I Sharma,2008,Kolkata Knight Riders,5,11,11,1,0,4,100.0
I Sharma,2009,Kolkata Knight Riders,3,16,13,1,1,9,123.08
I Sharma,2010,Kolkata Knight Riders,2,6,17,0,0,6,35.29
I Sharma,2011,Deccan Chargers,4,4,5,0,0,1,80.0
I Sharma,2017,Kings XI Punjab,3,8,12,1,0,5,66.67
I Sharma,2019,Delhi Capitals,1,10,3,1,1,10,333.33
I Sharma,2023,Delhi Capitals,1,1,1,0,0,1,100.0
I Sharma,2024,Delhi Capitals,2,1,7,0,0,1,14.29
I Udana,2020,Royal Challengers Bangalore,4,15,11,1,1,10,136.36
IC Pandey,2013,Pune Warriors,1,0,2,0,0,0,0.0
IK Pathan,2008,Kings XI Punjab,10,131,115,9,6,40,113.91
IK Pathan,2009,Kings XI Punjab,12,196,158,17,6,39,124.05
IK Pathan,2010,Kings XI Punjab,13,276,186,21,10,60,148.39
IK Pathan,2011,Delhi Daredevils,12,150,137,12,6,44,109.49
IK Pathan,2012,Delhi Daredevils,12,176,126,14,6,42,139.68
IK Pathan,2013,Delhi Daredevils,13,142,151,9,3,24,94.04
IK Pathan,2014,Sunrisers Hyderabad,6,55,54,5,0,23,101.85
IK Pathan,2016,Rising Pune Supergiants,3,11,13,0,0,7,84.62
IK Pathan,2017,Gujarat Lions,1,2,3,0,0,2,66.67
IR Jaggi,2011,Deccan Chargers,2,28,37,3,0,25,75.68
IR Jaggi,2012,Deccan Chargers,3,15,21,0,0,10,71.43
IR Jaggi,2017,Kolkata Knight Riders,2,33,39,3,0,28,84.62
IS Sodhi,2018,Rajasthan Royals,1,1,6,0,0,1,16.67
IS Sodhi,2019,Rajasthan Royals,1,6,11,0,0,6,54.55
Imran Tahir,2014,Delhi Daredevils,2,8,10,2,0,4,80.0
Imran Tahir,2015,Delhi Daredevils,2,5,6,0,0,3,83.33
Imran Tahir,2016,Delhi Daredevils,1,5,7,1,0,5,71.43
Imran Tahir,2017,Rising Pune Supergiant,1,0,2,0,0,0,0.0
Imran Tahir,2018,Chennai Super Kings,1,2,2,0,0,2,100.0
Imran Tahir,2020,Chennai Super Kings,1,13,10,2,0,13,130.0
Iqbal Abdulla,2008,Kolkata Knight Riders,1,1,2,0,0,1,50.0
Iqbal Abdulla,2010,Kolkata Knight Riders,1,0,1,0,0,0,0.0
Iqbal Abdulla,2011,Kolkata Knight Riders,2,15,12,1,0,12,125.0
Iqbal Abdulla,2012,Kolkata Knight Riders,2,2,3,0,0,1,66.67
Iqbal Abdulla,2013,Kolkata Knight Riders,2,8,14,0,0,6,57.14
Iqbal Abdulla,2015,Royal Challengers Bangalore,2,20,17,4,0,20,117.65
Iqbal Abdulla,2016,Royal Challengers Bangalore,2,37,26,4,1,33,142.31
Iqbal Abdulla,2017,Royal Challengers Bangalore,1,5,7,0,0,5,71.43
Ishan Kishan,2016,Gujarat Lions,5,42,41,5,0,27,102.44
Ishan Kishan,2017,Gujarat Lions,10,277,205,29,13,61,135.12
Ishan Kishan,2018,Mumbai Indians,12,275,184,22,17,62,149.46
Ishan Kishan,2019,Mumbai Indians,6,101,100,8,4,28,101.0
Ishan Kishan,2020,Mumbai Indians,13,516,353,36,30,99,146.18
Ishan Kishan,2021,Mumbai Indians,10,241,177,21,10,84,136.16
Ishan Kishan,2022,Mumbai Indians,14,418,346,45,11,81,120.81
Ishan Kishan,2023,Mumbai Indians,15,454,318,54,18,75,142.77
Ishan Kishan,2024,Mumbai Indians,14,320,214,35,16,69,149.53
Ishan Kishan,2025,Sunrisers Hyderabad,13,354,231,33,15,106,153.25
J Arunkumar,2008,Royal Challengers Bangalore,3,23,23,5,0,22,100.0
J Botha,2009,Rajasthan Royals,3,47,39,5,0,37,120.51
J Botha,2011,Rajasthan Royals,9,230,198,20,2,67,116.16
J Botha,2012,Rajasthan Royals,7,58,54,4,1,14,107.41
J Botha,2013,Delhi Daredevils,6,43,52,5,1,23,82.69
J Botha,2015,Kolkata Knight Riders,3,31,15,5,1,17,206.67
J Fraser-McGurk,2024,Delhi Capitals,9,330,139,32,28,84,237.41
J Fraser-McGurk,2025,Delhi Capitals,6,55,52,7,2,38,105.77
J Overton,2025,Chennai Super Kings,2,15,7,1,1,11,214.29
J Suchith,2015,Mumbai Indians,5,48,32,4,2,34,150.0
J Suchith,2019,Delhi Capitals,1,6,15,0,0,6,40.0
J Suchith,2021,Sunrisers Hyderabad,1,14,6,2,1,14,233.33
J Suchith,2022,Sunrisers Hyderabad,2,2,8,0,0,2,25.0
J Syed Mohammad,2011,Royal Challengers Bangalore,2,15,12,2,0,13,125.0
J Syed Mohammad,2012,Royal Challengers Bangalore,1,4,1,1,0,4,400.0
J Syed Mohammad,2013,Royal Challengers Bangalore,2,10,13,1,0,9,76.92
J Theron,2010,Kings XI Punjab,2,2,5,0,0,2,40.0
J Theron,2012,Deccan Chargers,1,7,6,1,0,7,116.67
J Theron,2015,Rajasthan Royals,1,1,1,0,0,1,100.0
J Yadav,2016,Delhi Daredevils,2,6,10,0,0,5,60.0
J Yadav,2021,Mumbai Indians,2,34,26,2,1,23,130.77
JA Morkel,2008,Chennai Super Kings,10,241,162,18,14,71,148.77
JA Morkel,2009,Chennai Super Kings,10,97,70,8,4,21,138.57
JA Morkel,2010,Chennai Super Kings,11,198,130,10,13,62,152.31
JA Morkel,2011,Chennai Super Kings,12,138,100,8,8,30,138.0
JA Morkel,2012,Chennai Super Kings,12,107,68,5,6,28,157.35
JA Morkel,2013,Chennai Super Kings,3,46,37,2,3,23,124.32
JA Morkel,2014,Royal Challengers Bangalore,5,45,41,1,3,16,109.76
JA Morkel,2015,Delhi Daredevils,3,86,65,9,2,73,132.31
JA Morkel,2016,Rising Pune Supergiants,1,16,9,0,2,16,177.78
JA Richardson,2021,Punjab Kings,2,15,24,2,0,15,62.5
JA Richardson,2024,Delhi Capitals,1,2,2,0,0,2,100.0
JC Archer,2018,Rajasthan Royals,6,15,19,2,0,8,78.95
JC Archer,2019,Rajasthan Royals,5,67,40,4,4,27,167.5
JC Archer,2020,Rajasthan Royals,10,113,60,5,10,27,188.33
JC Archer,2023,Mumbai Indians,2,4,4,0,0,3,100.0
JC Archer,2025,Rajasthan Royals,7,63,50,3,4,30,126.0
JC Buttler,2016,Mumbai Indians,14,255,183,23,11,41,139.34
JC Buttler,2017,Mumbai Indians,10,272,177,27,15,77,153.67
JC Buttler,2018,Rajasthan Royals,13,548,352,52,21,95,155.68
JC Buttler,2019,Rajasthan Royals,8,311,205,38,14,89,151.71
JC Buttler,2020,Rajasthan Royals,12,328,227,27,16,70,144.49
JC Buttler,2021,Rajasthan Royals,7,254,164,27,13,124,154.88
JC Buttler,2022,Rajasthan Royals,17,863,574,84,45,116,150.35
JC Buttler,2023,Rajasthan Royals,14,392,281,42,14,95,139.5
JC Buttler,2024,Rajasthan Royals,11,359,254,36,12,107,141.34
JC Buttler,2025,Gujarat Titans,13,538,330,52,24,97,163.03
JD Ryder,2009,Royal Challengers Bangalore,5,56,48,9,0,32,116.67
JD Ryder,2011,Pune Warriors,13,292,196,37,11,60,148.98
JD Ryder,2012,Pune Warriors,11,256,211,23,8,86,121.33
JD Unadkat,2013,Royal Challengers Bangalore,2,2,2,0,0,1,100.0
JD Unadkat,2014,Delhi Daredevils,2,1,6,0,0,1,16.67
JD Unadkat,2017,Rising Pune Supergiant,1,2,5,0,0,2,40.0
JD Unadkat,2018,Rajasthan Royals,5,49,38,6,1,26,128.95
JD Unadkat,2019,Rajasthan Royals,2,1,3,0,0,1,33.33
JD Unadkat,2020,Rajasthan Royals,1,9,13,0,0,9,69.23
JD Unadkat,2021,Rajasthan Royals,3,41,29,3,2,24,141.38
JD Unadkat,2022,Mumbai Indians,5,59,37,4,3,19,159.46
JD Unadkat,2023,Lucknow Super Giants,1,9,7,1,0,9,128.57
JD Unadkat,2024,Sunrisers Hyderabad,5,24,26,2,1,8,92.31
JDP Oram,2008,Chennai Super Kings,2,18,12,1,1,13,150.0
JDP Oram,2009,Chennai Super Kings,8,88,92,5,4,41,95.65
JDP Oram,2011,Rajasthan Royals,1,0,3,0,0,0,0.0
JDS Neesham,2014,Delhi Daredevils,3,42,46,3,1,22,91.3
JDS Neesham,2020,Kings XI Punjab,3,19,18,0,1,10,105.56
JDS Neesham,2021,Mumbai Indians,2,0,2,0,0,0,0.0
JDS Neesham,2022,Rajasthan Royals,2,31,27,3,0,17,114.81
JE Root,2023,Rajasthan Royals,1,10,15,1,0,10,66.67
JE Taylor,2011,Pune Warriors,2,3,3,0,0,2,100.0
JEC Franklin,2011,Mumbai Indians,5,107,78,10,2,45,137.18
JEC Franklin,2012,Mumbai Indians,11,220,222,15,7,79,99.1
JG Bethell,2025,Royal Challengers Bengaluru,2,67,39,9,3,55,171.79
JH Kallis,2008,Royal Challengers Bangalore,11,199,183,23,4,54,108.74
JH Kallis,2009,Royal Challengers Bangalore,15,361,331,37,8,69,109.06
JH Kallis,2010,Royal Challengers Bangalore,16,572,489,67,9,89,116.97
JH Kallis,2011,Kolkata Knight Riders,14,424,378,46,6,80,112.17
JH Kallis,2012,Kolkata Knight Riders,17,409,382,34,10,79,107.07
JH Kallis,2013,Kolkata Knight Riders,15,311,322,35,3,41,96.58
JH Kallis,2014,Kolkata Knight Riders,7,151,128,13,4,72,117.97
JJ Bumrah,2014,Mumbai Indians,2,1,3,0,0,1,33.33
JJ Bumrah,2016,Mumbai Indians,2,8,11,1,0,6,72.73
JJ Bumrah,2017,Mumbai Indians,2,16,12,0,1,16,133.33
JJ Bumrah,2018,Mumbai Indians,3,10,10,1,0,6,100.0
JJ Bumrah,2019,Mumbai Indians,1,0,1,0,0,0,0.0
JJ Bumrah,2020,Mumbai Indians,1,5,3,0,0,5,166.67
JJ Bumrah,2021,Mumbai Indians,7,16,17,2,0,5,94.12
JJ Bumrah,2022,Mumbai Indians,4,0,8,0,0,0,0.0
JJ Bumrah,2024,Mumbai Indians,4,12,12,1,0,8,100.0
JJ Bumrah,2025,Mumbai Indians,1,0,1,0,0,0,0.0
JJ Roy,2017,Gujarat Lions,3,59,40,9,1,31,147.5
JJ Roy,2018,Delhi Daredevils,5,120,94,9,7,91,127.66
JJ Roy,2021,Sunrisers Hyderabad,5,150,120,21,1,60,125.0
JJ Roy,2023,Kolkata Knight Riders,8,285,187,36,12,61,152.41
JJ van der Wath,2011,Royal Challengers Bangalore,3,18,16,1,1,14,112.5
JL Denly,2019,Kolkata Knight Riders,1,0,1,0,0,0,0.0
JL Pattinson,2020,Mumbai Indians,2,15,13,2,0,11,115.38
JM Bairstow,2019,Sunrisers Hyderabad,10,445,281,48,18,114,158.36
JM Bairstow,2020,Sunrisers Hyderabad,11,345,272,31,13,97,126.84
JM Bairstow,2021,Sunrisers Hyderabad,7,248,175,20,15,63,141.71
JM Bairstow,2022,Punjab Kings,11,253,173,34,9,66,146.24
JM Bairstow,2024,Punjab Kings,11,298,195,33,14,108,152.82
JM Bairstow,2025,Mumbai Indians,2,85,46,7,5,47,184.78
JM Kemp,2010,Chennai Super Kings,2,26,24,1,1,22,108.33
JM Sharma,2022,Punjab Kings,10,234,143,22,12,44,163.64
JM Sharma,2023,Punjab Kings,14,309,196,22,21,49,157.65
JM Sharma,2024,Punjab Kings,12,187,142,9,12,32,131.69
JM Sharma,2025,Royal Challengers Bengaluru,11,261,147,24,17,85,177.55
JO Holder,2014,Sunrisers Hyderabad,1,16,12,2,1,16,133.33
JO Holder,2016,Kolkata Knight Riders,4,22,19,2,1,13,115.79
JO Holder,2020,Sunrisers Hyderabad,4,66,53,5,3,26,124.53
JO Holder,2021,Sunrisers Hyderabad,7,85,70,2,6,47,121.43
JO Holder,2022,Lucknow Super Giants,8,58,44,2,6,16,131.82
JO Holder,2023,Rajasthan Royals,3,12,11,0,1,11,109.09
JP Behrendorff,2023,Mumbai Indians,2,6,9,0,0,3,66.67
JP Duminy,2009,Mumbai Indians,12,372,325,26,11,62,114.46
JP Duminy,2010,Mumbai Indians,7,157,131,13,5,42,119.85
JP Duminy,2011,Deccan Chargers,10,205,173,9,8,55,118.5
JP Duminy,2012,Deccan Chargers,9,244,190,13,11,74,128.42
JP Duminy,2014,Delhi Daredevils,14,410,302,22,20,67,135.76
JP Duminy,2015,Delhi Daredevils,13,414,315,27,20,78,131.43
JP Duminy,2016,Delhi Daredevils,8,191,155,13,3,49,123.23
JP Duminy,2018,Mumbai Indians,2,36,40,3,1,23,90.0
JP Faulkner,2012,Kings XI Punjab,2,14,13,0,0,11,107.69
JP Faulkner,2013,Rajasthan Royals,9,57,57,5,2,19,100.0
JP Faulkner,2014,Rajasthan Royals,12,181,93,8,16,41,194.62
JP Faulkner,2015,Rajasthan Royals,11,144,107,12,5,46,134.58
JP Faulkner,2016,Gujarat Lions,5,77,58,7,0,32,132.76
JP Faulkner,2017,Gujarat Lions,6,54,56,4,0,21,96.43
JP Inglis,2025,Punjab Kings,11,278,171,26,16,73,162.57
JPR Scantlebury-Searles,2018,Kolkata Knight Riders,2,8,6,0,1,6,133.33
JR Hazlewood,2022,Royal Challengers Bangalore,5,18,26,1,0,7,69.23
JR Hazlewood,2023,Royal Challengers Bangalore,1,1,2,0,0,1,50.0
JR Hazlewood,2025,Royal Challengers Bengaluru,1,0,1,0,0,0,0.0
JR Hopes,2008,Kings XI Punjab,11,221,148,27,8,71,149.32
JR Hopes,2011,Delhi Daredevils,8,196,157,22,3,55,124.84
JR Philippe,2020,Royal Challengers Bangalore,5,78,77,9,1,33,101.3
Jaskaran Singh,2010,Deccan Chargers,4,8,11,0,0,4,72.73
Joginder Sharma,2008,Chennai Super Kings,2,16,11,1,1,16,145.45
Joginder Sharma,2009,Chennai Super Kings,2,20,18,0,1,16,111.11
Joginder Sharma,2011,Chennai Super Kings,1,0,1,0,0,0,0.0
K Goel,2008,Kings XI Punjab,6,76,78,7,4,26,97.44
K Goel,2009,Kings XI Punjab,8,124,133,9,4,38,93.23
K Goel,2010,Kings XI Punjab,2,18,20,1,1,17,90.0
K Gowtham,2018,Rajasthan Royals,13,126,64,9,9,33,196.88
K Gowtham,2019,Rajasthan Royals,4,18,19,1,1,9,94.74
K Gowtham,2020,Kings XI Punjab,2,42,27,3,2,22,155.56
K Gowtham,2022,Lucknow Super Giants,1,0,1,0,0,0,0.0
K Gowtham,2023,Lucknow Super Giants,7,61,36,2,5,23,169.44
K Kartikeya,2022,Mumbai Indians,1,3,5,0,0,3,60.0
K Kartikeya,2023,Mumbai Indians,1,6,7,1,0,6,85.71
K Kartikeya,2025,Rajasthan Royals,2,3,5,0,0,2,60.0
K Rabada,2017,Delhi Daredevils,3,55,64,5,1,44,85.94
K Rabada,2019,Delhi Capitals,4,14,15,0,1,9,93.33
K Rabada,2020,Delhi Capitals,6,56,49,4,2,15,114.29
K Rabada,2021,Delhi Capitals,3,13,6,2,0,9,216.67
K Rabada,2022,Punjab Kings,7,48,42,5,2,25,114.29
K Rabada,2023,Punjab Kings,2,0,2,0,0,0,0.0
K Rabada,2024,Punjab Kings,3,20,14,0,2,11,142.86
K Rabada,2025,Gujarat Titans,2,9,8,0,1,7,112.5
K Upadhyay,2012,Pune Warriors,1,11,8,0,1,11,137.5
K Upadhyay,2013,Pune Warriors,1,1,1,0,0,1,100.0
K Yadav,2021,Rajasthan Royals,1,0,4,0,0,0,0.0
KA Jamieson,2021,Royal Challengers Bangalore,7,65,55,5,3,16,118.18
KA Jamieson,2025,Punjab Kings,2,0,5,0,0,0,0.0
KA Maharaj,2024,Rajasthan Royals,1,1,2,0,0,1,50.0
KA Pollard,2010,Mumbai Indians,14,273,146,23,17,45,186.99
KA Pollard,2011,Mumbai Indians,12,146,132,12,6,28,110.61
KA Pollard,2012,Mumbai Indians,11,220,158,15,14,64,139.24
KA Pollard,2013,Mumbai Indians,18,420,278,27,29,66,151.08
KA Pollard,2014,Mumbai Indians,15,273,202,15,15,78,135.15
KA Pollard,2015,Mumbai Indians,14,419,255,28,28,70,164.31
KA Pollard,2016,Mumbai Indians,12,207,144,11,16,51,143.75
KA Pollard,2017,Mumbai Indians,16,385,276,26,22,70,139.49
KA Pollard,2018,Mumbai Indians,8,133,99,10,7,50,134.34
KA Pollard,2019,Mumbai Indians,12,279,175,14,22,83,159.43
KA Pollard,2020,Mumbai Indians,12,268,140,15,22,60,191.43
KA Pollard,2021,Mumbai Indians,13,245,164,16,16,87,149.39
KA Pollard,2022,Mumbai Indians,11,144,133,6,9,25,108.27
KAJ Roach,2010,Deccan Chargers,1,10,9,1,0,10,111.11
KB Arun Karthik,2010,Chennai Super Kings,1,3,5,0,0,3,60.0
KB Arun Karthik,2011,Royal Challengers Bangalore,2,7,8,1,0,6,87.5
KB Arun Karthik,2013,Royal Challengers Bangalore,5,41,38,3,1,19,107.89
KC Cariappa,2016,Kings XI Punjab,2,13,11,0,1,12,118.18
KC Cariappa,2017,Kings XI Punjab,2,2,7,0,0,1,28.57
KC Cariappa,2019,Kolkata Knight Riders,1,9,3,0,1,9,300.0
KC Sangakkara,2008,Kings XI Punjab,9,320,197,41,8,94,162.44
KC Sangakkara,2009,Kings XI Punjab,13,332,322,29,5,60,103.11
KC Sangakkara,2010,Kings XI Punjab,12,357,256,47,5,56,139.45
KC Sangakkara,2011,Deccan Chargers,13,358,291,44,5,65,123.02
KC Sangakkara,2012,Deccan Chargers,12,200,183,21,4,82,109.29
KC Sangakkara,2013,Sunrisers Hyderabad,9,120,136,13,0,28,88.24
KD Karthik,2008,Delhi Daredevils,8,145,107,13,4,56,135.51
KD Karthik,2009,Delhi Daredevils,13,288,217,20,9,52,132.72
KD Karthik,2010,Delhi Daredevils,14,278,236,26,6,69,117.8
KD Karthik,2011,Kings XI Punjab,13,282,220,32,7,69,128.18
KD Karthik,2012,Mumbai Indians,14,238,212,30,2,44,112.26
KD Karthik,2013,Mumbai Indians,19,510,409,54,14,86,124.69
KD Karthik,2014,Delhi Daredevils,14,325,258,28,11,69,125.97
KD Karthik,2015,Royal Challengers Bangalore,11,141,117,15,4,28,120.51
KD Karthik,2016,Gujarat Lions,15,335,266,38,3,53,125.94
KD Karthik,2017,Gujarat Lions,13,361,258,30,11,65,139.92
KD Karthik,2018,Kolkata Knight Riders,16,498,336,49,16,52,148.21
KD Karthik,2019,Kolkata Knight Riders,12,253,172,22,14,97,147.09
KD Karthik,2020,Kolkata Knight Riders,14,169,134,20,4,58,126.12
KD Karthik,2021,Kolkata Knight Riders,15,223,170,22,7,40,131.18
KD Karthik,2022,Royal Challengers Bangalore,16,330,178,27,22,66,185.39
KD Karthik,2023,Royal Challengers Bangalore,13,140,104,13,5,30,134.62
KD Karthik,2024,Royal Challengers Bengaluru,13,326,173,27,22,83,188.44
KH Pandya,2016,Mumbai Indians,8,237,124,22,13,86,191.13
KH Pandya,2017,Mumbai Indians,11,243,179,24,7,47,135.75
KH Pandya,2018,Mumbai Indians,13,228,157,22,10,41,145.22
KH Pandya,2019,Mumbai Indians,14,183,150,18,5,42,122.0
KH Pandya,2020,Mumbai Indians,11,109,92,9,5,34,118.48
KH Pandya,2021,Mumbai Indians,12,143,122,10,6,39,117.21
KH Pandya,2022,Lucknow Super Giants,13,183,145,16,4,42,126.21
KH Pandya,2023,Lucknow Super Giants,14,188,164,15,6,49,114.63
KH Pandya,2024,Lucknow Super Giants,11,133,105,8,5,43,126.67
KH Pandya,2025,Royal Challengers Bengaluru,7,109,85,9,4,73,128.24
KJ Abbott,2016,Kings XI Punjab,3,13,8,0,1,12,162.5
KK Ahmed,2019,Sunrisers Hyderabad,1,0,1,0,0,0,0.0
KK Ahmed,2020,Sunrisers Hyderabad,1,0,2,0,0,0,0.0
KK Ahmed,2021,Sunrisers Hyderabad,1,1,2,0,0,1,50.0
KK Ahmed,2022,Delhi Capitals,2,0,2,0,0,0,0.0
KK Ahmed,2025,Chennai Super Kings,1,1,2,0,0,1,50.0
KK Cooper,2012,Rajasthan Royals,4,38,19,3,3,14,200.0
KK Cooper,2013,Rajasthan Royals,5,39,22,4,2,26,177.27
KK Cooper,2014,Rajasthan Royals,3,39,26,2,3,32,150.0
KK Nair,2013,Royal Challengers Bangalore,2,9,12,0,0,9,75.0
KK Nair,2014,Rajasthan Royals,11,330,232,38,9,73,142.24
KK Nair,2015,Rajasthan Royals,12,181,145,18,5,61,124.83
KK Nair,2016,Delhi Daredevils,12,357,295,40,6,83,121.02
KK Nair,2017,Delhi Daredevils,13,281,226,39,6,64,124.34
KK Nair,2018,Kings XI Punjab,12,301,221,23,13,54,136.2
KK Nair,2019,Kings XI Punjab,1,5,6,0,0,5,83.33
KK Nair,2020,Kings XI Punjab,3,16,14,2,0,15,114.29
KK Nair,2022,Rajasthan Royals,2,16,18,1,0,13,88.89
KK Nair,2025,Delhi Capitals,8,198,114,24,10,89,173.68
KL Nagarkoti,2020,Kolkata Knight Riders,6,22,31,1,0,8,70.97
KL Nagarkoti,2021,Kolkata Knight Riders,1,0,2,0,0,0,0.0
KL Rahul,2013,Royal Challengers Bangalore,2,20,16,4,0,12,125.0
KL Rahul,2014,Sunrisers Hyderabad,8,166,164,12,3,46,101.22
KL Rahul,2015,Sunrisers Hyderabad,8,142,124,8,5,44,114.52
KL Rahul,2016,Royal Challengers Bangalore,12,397,271,37,16,68,146.49
KL Rahul,2018,Kings XI Punjab,14,659,415,66,32,95,158.8
KL Rahul,2019,Kings XI Punjab,14,593,437,49,25,100,135.7
KL Rahul,2020,Kings XI Punjab,14,670,515,58,23,132,130.1
KL Rahul,2021,Punjab Kings,13,626,450,48,30,98,139.11
KL Rahul,2022,Lucknow Super Giants,14,616,454,45,30,103,135.68
KL Rahul,2023,Lucknow Super Giants,9,274,241,28,4,74,113.69
KL Rahul,2024,Lucknow Super Giants,14,520,380,45,19,82,136.84
KL Rahul,2025,Delhi Capitals,13,539,360,52,21,112,149.72
KM Asif,2023,Rajasthan Royals,1,0,2,0,0,0,0.0
KM Jadhav,2010,Delhi Daredevils,5,76,56,7,2,50,135.71
KM Jadhav,2011,Kochi Tuskers Kerala,4,18,23,1,0,12,78.26
KM Jadhav,2013,Delhi Daredevils,10,152,123,8,5,31,123.58
KM Jadhav,2014,Delhi Daredevils,10,149,99,13,7,37,150.51
KM Jadhav,2015,Delhi Daredevils,12,189,140,16,7,63,135.0
KM Jadhav,2016,Royal Challengers Bangalore,3,42,31,2,2,25,135.48
KM Jadhav,2017,Royal Challengers Bangalore,13,267,183,25,10,69,145.9
KM Jadhav,2018,Chennai Super Kings,1,24,21,1,2,24,114.29
KM Jadhav,2019,Chennai Super Kings,12,162,166,19,3,58,97.59
KM Jadhav,2020,Chennai Super Kings,5,62,65,7,0,26,95.38
KM Jadhav,2021,Sunrisers Hyderabad,5,55,52,2,2,19,105.77
KM Jadhav,2023,Royal Challengers Bangalore,1,12,10,1,0,12,120.0
KMA Paul,2019,Delhi Capitals,5,18,24,1,1,7,75.0
KMDN Kulasekara,2012,Chennai Super Kings,1,5,3,1,0,5,166.67
KP Appanna,2009,Royal Challengers Bangalore,1,0,1,0,0,0,0.0
KP Appanna,2010,Royal Challengers Bangalore,2,2,3,0,0,1,66.67
KP Pietersen,2009,Royal Challengers Bangalore,6,93,84,8,2,37,110.71
KP Pietersen,2010,Royal Challengers Bangalore,7,236,157,23,8,66,150.32
KP Pietersen,2012,Delhi Daredevils,8,305,207,22,20,103,147.34
KP Pietersen,2014,Delhi Daredevils,11,294,233,34,7,58,126.18
KP Pietersen,2016,Rising Pune Supergiants,4,73,61,4,3,37,119.67
KR Mayers,2023,Lucknow Super Giants,13,379,258,38,22,73,146.9
KR Sen,2022,Rajasthan Royals,1,0,3,0,0,0,0.0
KS Bharat,2021,Royal Challengers Bangalore,6,191,154,10,8,78,124.03
KS Bharat,2022,Delhi Capitals,2,8,7,2,0,8,114.29
KS Rathore,2025,Rajasthan Royals,1,0,5,0,0,0,0.0
KS Sharma,2022,Lucknow Super Giants,1,4,4,1,0,4,100.0
KS Sharma,2023,Lucknow Super Giants,2,12,21,0,0,9,57.14
KS Williamson,2015,Sunrisers Hyderabad,2,31,27,1,1,26,114.81
KS Williamson,2016,Sunrisers Hyderabad,6,124,122,14,0,50,101.64
KS Williamson,2017,Sunrisers Hyderabad,7,256,168,20,10,89,152.38
KS Williamson,2018,Sunrisers Hyderabad,17,735,515,64,28,84,142.72
KS Williamson,2019,Sunrisers Hyderabad,9,156,129,12,5,70,120.93
KS Williamson,2020,Sunrisers Hyderabad,11,317,236,26,10,67,134.32
KS Williamson,2021,Sunrisers Hyderabad,10,266,234,29,2,66,113.68
KS Williamson,2022,Sunrisers Hyderabad,12,216,231,16,8,57,93.51
KS Williamson,2024,Gujarat Titans,2,27,27,4,0,26,100.0
KT Maphaka,2025,Rajasthan Royals,1,8,2,2,0,8,400.0
KV Sharma,2009,Royal Challengers Bangalore,1,1,3,0,0,1,33.33
KV Sharma,2013,Sunrisers Hyderabad,7,85,86,6,2,39,98.84
KV Sharma,2014,Sunrisers Hyderabad,8,42,29,1,3,17,144.83
KV Sharma,2015,Sunrisers Hyderabad,9,104,85,3,6,32,122.35
KV Sharma,2016,Sunrisers Hyderabad,3,36,30,3,1,26,120.0
KV Sharma,2017,Mumbai Indians,6,49,41,5,2,19,119.51
KV Sharma,2023,Royal Challengers Bangalore,2,3,5,0,0,2,60.0
KV Sharma,2024,Royal Challengers Bengaluru,3,31,15,2,3,20,206.67
KV Sharma,2025,Mumbai Indians,1,1,1,0,0,1,100.0
KW Richardson,2013,Pune Warriors,2,34,36,2,1,26,94.44
KW Richardson,2014,Rajasthan Royals,1,1,2,0,0,1,50.0
KW Richardson,2016,Royal Challengers Bangalore,1,1,1,0,0,1,100.0
Kamran Akmal,2008,Rajasthan Royals,6,128,77,13,8,53,166.23
Kamran Khan,2009,Rajasthan Royals,1,3,5,0,0,3,60.0
Karanveer Singh,2014,Kings XI Punjab,1,1,1,0,0,1,100.0
Karanveer Singh,2015,Kings XI Punjab,3,11,16,1,0,5,68.75
Kartik Tyagi,2020,Rajasthan Royals,2,4,6,0,0,2,66.67
Kartik Tyagi,2021,Rajasthan Royals,2,2,4,0,0,1,50.0
Kartik Tyagi,2022,Sunrisers Hyderabad,2,7,6,1,0,7,116.67
Kuldeep Yadav,2017,Kolkata Knight Riders,2,20,22,2,0,16,90.91
Kuldeep Yadav,2018,Kolkata Knight Riders,3,12,24,1,0,7,50.0
Kuldeep Yadav,2019,Kolkata Knight Riders,3,12,8,1,0,10,150.0
Kuldeep Yadav,2020,Kolkata Knight Riders,2,13,21,1,0,12,61.9
Kuldeep Yadav,2022,Delhi Capitals,7,48,52,3,2,16,92.31
Kuldeep Yadav,2023,Delhi Capitals,10,31,48,2,0,10,64.58
Kuldeep Yadav,2024,Delhi Capitals,5,47,41,6,1,35,114.63
Kuldeep Yadav,2025,Delhi Capitals,5,18,16,2,0,7,112.5
Kumar Kushagra,2024,Delhi Capitals,3,3,7,0,0,2,42.86
L Ablish,2011,Kings XI Punjab,1,0,2,0,0,0,0.0
L Balaji,2008,Chennai Super Kings,1,0,4,0,0,0,0.0
L Balaji,2009,Chennai Super Kings,3,4,10,0,0,2,40.0
L Balaji,2010,Chennai Super Kings,3,18,20,1,1,15,90.0
L Balaji,2011,Kolkata Knight Riders,2,4,2,0,0,3,200.0
L Balaji,2013,Kolkata Knight Riders,2,9,10,1,0,9,90.0
L Balaji,2014,Kings XI Punjab,2,1,3,0,0,1,33.33
L Ngidi,2025,Royal Challengers Bengaluru,1,0,2,0,0,0,0.0
L Ronchi,2008,Mumbai Indians,4,34,32,6,1,13,106.25
L Ronchi,2009,Mumbai Indians,1,0,2,0,0,0,0.0
L Wood,2024,Mumbai Indians,1,9,3,0,1,9,300.0
LA Carseldine,2009,Rajasthan Royals,5,81,66,11,0,39,122.73
LA Pomersbach,2008,Kings XI Punjab,5,152,99,13,9,79,153.54
LA Pomersbach,2009,Kings XI Punjab,4,41,46,3,1,26,89.13
LA Pomersbach,2011,Royal Challengers Bangalore,4,51,39,4,2,29,130.77
LA Pomersbach,2013,Kings XI Punjab,3,58,59,5,1,33,98.31
LB Williams,2024,Delhi Capitals,1,1,2,0,0,1,50.0
LE Plunkett,2018,Delhi Daredevils,2,1,3,0,0,1,33.33
LH Ferguson,2017,Rising Pune Supergiant,1,1,1,0,0,1,100.0
LH Ferguson,2020,Kolkata Knight Riders,2,43,29,4,1,24,148.28
LH Ferguson,2021,Kolkata Knight Riders,1,18,10,1,1,18,180.0
LH Ferguson,2022,Gujarat Titans,2,5,4,1,0,5,125.0
LH Ferguson,2024,Royal Challengers Bengaluru,1,1,1,0,0,1,100.0
LH Ferguson,2025,Punjab Kings,1,4,1,1,0,4,400.0
LJ Wright,2013,Pune Warriors,5,106,59,16,3,44,179.66
LMP Simmons,2014,Mumbai Indians,8,394,290,43,14,100,135.86
LMP Simmons,2015,Mumbai Indians,13,540,438,56,21,71,123.29
LMP Simmons,2016,Mumbai Indians,1,8,8,0,1,8,100.0
LMP Simmons,2017,Mumbai Indians,7,137,112,10,8,66,122.32
LPC Silva,2008,Deccan Chargers,3,40,26,5,1,23,153.85
LR Shukla,2008,Kolkata Knight Riders,12,163,122,17,5,42,133.61
LR Shukla,2009,Kolkata Knight Riders,6,83,85,5,3,48,97.65
LR Shukla,2010,Kolkata Knight Riders,2,36,26,3,2,19,138.46
LR Shukla,2011,Kolkata Knight Riders,1,14,10,2,0,14,140.0
LR Shukla,2012,Kolkata Knight Riders,7,75,57,4,5,26,131.58
LR Shukla,2013,Kolkata Knight Riders,2,3,12,0,0,2,25.0
LR Shukla,2014,Delhi Daredevils,3,31,38,2,1,21,81.58
LRPL Taylor,2008,Royal Challengers Bangalore,4,149,81,13,10,53,183.95
LRPL Taylor,2009,Royal Challengers Bangalore,11,280,206,20,15,81,135.92
LRPL Taylor,2010,Royal Challengers Bangalore,7,88,75,2,6,31,117.33
LRPL Taylor,2011,Rajasthan Royals,11,181,150,11,7,47,120.67
LRPL Taylor,2012,Delhi Daredevils,12,197,171,12,7,55,115.2
LRPL Taylor,2013,Pune Warriors,5,63,76,2,1,19,82.89
LRPL Taylor,2014,Delhi Daredevils,4,59,59,6,0,43,100.0
LS Livingstone,2019,Rajasthan Royals,4,70,48,6,5,44,145.83
LS Livingstone,2021,Rajasthan Royals,5,42,41,3,1,25,102.44
LS Livingstone,2022,Punjab Kings,14,437,238,29,34,70,183.61
LS Livingstone,2023,Punjab Kings,9,279,166,20,19,94,168.07
LS Livingstone,2024,Punjab Kings,7,111,78,8,7,38,142.31
LS Livingstone,2025,Royal Challengers Bengaluru,8,112,84,4,9,54,133.33
Lalit Yadav,2021,Delhi Capitals,5,68,70,7,0,22,97.14
Lalit Yadav,2022,Delhi Capitals,8,161,144,11,7,48,111.81
Lalit Yadav,2023,Delhi Capitals,6,66,59,8,0,38,111.86
Lalit Yadav,2024,Delhi Capitals,2,10,12,1,0,7,83.33
Liton Das,2023,Kolkata Knight Riders,1,4,4,1,0,4,100.0
M Ashwin,2016,Rising Pune Supergiants,1,0,1,0,0,0,0.0
M Ashwin,2018,Royal Challengers Bangalore,1,1,2,0,0,1,50.0
M Ashwin,2019,Kings XI Punjab,3,3,5,0,0,1,60.0
M Ashwin,2020,Kings XI Punjab,1,4,4,0,0,4,100.0
M Ashwin,2021,Punjab Kings,2,15,24,1,0,9,62.5
M Ashwin,2022,Mumbai Indians,4,12,14,1,1,6,85.71
M Jansen,2021,Mumbai Indians,2,0,3,0,0,0,0.0
M Jansen,2022,Sunrisers Hyderabad,2,9,7,0,1,8,128.57
M Jansen,2023,Sunrisers Hyderabad,6,39,43,4,0,17,90.7
M Jansen,2024,Sunrisers Hyderabad,2,18,13,1,1,17,138.46
M Jansen,2025,Punjab Kings,8,75,63,3,4,34,119.05
M Kaif,2008,Rajasthan Royals,14,176,170,14,6,34,103.53
M Kaif,2010,Kings XI Punjab,3,28,30,2,0,14,93.33
M Kaif,2011,Royal Challengers Bangalore,4,41,33,5,0,15,124.24
M Kaif,2012,Royal Challengers Bangalore,1,14,16,1,0,14,87.5
M Kartik,2008,Kolkata Knight Riders,3,30,27,3,0,17,111.11
M Kartik,2009,Kolkata Knight Riders,2,21,20,0,0,11,105.0
M Kartik,2010,Kolkata Knight Riders,2,22,22,2,0,21,100.0
M Kartik,2011,Pune Warriors,2,12,14,1,0,11,85.71
M Kartik,2012,Pune Warriors,3,26,21,1,1,14,123.81
M Kartik,2013,Royal Challengers Bangalore,2,2,3,0,0,2,66.67
M Klinger,2011,Kochi Tuskers Kerala,4,73,75,9,0,29,97.33
M Manhas,2009,Delhi Daredevils,6,75,62,7,1,26,120.97
M Manhas,2010,Delhi Daredevils,8,157,149,14,0,32,105.37
M Manhas,2011,Pune Warriors,10,114,123,8,4,35,92.68
M Manhas,2012,Pune Warriors,7,120,96,10,4,42,125.0
M Manhas,2013,Pune Warriors,2,13,17,1,0,11,76.47
M Manhas,2014,Chennai Super Kings,5,35,23,3,1,13,152.17
M Markande,2018,Mumbai Indians,6,21,24,2,0,7,87.5
M Markande,2019,Mumbai Indians,1,6,5,1,0,6,120.0
M Markande,2023,Sunrisers Hyderabad,3,21,13,2,1,18,161.54
M Morkel,2009,Rajasthan Royals,1,8,8,1,0,8,100.0
M Morkel,2010,Rajasthan Royals,2,9,16,1,0,7,56.25
M Morkel,2011,Delhi Daredevils,5,40,24,3,2,16,166.67
M Morkel,2012,Delhi Daredevils,3,3,5,0,0,2,60.0
M Morkel,2013,Delhi Daredevils,6,57,29,6,3,23,196.55
M Morkel,2014,Kolkata Knight Riders,1,4,3,0,0,4,133.33
M Morkel,2015,Kolkata Knight Riders,1,4,3,0,0,4,133.33
M Morkel,2016,Kolkata Knight Riders,1,1,1,0,0,1,100.0
M Muralitharan,2008,Chennai Super Kings,1,0,3,0,0,0,0.0
M Muralitharan,2009,Chennai Super Kings,4,8,8,1,0,4,100.0
M Muralitharan,2010,Chennai Super Kings,1,1,2,0,0,1,50.0
M Muralitharan,2011,Kochi Tuskers Kerala,1,5,7,0,0,5,71.43
M Muralitharan,2012,Royal Challengers Bangalore,2,6,9,0,0,6,66.67
M Ntini,2008,Chennai Super Kings,2,11,18,2,0,11,61.11
M Prasidh Krishna,2018,Kolkata Knight Riders,1,1,5,0,0,1,20.0
M Prasidh Krishna,2019,Kolkata Knight Riders,1,0,2,0,0,0,0.0
M Prasidh Krishna,2020,Kolkata Knight Riders,2,2,4,0,0,2,50.0
M Prasidh Krishna,2021,Kolkata Knight Riders,1,0,1,0,0,0,0.0
M Prasidh Krishna,2022,Rajasthan Royals,2,6,12,0,0,4,50.0
M Rawat,2008,Rajasthan Royals,7,34,39,3,1,23,87.18
M Rawat,2009,Rajasthan Royals,3,16,19,1,0,8,84.21
M Rawat,2013,Pune Warriors,1,5,11,0,0,5,45.45
M Shahrukh Khan,2021,Punjab Kings,10,153,114,9,10,47,134.21
M Shahrukh Khan,2022,Punjab Kings,8,117,108,4,9,26,108.33
M Shahrukh Khan,2023,Punjab Kings,12,156,93,13,9,41,167.74
M Shahrukh Khan,2024,Gujarat Titans,7,127,75,9,9,58,169.33
M Shahrukh Khan,2025,Gujarat Titans,11,179,100,11,13,57,179.0
M Theekshana,2022,Chennai Super Kings,2,7,7,0,1,7,100.0
M Theekshana,2025,Rajasthan Royals,4,10,27,0,0,5,37.04
M Tiwari,2025,Delhi Capitals,1,3,4,0,0,3,75.0
M Vijay,2009,Chennai Super Kings,4,60,67,4,2,31,89.55
M Vijay,2010,Chennai Super Kings,15,458,292,36,26,127,156.85
M Vijay,2011,Chennai Super Kings,16,434,339,34,20,95,128.02
M Vijay,2012,Chennai Super Kings,13,336,265,39,10,113,126.79
M Vijay,2013,Chennai Super Kings,15,312,286,27,8,55,109.09
M Vijay,2014,Delhi Daredevils,11,207,192,20,5,52,107.81
M Vijay,2015,Kings XI Punjab,11,251,228,27,8,39,110.09
M Vijay,2016,Kings XI Punjab,14,453,364,50,10,89,124.45
M Vijay,2018,Chennai Super Kings,1,12,10,0,1,12,120.0
M Vijay,2019,Chennai Super Kings,2,64,61,6,1,38,104.92
M Vijay,2020,Chennai Super Kings,3,32,43,4,0,21,74.42
M Vohra,2013,Kings XI Punjab,10,161,117,22,2,43,137.61
M Vohra,2014,Kings XI Punjab,8,324,232,27,16,67,139.66
M Vohra,2015,Kings XI Punjab,7,82,81,4,5,39,101.23
M Vohra,2016,Kings XI Punjab,7,161,131,19,3,51,122.9
M Vohra,2017,Kings XI Punjab,9,229,159,23,9,95,144.03
M Vohra,2018,Royal Challengers Bangalore,4,55,47,2,4,45,117.02
M Vohra,2021,Rajasthan Royals,4,42,39,5,2,14,107.69
M Vohra,2022,Lucknow Super Giants,1,19,11,1,2,19,172.73
M Vohra,2023,Lucknow Super Giants,1,10,11,1,0,10,90.91
M de Lange,2014,Mumbai Indians,1,1,2,0,0,1,50.0
MA Agarwal,2011,Royal Challengers Bangalore,7,141,117,16,4,41,120.51
MA Agarwal,2012,Royal Challengers Bangalore,12,225,157,19,15,64,143.31
MA Agarwal,2013,Royal Challengers Bangalore,5,67,62,6,3,29,108.06
MA Agarwal,2014,Delhi Daredevils,8,115,91,12,3,31,126.37
MA Agarwal,2015,Delhi Daredevils,10,213,176,23,7,68,121.02
MA Agarwal,2016,Delhi Daredevils,3,27,25,3,1,10,108.0
MA Agarwal,2017,Rising Pune Supergiant,3,26,27,3,0,20,96.3
MA Agarwal,2018,Kings XI Punjab,11,120,94,9,5,30,127.66
MA Agarwal,2019,Kings XI Punjab,13,332,234,26,14,58,141.88
MA Agarwal,2020,Kings XI Punjab,11,424,270,44,15,106,157.04
MA Agarwal,2021,Punjab Kings,12,441,309,42,18,99,142.72
MA Agarwal,2022,Punjab Kings,12,196,160,23,6,52,122.5
MA Agarwal,2023,Sunrisers Hyderabad,10,270,208,29,6,83,129.81
MA Agarwal,2024,Sunrisers Hyderabad,4,64,57,8,1,32,112.28
MA Agarwal,2025,Royal Challengers Bengaluru,4,95,64,10,2,41,148.44
MA Khote,2008,Mumbai Indians,3,24,22,2,1,9,109.09
MA Starc,2014,Royal Challengers Bangalore,8,85,84,9,0,29,101.19
MA Starc,2015,Royal Challengers Bangalore,3,11,14,1,0,9,78.57
MA Starc,2024,Kolkata Knight Riders,5,9,11,1,0,6,81.82
MA Starc,2025,Delhi Capitals,5,6,10,0,0,2,60.0
MA Wood,2018,Chennai Super Kings,1,1,3,0,0,1,33.33
MA Wood,2023,Lucknow Super Giants,2,11,5,1,1,10,220.0
MC Henriques,2009,Kolkata Knight Riders,3,38,40,2,1,30,95.0
MC Henriques,2010,Delhi Daredevils,1,11,5,2,0,11,220.0
MC Henriques,2013,Royal Challengers Bangalore,9,165,124,20,3,44,133.06
MC Henriques,2014,Sunrisers Hyderabad,2,9,14,1,0,9,64.29
MC Henriques,2015,Sunrisers Hyderabad,9,287,210,19,13,74,136.67
MC Henriques,2016,Sunrisers Hyderabad,15,182,157,15,6,31,115.92
MC Henriques,2017,Sunrisers Hyderabad,11,277,203,28,4,55,136.45
MC Henriques,2021,Punjab Kings,4,31,32,0,1,14,96.88
MC Juneja,2013,Delhi Daredevils,7,125,128,11,1,49,97.66
MD Mishra,2010,Deccan Chargers,11,166,142,18,6,41,116.9
MD Mishra,2011,Pune Warriors,5,67,60,5,2,37,111.67
MD Mishra,2012,Pune Warriors,1,4,4,1,0,4,100.0
MD Shanaka,2023,Gujarat Titans,3,26,26,2,1,17,100.0
MDKJ Perera,2013,Rajasthan Royals,2,14,13,3,0,14,107.69
MEK Hussey,2008,Chennai Super Kings,3,168,100,12,11,116,168.0
MEK Hussey,2010,Chennai Super Kings,3,37,44,2,0,15,84.09
MEK Hussey,2011,Chennai Super Kings,14,492,413,53,6,83,119.13
MEK Hussey,2012,Chennai Super Kings,8,261,236,28,8,56,110.59
MEK Hussey,2013,Chennai Super Kings,17,733,565,81,17,95,129.73
MEK Hussey,2014,Mumbai Indians,9,209,182,17,7,56,114.84
MEK Hussey,2015,Chennai Super Kings,4,77,70,5,3,56,110.0
MF Maharoof,2008,Delhi Daredevils,8,125,79,10,7,39,158.23
MF Maharoof,2009,Delhi Daredevils,2,21,21,0,0,18,100.0
MF Maharoof,2010,Delhi Daredevils,4,31,23,2,2,28,134.78
MG Bracewell,2023,Royal Challengers Bangalore,4,58,47,6,1,26,123.4
MG Johnson,2013,Mumbai Indians,6,39,36,2,2,11,108.33
MG Johnson,2014,Kings XI Punjab,8,56,50,4,3,16,112.0
MG Johnson,2015,Kings XI Punjab,8,31,36,1,1,13,86.11
MG Johnson,2016,Kings XI Punjab,2,5,14,0,0,4,35.71
MG Johnson,2017,Mumbai Indians,2,20,17,1,1,13,117.65
MG Johnson,2018,Kolkata Knight Riders,2,16,10,2,0,12,160.0
MJ Clarke,2012,Pune Warriors,6,98,94,12,0,41,104.26
MJ Guptill,2016,Mumbai Indians,3,57,55,3,3,48,103.64
MJ Guptill,2017,Kings XI Punjab,7,132,87,17,5,50,151.72
MJ Guptill,2019,Sunrisers Hyderabad,3,81,53,4,7,36,152.83
MJ Lumb,2010,Rajasthan Royals,11,278,189,45,6,83,147.09
MJ Lumb,2011,Deccan Chargers,1,0,2,0,0,0,0.0
MJ McClenaghan,2015,Mumbai Indians,3,13,6,0,2,12,216.67
MJ McClenaghan,2016,Mumbai Indians,4,34,23,2,3,20,147.83
MJ McClenaghan,2017,Mumbai Indians,5,16,15,0,1,12,106.67
MJ McClenaghan,2018,Mumbai Indians,4,11,9,1,1,11,122.22
MJ McClenaghan,2019,Mumbai Indians,4,11,16,2,0,10,68.75
MJ Owen,2025,Punjab Kings,1,0,2,0,0,0,0.0
MJ Santner,2019,Chennai Super Kings,2,32,22,0,3,22,145.45
MJ Santner,2022,Chennai Super Kings,4,22,27,3,0,11,81.48
MJ Santner,2023,Chennai Super Kings,2,2,4,0,0,1,50.0
MJ Santner,2024,Chennai Super Kings,3,14,17,1,0,11,82.35
MJ Santner,2025,Mumbai Indians,8,40,33,2,3,18,121.21
MJ Suthar,2024,Gujarat Titans,1,1,2,0,0,1,50.0
MK Lomror,2018,Rajasthan Royals,2,20,21,1,0,11,95.24
MK Lomror,2019,Rajasthan Royals,1,8,3,2,0,8,266.67
MK Lomror,2020,Rajasthan Royals,3,59,54,2,3,47,109.26
MK Lomror,2021,Rajasthan Royals,4,94,73,3,6,43,128.77
MK Lomror,2022,Royal Challengers Bangalore,5,86,57,7,4,42,150.88
MK Lomror,2023,Royal Challengers Bangalore,10,135,96,9,8,54,140.63
MK Lomror,2024,Royal Challengers Bengaluru,10,125,68,9,9,33,183.82
MK Pandey,2008,Mumbai Indians,2,3,9,0,0,3,33.33
MK Pandey,2009,Royal Challengers Bangalore,4,168,117,17,4,114,143.59
MK Pandey,2010,Royal Challengers Bangalore,13,249,225,27,7,42,110.67
MK Pandey,2011,Pune Warriors,9,246,227,28,6,59,108.37
MK Pandey,2012,Pune Warriors,9,143,110,12,6,80,130.0
MK Pandey,2013,Pune Warriors,7,136,137,11,3,66,99.27
MK Pandey,2014,Kolkata Knight Riders,16,401,340,35,10,94,117.94
MK Pandey,2015,Kolkata Knight Riders,12,225,184,22,7,40,122.28
MK Pandey,2016,Kolkata Knight Riders,11,248,183,17,9,52,135.52
MK Pandey,2017,Kolkata Knight Riders,12,396,306,28,12,81,129.41
MK Pandey,2018,Sunrisers Hyderabad,13,284,246,22,5,62,115.45
MK Pandey,2019,Sunrisers Hyderabad,11,344,263,34,6,83,130.8
MK Pandey,2020,Sunrisers Hyderabad,15,425,333,35,18,83,127.63
MK Pandey,2021,Sunrisers Hyderabad,8,292,235,21,10,69,124.26
MK Pandey,2022,Lucknow Super Giants,6,88,80,9,2,38,110.0
MK Pandey,2023,Delhi Capitals,9,160,145,15,3,50,110.34
MK Pandey,2024,Kolkata Knight Riders,1,42,30,2,2,42,140.0
MK Pandey,2025,Kolkata Knight Riders,3,92,65,5,5,37,141.54
MK Tiwary,2008,Delhi Daredevils,7,104,85,16,0,39,122.35
MK Tiwary,2009,Delhi Daredevils,1,9,13,1,0,9,69.23
MK Tiwary,2010,Kolkata Knight Riders,11,237,185,23,5,75,128.11
MK Tiwary,2011,Kolkata Knight Riders,13,359,322,26,14,61,111.49
MK Tiwary,2012,Kolkata Knight Riders,15,260,246,21,3,59,105.69
MK Tiwary,2013,Kolkata Knight Riders,9,146,140,12,1,33,104.29
MK Tiwary,2014,Delhi Daredevils,8,152,118,14,4,61,128.81
MK Tiwary,2015,Delhi Daredevils,2,57,56,8,1,32,101.79
MK Tiwary,2017,Rising Pune Supergiant,13,324,235,31,11,60,137.87
MK Tiwary,2018,Kings XI Punjab,4,47,44,4,1,35,106.82
ML Hayden,2008,Chennai Super Kings,4,189,127,24,6,81,148.82
ML Hayden,2009,Chennai Super Kings,12,572,393,60,22,89,145.55
ML Hayden,2010,Chennai Super Kings,16,346,278,37,16,93,124.46
MM Ali,2018,Royal Challengers Bangalore,4,77,46,4,6,65,167.39
MM Ali,2019,Royal Challengers Bangalore,10,220,133,16,17,66,165.41
MM Ali,2020,Royal Challengers Bangalore,3,12,16,1,0,11,75.0
MM Ali,2021,Chennai Super Kings,15,357,260,31,19,58,137.31
MM Ali,2022,Chennai Super Kings,10,244,177,24,11,93,137.85
MM Ali,2023,Chennai Super Kings,10,124,87,12,6,23,142.53
MM Ali,2024,Chennai Super Kings,5,128,98,7,8,56,130.61
MM Ali,2025,Kolkata Knight Riders,2,5,14,0,0,5,35.71
MM Patel,2008,Rajasthan Royals,1,0,1,0,0,0,0.0
MM Patel,2009,Rajasthan Royals,5,33,26,5,0,23,126.92
MM Patel,2010,Rajasthan Royals,2,4,5,0,0,4,80.0
MM Patel,2011,Mumbai Indians,1,0,1,0,0,0,0.0
MM Patel,2012,Mumbai Indians,2,2,7,0,0,1,28.57
MM Patel,2017,Gujarat Lions,1,0,1,0,0,0,0.0
MM Sharma,2013,Chennai Super Kings,2,0,5,0,0,0,0.0
MM Sharma,2014,Chennai Super Kings,1,1,3,0,0,1,33.33
MM Sharma,2015,Chennai Super Kings,5,28,18,1,2,21,155.56
MM Sharma,2016,Kings XI Punjab,5,32,26,3,1,15,123.08
MM Sharma,2017,Kings XI Punjab,7,51,50,4,1,13,102.0
MM Sharma,2018,Kings XI Punjab,4,10,13,1,0,4,76.92
MM Sharma,2019,Chennai Super Kings,1,0,2,0,0,0,0.0
MM Sharma,2023,Gujarat Titans,1,0,1,0,0,0,0.0
MM Sharma,2024,Gujarat Titans,2,2,15,0,0,2,13.33
MM Sharma,2025,Delhi Capitals,2,1,3,0,0,1,33.33
MN Samuels,2012,Pune Warriors,8,124,123,7,5,46,100.81
MN Samuels,2013,Pune Warriors,2,8,18,1,0,5,44.44
MN Samuels,2017,Delhi Daredevils,4,29,31,1,2,27,93.55
MN van Wyk,2009,Kolkata Knight Riders,5,167,131,19,1,74,127.48
MP Breetzke,2025,Lucknow Super Giants,1,14,12,1,1,14,116.67
MP Stoinis,2016,Kings XI Punjab,5,146,108,13,4,52,135.19
MP Stoinis,2017,Kings XI Punjab,3,17,24,1,0,9,70.83
MP Stoinis,2018,Kings XI Punjab,7,99,75,6,4,29,132.0
MP Stoinis,2019,Royal Challengers Bangalore,10,211,156,14,10,46,135.26
MP Stoinis,2020,Delhi Capitals,17,352,235,31,16,65,149.79
MP Stoinis,2021,Delhi Capitals,7,89,71,11,1,27,125.35
MP Stoinis,2022,Lucknow Super Giants,10,156,106,7,13,38,147.17
MP Stoinis,2023,Lucknow Super Giants,15,408,271,28,27,89,150.55
MP Stoinis,2024,Lucknow Super Giants,14,388,261,39,16,124,148.66
MP Stoinis,2025,Punjab Kings,11,160,85,8,15,44,188.24
MR Marsh,2010,Deccan Chargers,2,28,30,1,1,15,93.33
MR Marsh,2011,Pune Warriors,3,50,49,2,3,37,102.04
MR Marsh,2013,Pune Warriors,8,140,106,6,10,38,132.08
MR Marsh,2016,Rising Pune Supergiants,1,7,11,0,0,7,63.64
MR Marsh,2020,Sunrisers Hyderabad,1,0,1,0,0,0,0.0
MR Marsh,2022,Delhi Capitals,8,251,189,19,14,89,132.8
MR Marsh,2023,Delhi Capitals,9,128,97,11,7,63,131.96
MR Marsh,2024,Delhi Capitals,4,61,38,9,3,23,160.53
MR Marsh,2025,Lucknow Super Giants,13,627,381,56,37,117,164.57
MS Bhandage,2025,Royal Challengers Bengaluru,1,1,4,0,0,1,25.0
MS Bisla,2010,Kings XI Punjab,10,218,177,27,6,75,123.16
MS Bisla,2011,Kolkata Knight Riders,5,72,89,8,0,27,80.9
MS Bisla,2012,Kolkata Knight Riders,7,213,160,16,10,89,133.13
MS Bisla,2013,Kolkata Knight Riders,14,255,235,36,6,92,108.51
MS Bisla,2014,Kolkata Knight Riders,1,3,9,0,0,3,33.33
MS Bisla,2015,Royal Challengers Bangalore,2,37,30,6,1,20,123.33
MS Dhoni,2008,Chennai Super Kings,14,414,310,38,15,65,133.55
MS Dhoni,2009,Chennai Super Kings,13,332,261,22,9,58,127.2
MS Dhoni,2010,Chennai Super Kings,11,287,210,26,8,66,136.67
MS Dhoni,2011,Chennai Super Kings,13,392,245,25,23,70,160.0
MS Dhoni,2012,Chennai Super Kings,17,358,275,26,9,51,130.18
MS Dhoni,2013,Chennai Super Kings,16,461,280,32,25,67,164.64
MS Dhoni,2014,Chennai Super Kings,15,371,247,22,20,57,150.2
MS Dhoni,2015,Chennai Super Kings,17,372,305,27,17,53,121.97
MS Dhoni,2016,Rising Pune Supergiants,12,284,210,18,14,64,135.24
MS Dhoni,2017,Rising Pune Supergiant,15,290,250,15,16,61,116.0
MS Dhoni,2018,Chennai Super Kings,15,455,301,24,30,79,151.16
MS Dhoni,2019,Chennai Super Kings,12,416,305,22,23,84,136.39
MS Dhoni,2020,Chennai Super Kings,12,200,172,16,7,47,116.28
MS Dhoni,2021,Chennai Super Kings,11,114,107,12,3,18,106.54
MS Dhoni,2022,Chennai Super Kings,12,232,186,21,10,50,124.73
MS Dhoni,2023,Chennai Super Kings,12,104,54,3,10,32,192.59
MS Dhoni,2024,Chennai Super Kings,11,161,72,14,13,37,223.61
MS Dhoni,2025,Chennai Super Kings,13,196,145,12,12,30,135.17
MS Gony,2008,Chennai Super Kings,5,35,22,2,3,15,159.09
MS Gony,2009,Chennai Super Kings,2,13,7,0,2,7,185.71
MS Gony,2010,Chennai Super Kings,1,2,6,0,0,2,33.33
MS Gony,2011,Deccan Chargers,2,0,2,0,0,0,0.0
MS Gony,2012,Deccan Chargers,1,4,8,0,0,4,50.0
MS Gony,2013,Kings XI Punjab,4,45,25,4,3,42,180.0
MS Wade,2011,Delhi Daredevils,3,22,33,0,0,11,66.67
MS Wade,2022,Gujarat Titans,10,157,138,23,2,35,113.77
MS Wade,2024,Gujarat Titans,1,4,6,0,0,4,66.67
MV Boucher,2008,Royal Challengers Bangalore,10,225,177,24,6,50,127.12
MV Boucher,2009,Royal Challengers Bangalore,9,150,114,8,6,48,131.58
MV Boucher,2010,Royal Challengers Bangalore,2,13,10,0,1,11,130.0
MV Boucher,2011,Kolkata Knight Riders,2,6,6,0,0,5,100.0
MW Short,2023,Punjab Kings,6,117,92,15,4,36,127.17
Mandeep Singh,2010,Kolkata Knight Riders,2,4,11,1,0,4,36.36
Mandeep Singh,2011,Kings XI Punjab,5,47,41,4,1,15,114.63
Mandeep Singh,2012,Kings XI Punjab,16,432,341,53,7,75,126.69
Mandeep Singh,2013,Kings XI Punjab,14,260,223,36,0,77,116.59
Mandeep Singh,2014,Kings XI Punjab,3,24,25,2,0,21,96.0
Mandeep Singh,2015,Royal Challengers Bangalore,8,157,100,17,6,54,157.0
Mandeep Singh,2017,Royal Challengers Bangalore,10,188,177,21,4,52,106.21
Mandeep Singh,2018,Royal Challengers Bangalore,13,252,186,16,11,47,135.48
Mandeep Singh,2019,Kings XI Punjab,12,165,120,10,4,33,137.5
Mandeep Singh,2020,Kings XI Punjab,7,130,109,10,4,66,119.27
Mandeep Singh,2021,Punjab Kings,1,15,13,2,0,15,115.38
Mandeep Singh,2022,Delhi Capitals,3,18,23,4,0,18,78.26
Mandeep Singh,2023,Kolkata Knight Riders,3,14,16,0,1,12,87.5
Mashrafe Mortaza,2009,Kolkata Knight Riders,1,2,2,0,0,2,100.0
Mayank Dagar,2024,Royal Challengers Bengaluru,1,0,1,0,0,0,0.0
Misbah-ul-Haq,2008,Royal Challengers Bangalore,8,117,81,10,6,47,144.44
Mohammad Ashraful,2009,Mumbai Indians,1,2,10,0,0,2,20.0
Mohammad Asif,2008,Delhi Daredevils,2,3,6,0,0,3,50.0
Mohammad Hafeez,2008,Kolkata Knight Riders,8,64,83,7,2,16,77.11
Mohammad Nabi,2017,Sunrisers Hyderabad,1,2,3,0,0,2,66.67
Mohammad Nabi,2018,Sunrisers Hyderabad,2,18,12,3,0,14,150.0
Mohammad Nabi,2019,Sunrisers Hyderabad,7,115,75,8,7,31,153.33
Mohammad Nabi,2020,Sunrisers Hyderabad,1,11,8,2,0,11,137.5
Mohammad Nabi,2021,Sunrisers Hyderabad,3,34,20,3,2,17,170.0
Mohammad Nabi,2024,Mumbai Indians,5,35,31,2,2,23,112.9
Mohammed Shami,2013,Kolkata Knight Riders,1,5,10,0,0,5,50.0
Mohammed Shami,2014,Delhi Daredevils,4,3,7,0,0,1,42.86
Mohammed Shami,2016,Delhi Daredevils,2,2,4,0,0,2,50.0
Mohammed Shami,2017,Delhi Daredevils,6,36,24,4,2,21,150.0
Mohammed Shami,2018,Delhi Daredevils,1,7,6,1,0,7,116.67
Mohammed Shami,2019,Kings XI Punjab,2,1,2,0,0,1,50.0
Mohammed Shami,2020,Kings XI Punjab,2,2,3,0,0,2,66.67
Mohammed Shami,2021,Punjab Kings,3,13,17,0,0,9,76.47
Mohammed Shami,2023,Gujarat Titans,2,5,6,1,0,5,83.33
Mohammed Shami,2025,Sunrisers Hyderabad,4,10,10,1,0,6,100.0
Mohammed Siraj,2018,Royal Challengers Bangalore,3,25,22,2,1,14,113.64
Mohammed Siraj,2019,Royal Challengers Bangalore,3,4,12,0,0,3,33.33
Mohammed Siraj,2020,Royal Challengers Bangalore,3,17,14,2,0,10,121.43
Mohammed Siraj,2021,Royal Challengers Bangalore,4,20,26,1,1,12,76.92
Mohammed Siraj,2022,Royal Challengers Bangalore,4,30,33,5,0,14,90.91
Mohammed Siraj,2023,Royal Challengers Bangalore,2,1,2,0,0,1,50.0
Mohammed Siraj,2024,Royal Challengers Bengaluru,1,12,8,0,2,12,150.0
Mohammed Siraj,2025,Gujarat Titans,1,3,4,0,0,3,75.0
Mohit Rathee,2023,Punjab Kings,1,1,2,0,0,1,50.0
Mohsin Khan,2022,Lucknow Super Giants,3,23,16,2,1,13,143.75
Mohsin Khan,2023,Lucknow Super Giants,1,0,7,0,0,0,0.0
Mohsin Khan,2024,Lucknow Super Giants,1,2,1,0,0,2,200.0
Mujeeb Ur Rahman,2018,Kings XI Punjab,2,10,7,2,0,10,142.86
Mujeeb Ur Rahman,2019,Kings XI Punjab,2,0,4,0,0,0,0.0
Mujeeb Ur Rahman,2020,Kings XI Punjab,1,1,3,0,0,1,33.33
Mujeeb Ur Rahman,2021,Sunrisers Hyderabad,1,1,1,0,0,1,100.0
Mukesh Choudhary,2022,Chennai Super Kings,2,6,6,1,0,4,100.0
Mukesh Kumar,2023,Delhi Capitals,3,7,9,0,0,6,77.78
Mukesh Kumar,2024,Delhi Capitals,2,3,9,0,0,3,33.33
Musheer Khan,2025,Punjab Kings,1,0,3,0,0,0,0.0
Mustafizur Rahman,2018,Mumbai Indians,1,1,3,0,0,1,33.33
Mustafizur Rahman,2021,Rajasthan Royals,3,8,14,0,1,8,57.14
Mustafizur Rahman,2022,Delhi Capitals,1,3,5,0,0,3,60.0
Mustafizur Rahman,2023,Delhi Capitals,1,1,1,0,0,1,100.0
Mustafizur Rahman,2025,Delhi Capitals,1,0,1,0,0,0,0.0
N Jagadeesan,2020,Chennai Super Kings,2,33,29,4,0,33,113.79
N Jagadeesan,2022,Chennai Super Kings,2,40,37,3,1,39,108.11
N Jagadeesan,2023,Kolkata Knight Riders,6,89,81,14,1,36,109.88
N Pooran,2019,Kings XI Punjab,6,168,107,10,14,48,157.01
N Pooran,2020,Kings XI Punjab,14,353,207,23,25,77,170.53
N Pooran,2021,Punjab Kings,10,85,76,3,5,32,111.84
N Pooran,2022,Sunrisers Hyderabad,13,306,212,16,21,64,144.34
N Pooran,2023,Lucknow Super Giants,15,358,207,26,26,62,172.95
N Pooran,2024,Lucknow Super Giants,14,499,279,35,36,75,178.85
N Pooran,2025,Lucknow Super Giants,14,524,265,45,40,87,197.74
N Rana,2016,Mumbai Indians,3,104,74,7,8,70,140.54
N Rana,2017,Mumbai Indians,12,333,263,24,17,62,126.62
N Rana,2018,Kolkata Knight Riders,15,304,232,26,14,59,131.03
N Rana,2019,Kolkata Knight Riders,11,344,235,27,21,85,146.38
N Rana,2020,Kolkata Knight Riders,14,352,254,43,12,87,138.58
N Rana,2021,Kolkata Knight Riders,16,383,313,34,17,80,122.36
N Rana,2022,Kolkata Knight Riders,14,361,249,29,22,57,144.98
N Rana,2023,Kolkata Knight Riders,14,413,291,39,20,75,141.92
N Rana,2024,Kolkata Knight Riders,2,42,34,5,1,33,123.53
N Rana,2025,Rajasthan Royals,11,217,134,27,9,81,161.94
N Saini,2012,Kings XI Punjab,10,140,140,16,0,50,100.0
N Wadhera,2023,Mumbai Indians,10,241,165,23,12,64,146.06
N Wadhera,2024,Mumbai Indians,6,109,84,9,6,49,129.76
N Wadhera,2025,Punjab Kings,15,369,251,28,21,70,147.01
ND Doshi,2011,Rajasthan Royals,1,0,13,0,0,0,0.0
NJ Maddinson,2014,Royal Challengers Bangalore,2,16,14,3,0,12,114.29
NJ Maddinson,2015,Royal Challengers Bangalore,1,4,7,1,0,4,57.14
NJ Rimmington,2011,Kings XI Punjab,1,1,1,0,0,1,100.0
NK Patel,2008,Rajasthan Royals,4,103,81,13,1,57,127.16
NK Patel,2009,Rajasthan Royals,2,18,38,1,0,14,47.37
NL McCullum,2011,Pune Warriors,2,26,22,0,1,15,118.18
NLTC Perera,2011,Kochi Tuskers Kerala,2,23,27,4,0,22,85.19
NLTC Perera,2012,Mumbai Indians,2,4,9,0,0,4,44.44
NLTC Perera,2013,Sunrisers Hyderabad,14,233,162,12,14,40,143.83
NLTC Perera,2015,Kings XI Punjab,2,12,15,0,1,9,80.0
NLTC Perera,2016,Rising Pune Supergiants,10,150,92,7,11,34,163.04
NM Coulter-Nile,2013,Mumbai Indians,1,9,6,0,1,9,150.0
NM Coulter-Nile,2015,Delhi Daredevils,5,20,18,2,1,6,111.11
NM Coulter-Nile,2016,Delhi Daredevils,2,9,14,1,0,7,64.29
NM Coulter-Nile,2017,Kolkata Knight Riders,3,14,12,0,2,6,116.67
NM Coulter-Nile,2020,Mumbai Indians,2,25,15,4,0,24,166.67
NM Coulter-Nile,2021,Mumbai Indians,2,4,5,0,0,3,80.0
NM Coulter-Nile,2022,Rajasthan Royals,1,1,2,0,0,1,50.0
NS Naik,2016,Kings XI Punjab,2,23,31,1,0,22,74.19
NS Naik,2019,Kolkata Knight Riders,1,7,16,1,0,7,43.75
NS Naik,2020,Kolkata Knight Riders,1,1,3,0,0,1,33.33
NT Ellis,2021,Punjab Kings,2,18,16,0,1,12,112.5
NT Ellis,2022,Punjab Kings,1,0,2,0,0,0,0.0
NT Ellis,2023,Punjab Kings,2,1,7,0,0,1,14.29
NV Ojha,2009,Rajasthan Royals,8,168,144,11,11,68,116.67
NV Ojha,2010,Rajasthan Royals,14,377,283,42,15,94,133.22
NV Ojha,2011,Delhi Daredevils,14,160,161,11,11,29,99.38
NV Ojha,2012,Delhi Daredevils,16,255,223,21,13,64,114.35
NV Ojha,2013,Delhi Daredevils,2,9,10,1,0,9,90.0
NV Ojha,2014,Sunrisers Hyderabad,10,232,160,14,17,79,145.0
NV Ojha,2015,Sunrisers Hyderabad,11,137,120,12,4,28,114.17
NV Ojha,2016,Sunrisers Hyderabad,13,136,138,7,5,37,98.55
NV Ojha,2017,Sunrisers Hyderabad,5,79,65,2,3,34,121.54
NV Ojha,2018,Delhi Daredevils,1,1,4,0,0,1,25.0
Naman Dhir,2024,Mumbai Indians,7,140,78,12,10,62,179.49
Naman Dhir,2025,Mumbai Indians,12,252,138,25,13,46,182.61
Navdeep Saini,2019,Royal Challengers Bangalore,2,2,4,0,0,2,50.0
Navdeep Saini,2020,Royal Challengers Bangalore,3,27,27,3,0,12,100.0
Navdeep Saini,2021,Royal Challengers Bangalore,1,2,4,0,0,2,50.0
Navdeep Saini,2022,Rajasthan Royals,1,2,2,0,0,2,100.0
Naveen-ul-Haq,2023,Lucknow Super Giants,3,16,20,2,0,13,80.0
Naveen-ul-Haq,2024,Lucknow Super Giants,1,2,4,0,0,2,50.0
Nithish Kumar Reddy,2024,Sunrisers Hyderabad,11,303,212,15,21,76,142.92
Nithish Kumar Reddy,2025,Sunrisers Hyderabad,11,182,152,16,4,32,119.74
Noor Ahmad,2023,Gujarat Titans,3,8,9,1,0,7,88.89
Noor Ahmad,2024,Gujarat Titans,2,5,9,1,0,4,55.56
Noor Ahmad,2025,Chennai Super Kings,6,7,17,0,0,2,41.18
OA Shah,2010,Kolkata Knight Riders,5,115,95,7,5,58,121.05
OA Shah,2011,Kochi Tuskers Kerala,2,26,15,1,2,23,173.33
OA Shah,2012,Rajasthan Royals,13,340,255,24,16,76,133.33
OA Shah,2013,Rajasthan Royals,2,25,23,2,0,24,108.7
OC McCoy,2022,Rajasthan Royals,1,8,5,0,1,8,160.0
OF Smith,2022,Punjab Kings,6,51,44,1,5,25,115.91
P Awana,2012,Kings XI Punjab,1,4,5,0,0,4,80.0
P Awana,2013,Kings XI Punjab,4,1,9,0,0,1,11.11
P Chopra,2018,Rajasthan Royals,1,8,6,2,0,8,133.33
P Dogra,2010,Rajasthan Royals,8,107,106,4,5,41,100.94
P Dogra,2012,Kings XI Punjab,3,15,24,0,0,6,62.5
P Dogra,2013,Kolkata Knight Riders,1,5,8,0,0,5,62.5
P Dubey,2020,Delhi Capitals,1,7,13,0,0,7,53.85
P Dubey,2023,Delhi Capitals,1,16,20,2,0,16,80.0
P Kumar,2008,Royal Challengers Bangalore,12,112,98,10,6,34,114.29
P Kumar,2009,Royal Challengers Bangalore,8,65,46,1,6,14,141.3
P Kumar,2010,Royal Challengers Bangalore,3,4,8,0,0,3,50.0
P Kumar,2011,Kings XI Punjab,7,27,31,2,1,15,87.1
P Kumar,2012,Kings XI Punjab,7,35,29,2,1,10,120.69
P Kumar,2013,Kings XI Punjab,7,47,38,3,3,24,123.68
P Kumar,2014,Mumbai Indians,1,1,2,0,0,1,50.0
P Kumar,2015,Sunrisers Hyderabad,4,17,25,1,0,12,68.0
P Kumar,2016,Gujarat Lions,6,24,26,3,0,15,92.31
P Kumar,2017,Gujarat Lions,2,8,9,0,0,7,88.89
P Negi,2012,Delhi Daredevils,4,36,29,4,1,14,124.14
P Negi,2015,Chennai Super Kings,9,116,72,10,5,36,161.11
P Negi,2016,Delhi Daredevils,6,57,59,2,3,19,96.61
P Negi,2017,Royal Challengers Bangalore,10,144,111,10,7,35,129.73
P Negi,2018,Royal Challengers Bangalore,2,3,5,0,0,3,60.0
P Negi,2019,Royal Challengers Bangalore,4,9,12,1,0,5,75.0
P Parameswaran,2011,Kochi Tuskers Kerala,1,1,1,0,0,1,100.0
P Parameswaran,2012,Royal Challengers Bangalore,1,0,1,0,0,0,0.0
P Ray Barman,2019,Royal Challengers Bangalore,1,19,24,2,0,19,79.17
P Sahu,2016,Kings XI Punjab,2,19,13,1,1,18,146.15
P Simran Singh,2019,Kings XI Punjab,1,16,17,1,1,16,94.12
P Simran Singh,2020,Kings XI Punjab,2,15,15,2,0,11,100.0
P Simran Singh,2021,Punjab Kings,2,19,23,1,1,12,82.61
P Simran Singh,2022,Punjab Kings,1,14,11,2,0,14,127.27
P Simran Singh,2023,Punjab Kings,14,358,238,38,19,103,150.42
P Simran Singh,2024,Punjab Kings,14,334,212,34,20,71,157.55
P Simran Singh,2025,Punjab Kings,18,599,368,63,30,91,162.77
PA Patel,2008,Chennai Super Kings,13,302,295,42,3,54,102.37
PA Patel,2009,Chennai Super Kings,9,142,126,19,2,36,112.7
PA Patel,2010,Chennai Super Kings,4,72,79,6,2,57,91.14
PA Patel,2011,Kochi Tuskers Kerala,13,202,182,25,2,37,110.99
PA Patel,2012,Deccan Chargers,12,194,164,19,4,45,118.29
PA Patel,2013,Sunrisers Hyderabad,13,294,255,37,4,61,115.29
PA Patel,2014,Royal Challengers Bangalore,12,205,185,30,1,57,110.81
PA Patel,2015,Mumbai Indians,14,339,246,47,5,59,137.8
PA Patel,2016,Mumbai Indians,10,177,151,23,4,81,117.22
PA Patel,2017,Mumbai Indians,16,395,293,49,8,70,134.81
PA Patel,2018,Royal Challengers Bangalore,6,153,109,20,4,53,140.37
PA Patel,2019,Royal Challengers Bangalore,14,373,265,48,10,67,140.75
PA Reddy,2012,Deccan Chargers,3,73,59,6,2,42,123.73
PA Reddy,2013,Sunrisers Hyderabad,7,91,101,9,0,27,90.1
PBB Rajapaksa,2022,Punjab Kings,9,206,128,16,13,43,160.94
PBB Rajapaksa,2023,Punjab Kings,4,71,62,6,2,50,114.52
PC Valthaty,2009,Rajasthan Royals,2,6,12,1,0,5,50.0
PC Valthaty,2011,Kings XI Punjab,14,463,334,56,20,120,138.62
PC Valthaty,2012,Kings XI Punjab,6,30,51,4,0,13,58.82
PC Valthaty,2013,Kings XI Punjab,1,6,17,0,0,6,35.29
PD Collingwood,2010,Delhi Daredevils,7,203,156,9,13,75,130.13
PD Salt,2023,Delhi Capitals,9,218,133,24,10,87,163.91
PD Salt,2024,Kolkata Knight Riders,12,435,235,50,24,89,185.11
PD Salt,2025,Royal Challengers Bengaluru,13,403,227,48,22,65,177.53
PHKD Mendis,2025,Sunrisers Hyderabad,5,92,68,7,2,32,135.29
PJ Cummins,2015,Kolkata Knight Riders,1,0,2,0,0,0,0.0
PJ Cummins,2017,Delhi Daredevils,8,77,53,5,4,24,145.28
PJ Cummins,2020,Kolkata Knight Riders,10,146,114,9,8,53,128.07
PJ Cummins,2021,Kolkata Knight Riders,5,93,56,5,8,66,166.07
PJ Cummins,2022,Kolkata Knight Riders,5,63,23,5,6,56,273.91
PJ Cummins,2024,Sunrisers Hyderabad,10,136,94,9,8,35,144.68
PJ Cummins,2025,Sunrisers Hyderabad,9,97,58,6,7,22,167.24
PJ Sangwan,2008,Delhi Daredevils,2,2,5,0,0,2,40.0
PJ Sangwan,2009,Delhi Daredevils,4,6,10,0,0,5,60.0
PJ Sangwan,2010,Delhi Daredevils,2,10,14,0,0,6,71.43
PJ Sangwan,2013,Kolkata Knight Riders,1,4,2,1,0,4,200.0
PJ Sangwan,2017,Gujarat Lions,3,2,4,0,0,1,50.0
PJ Sangwan,2018,Mumbai Indians,1,0,4,0,0,0,0.0
PJ Sangwan,2022,Gujarat Titans,1,2,5,0,0,2,40.0
PK Garg,2020,Sunrisers Hyderabad,10,133,109,9,4,51,122.02
PK Garg,2021,Sunrisers Hyderabad,5,72,74,2,3,29,97.3
PK Garg,2022,Sunrisers Hyderabad,2,46,33,4,2,42,139.39
PK Garg,2023,Delhi Capitals,2,22,22,1,0,12,100.0
PM Sarvesh Kumar,2008,Deccan Chargers,1,1,2,0,0,1,50.0
PN Mankad,2022,Punjab Kings,1,4,1,1,0,4,400.0
PN Mankad,2023,Lucknow Super Giants,4,93,71,12,2,64,130.99
PP Chawla,2008,Kings XI Punjab,7,90,58,10,3,24,155.17
PP Chawla,2009,Kings XI Punjab,8,31,36,3,0,8,86.11
PP Chawla,2010,Kings XI Punjab,6,62,59,7,0,22,105.08
PP Chawla,2011,Kings XI Punjab,6,48,55,2,2,15,87.27
PP Chawla,2012,Kings XI Punjab,12,106,88,9,4,21,120.45
PP Chawla,2013,Kings XI Punjab,10,64,57,5,3,23,112.28
PP Chawla,2014,Kolkata Knight Riders,5,31,19,4,1,17,163.16
PP Chawla,2015,Kolkata Knight Riders,7,54,47,5,2,22,114.89
PP Chawla,2016,Kolkata Knight Riders,3,27,26,4,0,11,103.85
PP Chawla,2017,Kolkata Knight Riders,1,2,6,0,0,2,33.33
PP Chawla,2018,Kolkata Knight Riders,5,27,34,1,1,12,79.41
PP Chawla,2019,Kolkata Knight Riders,5,42,37,4,2,14,113.51
PP Chawla,2021,Mumbai Indians,1,0,2,0,0,0,0.0
PP Chawla,2023,Mumbai Indians,4,25,22,1,1,18,113.64
PP Chawla,2024,Mumbai Indians,6,15,15,1,1,10,100.0
PP Ojha,2008,Deccan Chargers,3,2,4,0,0,1,50.0
PP Ojha,2009,Deccan Chargers,4,1,7,0,0,1,14.29
PP Ojha,2010,Deccan Chargers,3,3,8,0,0,2,37.5
PP Ojha,2012,Mumbai Indians,3,4,13,0,0,3,30.77
PP Ojha,2013,Mumbai Indians,3,2,4,0,0,1,50.0
PP Ojha,2014,Mumbai Indians,3,4,8,0,0,2,50.0
PP Shaw,2018,Delhi Daredevils,9,245,160,27,10,65,153.13
PP Shaw,2019,Delhi Capitals,16,353,263,45,9,99,134.22
PP Shaw,2020,Delhi Capitals,13,228,167,27,8,66,136.53
PP Shaw,2021,Delhi Capitals,15,479,300,56,18,82,159.67
PP Shaw,2022,Delhi Capitals,10,283,184,37,10,61,153.8
PP Shaw,2023,Delhi Capitals,8,106,84,16,1,54,126.19
PP Shaw,2024,Delhi Capitals,8,198,121,30,5,66,163.64
PR Shah,2008,Mumbai Indians,4,34,34,4,0,19,100.0
PR Shah,2009,Mumbai Indians,4,53,51,4,2,29,103.92
PR Shah,2011,Rajasthan Royals,1,5,5,1,0,5,100.0
PSP Handscomb,2016,Rising Pune Supergiants,1,6,12,0,0,6,50.0
PV Tambe,2013,Rajasthan Royals,1,3,6,0,0,3,50.0
PV Tambe,2014,Rajasthan Royals,2,5,9,0,0,3,55.56
PV Tambe,2015,Rajasthan Royals,2,3,5,0,0,2,60.0
PV Tambe,2016,Gujarat Lions,1,7,18,1,0,7,38.89
PVD Chameera,2022,Lucknow Super Giants,7,43,28,3,3,17,153.57
PVD Chameera,2025,Delhi Capitals,3,10,14,0,0,8,71.43
PVSN Raju,2025,Mumbai Indians,1,1,1,0,0,1,100.0
PWA Mulder,2025,Sunrisers Hyderabad,1,9,11,1,0,9,81.82
PWH de Silva,2021,Royal Challengers Bangalore,2,1,2,0,0,1,50.0
PWH de Silva,2022,Royal Challengers Bangalore,7,38,43,4,1,18,88.37
PWH de Silva,2023,Royal Challengers Bangalore,5,33,28,3,0,12,117.86
PWH de Silva,2025,Rajasthan Royals,5,9,15,0,0,4,60.0
Pankaj Singh,2008,Rajasthan Royals,2,5,8,0,0,4,62.5
Pankaj Singh,2009,Royal Challengers Bangalore,2,1,2,0,0,1,50.0
Pankaj Singh,2010,Royal Challengers Bangalore,1,1,2,0,0,1,50.0
Parvez Rasool,2013,Pune Warriors,2,5,9,0,0,4,55.56
Parvez Rasool,2015,Sunrisers Hyderabad,1,2,2,0,0,2,100.0
Parvez Rasool,2016,Royal Challengers Bangalore,1,10,9,1,0,10,111.11
Prince Yadav,2025,Lucknow Super Giants,2,5,10,0,0,4,50.0
Priyansh Arya,2025,Punjab Kings,18,545,298,60,31,103,182.89
Q de Kock,2013,Sunrisers Hyderabad,3,6,15,1,0,4,40.0
Q de Kock,2014,Delhi Daredevils,7,153,130,19,4,48,117.69
Q de Kock,2015,Delhi Daredevils,3,122,77,18,4,69,158.44
Q de Kock,2016,Delhi Daredevils,13,445,326,52,13,108,136.5
Q de Kock,2018,Royal Challengers Bangalore,8,201,162,20,8,53,124.07
Q de Kock,2019,Mumbai Indians,16,529,396,45,25,81,133.59
Q de Kock,2020,Mumbai Indians,16,503,358,46,22,78,140.5
Q de Kock,2021,Mumbai Indians,11,297,255,29,7,70,116.47
Q de Kock,2022,Lucknow Super Giants,15,508,340,47,23,140,149.41
Q de Kock,2023,Lucknow Super Giants,4,143,101,10,8,70,141.58
Q de Kock,2024,Lucknow Super Giants,11,250,186,29,9,81,134.41
Q de Kock,2025,Kolkata Knight Riders,8,152,116,9,11,97,131.03
R Ashwin,2009,Chennai Super Kings,1,8,15,1,0,8,53.33
R Ashwin,2010,Chennai Super Kings,6,30,40,2,0,11,75.0
R Ashwin,2011,Chennai Super Kings,2,2,6,0,0,2,33.33
R Ashwin,2012,Chennai Super Kings,5,18,15,2,0,8,120.0
R Ashwin,2013,Chennai Super Kings,5,35,49,4,0,11,71.43
R Ashwin,2014,Chennai Super Kings,5,45,45,4,0,14,100.0
R Ashwin,2015,Chennai Super Kings,6,52,32,6,1,23,162.5
R Ashwin,2016,Rising Pune Supergiants,6,41,38,3,1,29,107.89
R Ashwin,2018,Kings XI Punjab,8,102,71,7,5,45,143.66
R Ashwin,2019,Kings XI Punjab,6,42,28,3,3,17,150.0
R Ashwin,2020,Delhi Capitals,5,37,34,3,1,14,108.82
R Ashwin,2021,Delhi Capitals,5,44,42,2,1,20,104.76
R Ashwin,2022,Rajasthan Royals,12,191,134,14,9,50,142.54
R Ashwin,2023,Rajasthan Royals,9,67,51,5,3,30,131.37
R Ashwin,2024,Rajasthan Royals,8,86,74,5,4,29,116.22
R Ashwin,2025,Chennai Super Kings,4,33,29,3,1,13,113.79
R Bhatia,2008,Delhi Daredevils,3,34,28,2,2,17,121.43
R Bhatia,2009,Delhi Daredevils,5,8,18,1,0,4,44.44
R Bhatia,2010,Delhi Daredevils,3,24,17,1,2,21,141.18
R Bhatia,2011,Kolkata Knight Riders,6,25,22,3,0,11,113.64
R Bhatia,2012,Kolkata Knight Riders,6,35,28,4,0,12,125.0
R Bhatia,2013,Kolkata Knight Riders,10,99,80,8,3,26,123.75
R Bhatia,2014,Rajasthan Royals,7,67,53,4,3,23,126.42
R Bhatia,2015,Rajasthan Royals,1,0,1,0,0,0,0.0
R Bhatia,2016,Rising Pune Supergiants,5,34,20,1,2,21,170.0
R Bhatia,2017,Rising Pune Supergiant,1,16,17,0,1,16,94.12
R Bishnoi,2009,Royal Challengers Bangalore,3,19,17,1,2,18,111.76
R Dhawan,2013,Mumbai Indians,4,21,21,3,0,14,100.0
R Dhawan,2014,Kings XI Punjab,6,82,75,8,1,23,109.33
R Dhawan,2015,Kings XI Punjab,4,36,33,2,2,25,109.09
R Dhawan,2016,Kings XI Punjab,2,14,6,0,1,11,233.33
R Dhawan,2022,Punjab Kings,4,37,40,4,2,21,92.5
R Dhawan,2023,Punjab Kings,2,20,12,1,1,19,166.67
R Dravid,2008,Royal Challengers Bangalore,14,371,297,35,11,75,124.92
R Dravid,2009,Royal Challengers Bangalore,12,271,234,28,3,66,115.81
R Dravid,2010,Royal Challengers Bangalore,11,256,199,34,3,52,128.64
R Dravid,2011,Rajasthan Royals,12,343,312,45,2,66,109.94
R Dravid,2012,Rajasthan Royals,16,462,412,63,4,58,112.14
R Dravid,2013,Rajasthan Royals,17,471,424,64,5,65,111.08
R McLaren,2010,Mumbai Indians,7,66,69,7,0,40,95.65
R McLaren,2011,Kings XI Punjab,4,90,96,7,1,51,93.75
R McLaren,2013,Kolkata Knight Riders,2,3,6,0,0,2,50.0
R Minz,2025,Mumbai Indians,2,6,15,0,0,3,40.0
R Ninan,2011,Royal Challengers Bangalore,1,3,5,0,0,3,60.0
R Parag,2019,Rajasthan Royals,5,160,126,17,5,50,126.98
R Parag,2020,Rajasthan Royals,8,86,77,6,3,42,111.69
R Parag,2021,Rajasthan Royals,10,93,82,6,4,25,113.41
R Parag,2022,Rajasthan Royals,14,183,132,11,10,56,138.64
R Parag,2023,Rajasthan Royals,7,78,65,4,5,20,120.0
R Parag,2024,Rajasthan Royals,14,573,383,40,33,84,149.61
R Parag,2025,Rajasthan Royals,14,393,235,27,27,95,167.23
R Powell,2022,Delhi Capitals,12,250,167,10,22,67,149.7
R Powell,2023,Delhi Capitals,3,7,9,1,0,4,77.78
R Powell,2024,Rajasthan Royals,7,103,68,10,6,27,151.47
R Powell,2025,Kolkata Knight Riders,1,5,5,1,0,5,100.0
R Rampaul,2013,Royal Challengers Bangalore,6,38,36,3,1,23,105.56
R Rampaul,2014,Royal Challengers Bangalore,1,13,13,0,1,13,100.0
R Ravindra,2024,Chennai Super Kings,10,222,137,22,12,61,162.04
R Ravindra,2025,Chennai Super Kings,8,191,147,18,4,65,129.93
R Sai Kishore,2024,Gujarat Titans,1,13,6,0,2,13,216.67
R Sai Kishore,2025,Gujarat Titans,3,5,10,0,0,3,50.0
R Sanjay Yadav,2022,Mumbai Indians,1,0,2,0,0,0,0.0
R Sathish,2010,Mumbai Indians,10,112,96,11,0,24,116.67
R Sathish,2011,Mumbai Indians,3,25,34,1,0,18,73.53
R Sathish,2013,Kings XI Punjab,8,109,76,9,5,27,143.42
R Sathish,2016,Kolkata Knight Riders,3,24,24,1,1,10,100.0
R Sharma,2010,Deccan Chargers,4,29,26,3,1,14,111.54
R Sharma,2011,Pune Warriors,5,24,21,1,2,13,114.29
R Sharma,2012,Pune Warriors,4,2,11,0,0,2,18.18
R Sharma,2013,Pune Warriors,6,11,17,1,0,10,64.71
R Shepherd,2022,Sunrisers Hyderabad,3,58,40,2,5,26,145.0
R Shepherd,2023,Lucknow Super Giants,1,0,1,0,0,0,0.0
R Shepherd,2024,Mumbai Indians,5,57,21,5,5,39,271.43
R Shepherd,2025,Royal Challengers Bengaluru,3,70,23,5,7,53,304.35
R Shukla,2013,Rajasthan Royals,1,1,2,0,0,1,50.0
R Shukla,2014,Delhi Daredevils,3,18,21,2,0,14,85.71
R Tewatia,2014,Rajasthan Royals,1,16,13,0,1,16,123.08
R Tewatia,2017,Kings XI Punjab,2,19,11,4,0,15,172.73
R Tewatia,2018,Delhi Daredevils,5,50,43,5,1,24,116.28
R Tewatia,2019,Delhi Capitals,4,26,22,2,1,11,118.18
R Tewatia,2020,Rajasthan Royals,11,255,182,13,17,53,140.11
R Tewatia,2021,Rajasthan Royals,11,155,147,11,6,44,105.44
R Tewatia,2022,Gujarat Titans,12,217,147,22,9,43,147.62
R Tewatia,2023,Gujarat Titans,10,87,57,3,7,20,152.63
R Tewatia,2024,Gujarat Titans,9,188,126,24,5,36,149.21
R Tewatia,2025,Gujarat Titans,11,99,59,6,7,24,167.8
R Vinay Kumar,2008,Royal Challengers Bangalore,4,25,22,2,1,23,113.64
R Vinay Kumar,2009,Royal Challengers Bangalore,7,47,44,4,1,12,106.82
R Vinay Kumar,2010,Royal Challengers Bangalore,5,27,32,1,0,10,84.38
R Vinay Kumar,2011,Kochi Tuskers Kerala,7,50,47,4,1,18,106.38
R Vinay Kumar,2012,Royal Challengers Bangalore,7,68,62,3,2,25,109.68
R Vinay Kumar,2013,Royal Challengers Bangalore,5,70,44,6,3,26,159.09
R Vinay Kumar,2014,Kolkata Knight Riders,2,4,6,0,0,4,66.67
R Vinay Kumar,2015,Mumbai Indians,2,0,2,0,0,0,0.0
R Vinay Kumar,2016,Mumbai Indians,2,13,12,0,1,12,108.33
R Vinay Kumar,2018,Kolkata Knight Riders,1,6,3,1,0,6,200.0
RA Bawa,2022,Punjab Kings,2,11,14,1,0,11,78.57
RA Bawa,2025,Mumbai Indians,1,8,4,0,0,8,200.0
RA Jadeja,2008,Rajasthan Royals,9,135,100,11,6,36,135.0
RA Jadeja,2009,Rajasthan Royals,13,295,265,21,6,42,111.32
RA Jadeja,2011,Kochi Tuskers Kerala,12,283,227,20,14,47,124.67
RA Jadeja,2012,Chennai Super Kings,14,191,151,13,9,48,126.49
RA Jadeja,2013,Chennai Super Kings,14,201,134,17,6,38,150.0
RA Jadeja,2014,Chennai Super Kings,10,146,109,9,5,36,133.94
RA Jadeja,2015,Chennai Super Kings,11,132,126,7,3,24,104.76
RA Jadeja,2016,Gujarat Lions,15,191,175,14,4,36,109.14
RA Jadeja,2017,Gujarat Lions,10,158,113,13,4,28,139.82
RA Jadeja,2018,Chennai Super Kings,8,89,74,3,4,27,120.27
RA Jadeja,2019,Chennai Super Kings,9,106,87,7,4,31,121.84
RA Jadeja,2020,Chennai Super Kings,11,232,134,22,11,50,173.13
RA Jadeja,2021,Chennai Super Kings,11,227,155,19,9,62,146.45
RA Jadeja,2022,Chennai Super Kings,10,116,98,6,5,26,118.37
RA Jadeja,2023,Chennai Super Kings,12,190,132,11,9,25,143.94
RA Jadeja,2024,Chennai Super Kings,11,267,187,22,8,57,142.78
RA Jadeja,2025,Chennai Super Kings,14,301,222,25,10,77,135.59
RA Tripathi,2017,Rising Pune Supergiant,14,391,267,43,17,93,146.44
RA Tripathi,2018,Rajasthan Royals,12,226,166,18,8,80,136.14
RA Tripathi,2019,Rajasthan Royals,7,141,117,13,2,50,120.51
RA Tripathi,2020,Kolkata Knight Riders,11,230,181,21,10,81,127.07
RA Tripathi,2021,Kolkata Knight Riders,16,397,282,41,11,74,140.78
RA Tripathi,2022,Sunrisers Hyderabad,14,413,260,40,20,76,158.85
RA Tripathi,2023,Sunrisers Hyderabad,13,273,212,29,10,74,128.77
RA Tripathi,2024,Sunrisers Hyderabad,6,165,113,18,6,55,146.02
RA Tripathi,2025,Chennai Super Kings,5,55,57,6,1,23,96.49
RD Chahar,2017,Rising Pune Supergiant,1,3,2,0,0,3,150.0
RD Chahar,2019,Mumbai Indians,4,12,11,2,0,10,109.09
RD Chahar,2020,Mumbai Indians,1,2,4,0,0,2,50.0
RD Chahar,2021,Mumbai Indians,4,14,15,1,0,8,93.33
RD Chahar,2022,Punjab Kings,8,77,68,7,4,25,113.24
RD Chahar,2023,Punjab Kings,2,0,9,0,0,0,0.0
RD Chahar,2024,Punjab Kings,2,21,15,3,1,16,140.0
RD Gaikwad,2020,Chennai Super Kings,6,204,169,16,6,72,120.71
RD Gaikwad,2021,Chennai Super Kings,16,635,462,64,23,101,137.45
RD Gaikwad,2022,Chennai Super Kings,14,368,289,33,14,99,127.34
RD Gaikwad,2023,Chennai Super Kings,15,590,398,46,30,92,148.24
RD Gaikwad,2024,Chennai Super Kings,14,583,412,58,18,108,141.5
RD Gaikwad,2025,Chennai Super Kings,5,122,81,14,4,63,150.62
RD Rickelton,2025,Mumbai Indians,14,388,255,47,17,62,152.16
RE Levi,2012,Mumbai Indians,6,83,73,10,4,50,113.7
RE van der Merwe,2009,Royal Challengers Bangalore,8,122,98,8,8,35,124.49
RE van der Merwe,2010,Royal Challengers Bangalore,1,1,2,0,0,1,50.0
RE van der Merwe,2011,Delhi Daredevils,4,14,16,1,0,8,87.5
RE van der Merwe,2013,Delhi Daredevils,2,22,25,2,0,14,88.0
RG More,2015,Chennai Super Kings,1,2,2,0,0,2,100.0
RG Sharma,2008,Deccan Chargers,12,404,270,38,19,76,149.63
RG Sharma,2009,Deccan Chargers,16,362,313,22,18,52,115.65
RG Sharma,2010,Deccan Chargers,16,404,300,36,14,73,134.67
RG Sharma,2011,Mumbai Indians,13,372,297,32,13,87,125.25
RG Sharma,2012,Mumbai Indians,16,433,341,39,18,109,126.98
RG Sharma,2013,Mumbai Indians,19,538,408,35,28,79,131.86
RG Sharma,2014,Mumbai Indians,15,390,302,31,16,59,129.14
RG Sharma,2015,Mumbai Indians,16,482,333,41,21,98,144.74
RG Sharma,2016,Mumbai Indians,14,489,366,49,17,85,133.61
RG Sharma,2017,Mumbai Indians,16,333,273,31,9,67,121.98
RG Sharma,2018,Mumbai Indians,14,286,214,25,12,94,133.64
RG Sharma,2019,Mumbai Indians,15,405,314,52,10,67,128.98
RG Sharma,2020,Mumbai Indians,12,332,260,27,19,80,127.69
RG Sharma,2021,Mumbai Indians,13,381,298,33,14,63,127.85
RG Sharma,2022,Mumbai Indians,14,268,222,28,13,48,120.72
RG Sharma,2023,Mumbai Indians,16,332,248,35,17,65,133.87
RG Sharma,2024,Mumbai Indians,14,417,276,45,23,105,151.09
RG Sharma,2025,Mumbai Indians,15,418,279,41,22,81,149.82
RJ Gleeson,2024,Chennai Super Kings,1,2,2,0,0,2,100.0
RJ Harris,2009,Deccan Chargers,5,21,18,0,0,9,116.67
RJ Harris,2010,Deccan Chargers,5,45,39,2,2,15,115.38
RJ Harris,2011,Kings XI Punjab,7,31,38,3,0,17,81.58
RJ Harris,2012,Kings XI Punjab,2,18,11,1,1,15,163.64
RJ Harris,2013,Kings XI Punjab,2,2,5,0,0,2,40.0
RJ Peterson,2012,Mumbai Indians,5,32,30,3,1,16,106.67
RJ Quiney,2009,Rajasthan Royals,7,103,102,12,3,51,100.98
RJW Topley,2024,Royal Challengers Bengaluru,1,3,6,0,0,3,50.0
RK Bhui,2018,Sunrisers Hyderabad,1,0,5,0,0,0,0.0
RK Bhui,2019,Sunrisers Hyderabad,1,7,12,0,0,7,58.33
RK Bhui,2024,Delhi Capitals,2,3,9,0,0,3,33.33
RK Singh,2018,Kolkata Knight Riders,4,29,31,4,0,16,93.55
RK Singh,2019,Kolkata Knight Riders,3,37,34,1,2,30,108.82
RK Singh,2020,Kolkata Knight Riders,1,11,11,1,0,11,100.0
RK Singh,2022,Kolkata Knight Riders,7,174,117,17,7,42,148.72
RK Singh,2023,Kolkata Knight Riders,14,474,313,31,29,67,151.44
RK Singh,2024,Kolkata Knight Riders,11,168,111,13,8,26,151.35
RK Singh,2025,Kolkata Knight Riders,11,206,133,20,10,38,154.89
RM Patidar,2021,Royal Challengers Bangalore,4,71,62,3,3,31,114.52
RM Patidar,2022,Royal Challengers Bangalore,7,333,217,27,18,112,153.46
RM Patidar,2024,Royal Challengers Bengaluru,13,395,223,21,33,55,177.13
RM Patidar,2025,Royal Challengers Bengaluru,14,312,217,25,14,64,143.78
RN ten Doeschate,2011,Kolkata Knight Riders,3,107,73,9,5,70,146.58
RN ten Doeschate,2012,Kolkata Knight Riders,3,21,21,1,1,11,100.0
RN ten Doeschate,2013,Kolkata Knight Riders,4,85,63,9,2,42,134.92
RN ten Doeschate,2014,Kolkata Knight Riders,6,52,33,3,4,25,157.58
RN ten Doeschate,2015,Kolkata Knight Riders,5,61,45,4,3,38,135.56
RP Meredith,2022,Mumbai Indians,1,0,1,0,0,0,0.0
RP Meredith,2023,Mumbai Indians,1,0,2,0,0,0,0.0
RP Singh,2008,Deccan Chargers,9,27,24,2,1,10,112.5
RP Singh,2009,Deccan Chargers,5,8,17,0,0,4,47.06
RP Singh,2010,Deccan Chargers,5,9,19,0,0,4,47.37
RP Singh,2011,Kochi Tuskers Kerala,4,2,4,0,0,1,50.0
RP Singh,2012,Mumbai Indians,5,6,12,0,0,3,50.0
RR Bhatkal,2012,Royal Challengers Bangalore,1,0,2,0,0,0,0.0
RR Pant,2016,Delhi Daredevils,10,198,152,19,6,69,130.26
RR Pant,2017,Delhi Daredevils,14,366,220,28,24,97,166.36
RR Pant,2018,Delhi Daredevils,14,684,394,68,37,128,173.6
RR Pant,2019,Delhi Capitals,16,488,298,37,27,78,163.76
RR Pant,2020,Delhi Capitals,14,343,298,32,9,56,115.1
RR Pant,2021,Delhi Capitals,16,419,324,42,10,58,129.32
RR Pant,2022,Delhi Capitals,13,340,222,35,16,44,153.15
RR Pant,2024,Delhi Capitals,13,446,287,36,25,88,155.4
RR Pant,2025,Lucknow Super Giants,13,269,202,23,16,118,133.17
RR Powar,2008,Kings XI Punjab,1,28,21,4,1,28,133.33
RR Powar,2009,Kings XI Punjab,3,23,22,2,0,10,104.55
RR Powar,2010,Kings XI Punjab,2,5,8,0,0,3,62.5
RR Powar,2011,Kochi Tuskers Kerala,3,11,13,0,0,8,84.62
RR Raje,2008,Mumbai Indians,3,8,9,1,0,6,88.89
RR Raje,2009,Mumbai Indians,2,12,9,0,1,11,133.33
RR Rossouw,2014,Royal Challengers Bangalore,3,39,41,2,2,24,95.12
RR Rossouw,2015,Royal Challengers Bangalore,2,14,10,1,1,14,140.0
RR Rossouw,2023,Delhi Capitals,9,209,140,17,11,82,149.29
RR Rossouw,2024,Punjab Kings,8,211,115,25,11,61,183.48
RR Sarwan,2008,Kings XI Punjab,4,73,75,6,1,31,97.33
RS Bopara,2009,Kings XI Punjab,5,138,119,8,7,84,115.97
RS Bopara,2010,Kings XI Punjab,9,248,214,25,3,77,115.89
RS Bopara,2015,Sunrisers Hyderabad,8,145,120,6,6,41,120.83
RS Gavaskar,2010,Kolkata Knight Riders,1,2,8,0,0,2,25.0
RS Sodhi,2010,Kings XI Punjab,1,4,2,1,0,4,200.0
RT Ponting,2008,Kolkata Knight Riders,4,39,53,2,1,20,73.58
RT Ponting,2013,Mumbai Indians,5,52,75,3,1,28,69.33
RV Gomez,2011,Kochi Tuskers Kerala,8,46,50,4,1,26,92.0
RV Gomez,2013,Pune Warriors,1,4,1,1,0,4,400.0
RV Patel,2021,Delhi Capitals,2,25,27,3,0,18,92.59
RV Patel,2022,Delhi Capitals,1,6,3,0,1,6,200.0
RV Patel,2023,Delhi Capitals,4,49,43,3,1,23,113.95
RV Uthappa,2008,Mumbai Indians,14,320,274,34,9,48,116.79
RV Uthappa,2009,Royal Challengers Bangalore,13,175,170,18,3,66,102.94
RV Uthappa,2010,Royal Challengers Bangalore,14,374,218,21,27,68,171.56
RV Uthappa,2011,Pune Warriors,13,264,205,27,10,45,128.78
RV Uthappa,2012,Pune Warriors,16,405,342,38,10,69,118.42
RV Uthappa,2013,Pune Warriors,16,434,368,42,12,75,117.93
RV Uthappa,2014,Kolkata Knight Riders,16,660,478,74,18,83,138.08
RV Uthappa,2015,Kolkata Knight Riders,13,364,277,42,7,80,131.41
RV Uthappa,2016,Kolkata Knight Riders,15,394,288,45,8,72,136.81
RV Uthappa,2017,Kolkata Knight Riders,13,388,235,36,21,87,165.11
RV Uthappa,2018,Kolkata Knight Riders,16,351,264,30,21,54,132.95
RV Uthappa,2019,Kolkata Knight Riders,11,282,245,28,10,67,115.1
RV Uthappa,2020,Rajasthan Royals,12,196,164,19,7,41,119.51
RV Uthappa,2021,Chennai Super Kings,4,115,84,8,5,63,136.9
RV Uthappa,2022,Chennai Super Kings,11,230,170,19,14,88,135.29
Rahmanullah Gurbaz,2023,Kolkata Knight Riders,11,227,169,17,15,81,134.32
Rahmanullah Gurbaz,2024,Kolkata Knight Riders,2,62,46,7,4,39,134.78
Rahmanullah Gurbaz,2025,Kolkata Knight Riders,5,74,53,10,3,35,139.62
Ramandeep Singh,2022,Mumbai Indians,4,45,39,3,1,14,115.38
Ramandeep Singh,2024,Kolkata Knight Riders,9,125,61,5,12,35,204.92
Ramandeep Singh,2025,Kolkata Knight Riders,7,47,35,1,4,22,134.29
Rashid Khan,2017,Sunrisers Hyderabad,3,11,9,0,1,6,122.22
Rashid Khan,2018,Sunrisers Hyderabad,7,59,31,3,6,34,190.32
Rashid Khan,2019,Sunrisers Hyderabad,7,34,23,2,2,17,147.83
Rashid Khan,2020,Sunrisers Hyderabad,6,35,29,3,2,14,120.69
Rashid Khan,2021,Sunrisers Hyderabad,10,83,66,9,2,22,125.76
Rashid Khan,2022,Gujarat Titans,8,91,44,3,9,40,206.82
Rashid Khan,2023,Gujarat Titans,9,130,60,8,13,79,216.67
Rashid Khan,2024,Gujarat Titans,8,102,69,11,3,31,147.83
Rashid Khan,2025,Gujarat Titans,8,40,28,2,3,12,142.86
Rasikh Salam,2019,Mumbai Indians,1,5,4,0,0,5,125.0
Rasikh Salam,2022,Kolkata Knight Riders,1,7,6,1,0,7,116.67
Rasikh Salam,2024,Delhi Capitals,4,28,30,4,0,10,93.33
Ravi Bishnoi,2020,Kings XI Punjab,2,7,12,1,0,6,58.33
Ravi Bishnoi,2021,Punjab Kings,1,1,4,0,0,1,25.0
Ravi Bishnoi,2022,Lucknow Super Giants,1,0,1,0,0,0,0.0
Ravi Bishnoi,2023,Lucknow Super Giants,7,20,27,1,0,5,74.07
Ravi Bishnoi,2024,Lucknow Super Giants,3,4,6,0,0,2,66.67
Ravi Bishnoi,2025,Lucknow Super Giants,2,13,16,0,2,13,81.25
S Anirudha,2008,Chennai Super Kings,1,1,7,0,0,1,14.29
S Anirudha,2010,Chennai Super Kings,2,30,18,2,2,24,166.67
S Anirudha,2011,Chennai Super Kings,5,83,74,6,3,64,112.16
S Anirudha,2012,Chennai Super Kings,2,19,6,1,2,18,316.67
S Anirudha,2013,Chennai Super Kings,1,0,2,0,0,0,0.0
S Anirudha,2014,Sunrisers Hyderabad,1,3,5,0,0,3,60.0
S Aravind,2011,Royal Challengers Bangalore,2,13,8,2,0,11,162.5
S Aravind,2012,Royal Challengers Bangalore,1,14,8,3,0,14,175.0
S Aravind,2015,Royal Challengers Bangalore,1,0,1,0,0,0,0.0
S Aravind,2017,Royal Challengers Bangalore,6,32,40,2,0,9,80.0
S Badree,2017,Royal Challengers Bangalore,5,13,23,0,0,8,56.52
S Badrinath,2008,Chennai Super Kings,11,192,130,21,8,64,147.69
S Badrinath,2009,Chennai Super Kings,11,177,164,20,4,59,107.93
S Badrinath,2010,Chennai Super Kings,15,356,301,41,5,55,118.27
S Badrinath,2011,Chennai Super Kings,12,396,312,38,9,71,126.92
S Badrinath,2012,Chennai Super Kings,9,196,181,23,2,57,108.29
S Badrinath,2013,Chennai Super Kings,7,124,120,11,0,34,103.33
S Chanderpaul,2008,Royal Challengers Bangalore,3,25,31,4,0,16,80.65
S Dhawan,2008,Delhi Daredevils,14,340,295,35,8,68,115.25
S Dhawan,2009,Mumbai Indians,4,40,45,3,0,22,88.89
S Dhawan,2010,Mumbai Indians,10,191,169,23,3,56,113.02
S Dhawan,2011,Deccan Chargers,14,400,309,47,7,95,129.45
S Dhawan,2012,Deccan Chargers,15,569,438,58,18,84,129.91
S Dhawan,2013,Sunrisers Hyderabad,10,311,253,37,5,73,122.92
S Dhawan,2014,Sunrisers Hyderabad,14,377,317,49,7,64,118.93
S Dhawan,2015,Sunrisers Hyderabad,14,353,285,45,6,54,123.86
S Dhawan,2016,Sunrisers Hyderabad,17,501,427,51,8,82,117.33
S Dhawan,2017,Sunrisers Hyderabad,14,479,375,53,9,77,127.73
S Dhawan,2018,Sunrisers Hyderabad,16,497,362,59,14,92,137.29
S Dhawan,2019,Delhi Capitals,16,521,382,64,11,97,136.39
S Dhawan,2020,Delhi Capitals,17,618,425,67,13,106,145.41
S Dhawan,2021,Delhi Capitals,16,587,469,63,16,92,125.16
S Dhawan,2022,Punjab Kings,14,460,372,47,12,88,123.66
S Dhawan,2023,Punjab Kings,11,373,258,49,12,99,144.57
S Dhawan,2024,Punjab Kings,5,152,121,18,4,70,125.62
S Dube,2019,Royal Challengers Bangalore,4,40,33,1,3,24,121.21
S Dube,2020,Royal Challengers Bangalore,9,129,105,5,9,27,122.86
S Dube,2021,Rajasthan Royals,9,230,193,18,10,64,119.17
S Dube,2022,Chennai Super Kings,11,289,184,22,16,95,157.07
S Dube,2023,Chennai Super Kings,14,418,264,12,35,52,158.33
S Dube,2024,Chennai Super Kings,14,396,243,28,28,66,162.96
S Dube,2025,Chennai Super Kings,14,357,268,22,21,50,133.21
S Gopal,2014,Mumbai Indians,1,11,10,1,0,11,110.0
S Gopal,2015,Mumbai Indians,1,1,1,0,0,1,100.0
S Gopal,2016,Mumbai Indians,1,2,16,0,0,2,12.5
S Gopal,2018,Rajasthan Royals,4,50,45,5,0,24,111.11
S Gopal,2019,Rajasthan Royals,7,63,46,8,1,19,136.96
S Gopal,2020,Rajasthan Royals,5,37,39,3,0,23,94.87
S Gopal,2021,Rajasthan Royals,2,7,5,0,1,7,140.0
S Gopal,2022,Sunrisers Hyderabad,1,9,7,2,0,9,128.57
S Kaul,2013,Delhi Daredevils,1,7,9,0,0,7,77.78
S Kaul,2014,Delhi Daredevils,1,2,2,0,0,2,100.0
S Kaul,2017,Sunrisers Hyderabad,1,0,2,0,0,0,0.0
S Kaul,2018,Sunrisers Hyderabad,3,3,14,0,0,2,21.43
S Kaul,2019,Sunrisers Hyderabad,1,0,1,0,0,0,0.0
S Kaul,2021,Sunrisers Hyderabad,2,8,8,1,0,7,100.0
S Kaushik,2016,Gujarat Lions,1,0,1,0,0,0,0.0
S Ladda,2010,Delhi Daredevils,2,0,9,0,0,0,0.0
S Lamichhane,2019,Delhi Capitals,1,0,1,0,0,0,0.0
S Nadeem,2011,Delhi Daredevils,1,0,1,0,0,0,0.0
S Nadeem,2012,Delhi Daredevils,1,0,2,0,0,0,0.0
S Nadeem,2013,Delhi Daredevils,6,14,27,1,0,6,51.85
S Nadeem,2014,Delhi Daredevils,3,7,19,0,0,3,36.84
S Nadeem,2015,Delhi Daredevils,1,2,7,0,0,2,28.57
S Nadeem,2016,Delhi Daredevils,1,1,5,0,0,1,20.0
S Nadeem,2017,Delhi Daredevils,3,2,9,0,0,2,22.22
S Nadeem,2018,Delhi Daredevils,1,6,8,0,0,6,75.0
S Nadeem,2020,Sunrisers Hyderabad,2,7,8,1,0,5,87.5
S Nadeem,2021,Sunrisers Hyderabad,1,0,1,0,0,0,0.0
S Narwal,2010,Rajasthan Royals,3,14,12,2,0,12,116.67
S Narwal,2013,Kolkata Knight Riders,1,23,15,4,0,23,153.33
S Rana,2011,Pune Warriors,1,18,15,2,0,18,120.0
S Rana,2014,Royal Challengers Bangalore,7,73,64,7,1,19,114.06
S Randiv,2011,Chennai Super Kings,1,2,4,0,0,2,50.0
S Sohal,2008,Kings XI Punjab,2,4,8,0,0,4,50.0
S Sohal,2009,Kings XI Punjab,8,115,91,9,8,43,126.37
S Sohal,2011,Deccan Chargers,10,249,190,25,10,62,131.05
S Sreesanth,2008,Kings XI Punjab,2,0,3,0,0,0,0.0
S Sreesanth,2009,Kings XI Punjab,2,5,18,1,0,4,27.78
S Sreesanth,2010,Kings XI Punjab,3,27,21,5,0,15,128.57
S Sreesanth,2011,Kochi Tuskers Kerala,3,1,9,0,0,1,11.11
S Sreesanth,2013,Rajasthan Royals,2,1,4,0,0,1,25.0
S Sriram,2010,Royal Challengers Bangalore,1,27,29,3,0,27,93.1
S Sriram,2011,Delhi Daredevils,1,4,7,0,0,4,57.14
S Tyagi,2010,Chennai Super Kings,1,3,4,0,0,3,75.0
S Vidyut,2008,Chennai Super Kings,8,145,109,21,3,54,133.03
SA Abbott,2015,Royal Challengers Bangalore,2,15,13,1,1,14,115.38
SA Abbott,2022,Sunrisers Hyderabad,1,7,5,0,1,7,140.0
SA Asnodkar,2008,Rajasthan Royals,9,311,231,43,6,60,134.63
SA Asnodkar,2009,Rajasthan Royals,8,98,93,11,4,44,105.38
SA Asnodkar,2010,Rajasthan Royals,1,5,4,1,0,5,125.0
SA Asnodkar,2011,Rajasthan Royals,1,9,9,1,0,9,100.0
SA Yadav,2012,Mumbai Indians,1,0,4,0,0,0,0.0
SA Yadav,2014,Kolkata Knight Riders,10,164,114,16,5,34,143.86
SA Yadav,2015,Kolkata Knight Riders,13,157,113,12,8,46,138.94
SA Yadav,2016,Kolkata Knight Riders,11,182,141,18,5,60,129.08
SA Yadav,2017,Kolkata Knight Riders,7,105,88,8,3,31,119.32
SA Yadav,2018,Mumbai Indians,14,512,384,61,16,72,133.33
SA Yadav,2019,Mumbai Indians,15,424,324,45,10,71,130.86
SA Yadav,2020,Mumbai Indians,15,480,330,61,11,79,145.45
SA Yadav,2021,Mumbai Indians,14,317,220,40,10,82,144.09
SA Yadav,2022,Mumbai Indians,8,303,206,23,16,68,147.09
SA Yadav,2023,Mumbai Indians,16,605,332,65,28,103,182.23
SA Yadav,2024,Mumbai Indians,11,345,205,36,18,102,168.29
SA Yadav,2025,Mumbai Indians,16,717,427,69,38,73,167.92
SB Bangar,2008,Deccan Chargers,6,47,49,1,3,17,95.92
SB Bangar,2009,Kolkata Knight Riders,1,2,9,0,0,2,22.22
SB Dubey,2024,Rajasthan Royals,3,33,19,3,2,25,173.68
SB Dubey,2025,Rajasthan Royals,8,106,65,6,8,34,163.08
SB Jakati,2009,Chennai Super Kings,2,20,15,3,0,13,133.33
SB Jakati,2012,Chennai Super Kings,2,7,12,0,0,6,58.33
SB Jakati,2016,Gujarat Lions,1,1,2,0,0,1,50.0
SB Joshi,2008,Royal Challengers Bangalore,2,6,14,0,0,3,42.86
SB Styris,2008,Deccan Chargers,8,112,122,9,2,36,91.8
SB Styris,2009,Deccan Chargers,1,14,8,0,1,14,175.0
SB Styris,2011,Chennai Super Kings,1,5,2,1,0,5,250.0
SB Wagh,2011,Pune Warriors,2,2,3,0,0,2,66.67
SC Ganguly,2008,Kolkata Knight Riders,13,349,305,33,15,91,114.43
SC Ganguly,2009,Kolkata Knight Riders,11,189,205,13,6,46,92.2
SC Ganguly,2010,Kolkata Knight Riders,14,493,418,58,15,88,117.94
SC Ganguly,2011,Pune Warriors,3,50,58,3,2,32,86.21
SC Ganguly,2012,Pune Warriors,15,268,271,30,4,45,98.89
SD Chitnis,2008,Mumbai Indians,2,18,9,1,1,15,200.0
SD Chitnis,2009,Rajasthan Royals,1,6,8,1,0,6,75.0
SD Chitnis,2011,Kings XI Punjab,1,9,9,1,0,9,100.0
SD Chitnis,2012,Kings XI Punjab,4,66,62,7,1,38,106.45
SD Hope,2024,Delhi Capitals,9,183,122,12,12,41,150.0
SD Lad,2019,Mumbai Indians,1,15,13,1,1,15,115.38
SE Bond,2010,Kolkata Knight Riders,1,1,2,0,0,1,50.0
SE Marsh,2008,Kings XI Punjab,11,616,440,59,26,115,140.0
SE Marsh,2010,Kings XI Punjab,4,147,114,14,6,88,128.95
SE Marsh,2011,Kings XI Punjab,13,504,343,52,20,95,146.94
SE Marsh,2012,Kings XI Punjab,13,336,280,39,7,68,120.0
SE Marsh,2013,Kings XI Punjab,8,300,249,39,4,77,120.48
SE Marsh,2014,Kings XI Punjab,2,70,52,7,3,40,134.62
SE Marsh,2015,Kings XI Punjab,4,81,58,7,3,65,139.66
SE Marsh,2016,Kings XI Punjab,6,159,134,13,4,56,118.66
SE Marsh,2017,Kings XI Punjab,8,264,192,36,5,84,137.5
SE Rutherford,2019,Delhi Capitals,7,73,54,2,7,28,135.19
SE Rutherford,2022,Royal Challengers Bangalore,2,33,50,1,1,28,66.0
SE Rutherford,2025,Gujarat Titans,11,291,184,22,18,46,158.15
SH Johnson,2024,Gujarat Titans,3,6,7,1,0,5,85.71
SH Johnson,2025,Kolkata Knight Riders,2,2,4,0,0,1,50.0
SJ Srivastava,2010,Kings XI Punjab,2,1,2,0,0,1,50.0
SJ Srivastava,2011,Kings XI Punjab,2,4,3,0,0,3,133.33
SK Raina,2008,Chennai Super Kings,14,421,294,35,18,55,143.2
SK Raina,2009,Chennai Super Kings,14,434,306,37,21,98,141.83
SK Raina,2010,Chennai Super Kings,16,520,361,45,22,83,144.04
SK Raina,2011,Chennai Super Kings,16,438,323,36,17,73,135.6
SK Raina,2012,Chennai Super Kings,18,441,324,36,19,73,136.11
SK Raina,2013,Chennai Super Kings,17,548,364,50,18,100,150.55
SK Raina,2014,Chennai Super Kings,16,523,357,51,19,87,146.5
SK Raina,2015,Chennai Super Kings,17,374,303,31,16,62,123.43
SK Raina,2016,Gujarat Lions,15,399,312,39,10,75,127.88
SK Raina,2017,Gujarat Lions,14,442,304,42,13,84,145.39
SK Raina,2018,Chennai Super Kings,15,445,335,46,12,75,132.84
SK Raina,2019,Chennai Super Kings,17,383,312,45,9,59,122.76
SK Raina,2021,Chennai Super Kings,11,160,127,13,9,54,125.98
SK Rasheed,2025,Chennai Super Kings,5,71,63,9,2,27,112.7
SK Trivedi,2008,Rajasthan Royals,3,5,12,0,0,3,41.67
SK Trivedi,2009,Rajasthan Royals,3,9,17,0,0,6,52.94
SK Trivedi,2010,Rajasthan Royals,4,20,14,3,1,9,142.86
SK Trivedi,2011,Rajasthan Royals,1,0,2,0,0,0,0.0
SK Trivedi,2012,Rajasthan Royals,1,5,6,0,0,5,83.33
SK Trivedi,2013,Rajasthan Royals,2,3,7,0,0,3,42.86
SK Warne,2008,Rajasthan Royals,7,70,58,7,2,22,120.69
SK Warne,2009,Rajasthan Royals,10,108,116,6,4,34,93.1
SK Warne,2010,Rajasthan Royals,6,10,19,0,0,4,52.63
SK Warne,2011,Rajasthan Royals,4,10,20,1,0,5,50.0
SL Malinga,2009,Mumbai Indians,1,0,1,0,0,0,0.0
SL Malinga,2010,Mumbai Indians,1,1,1,0,0,1,100.0
SL Malinga,2011,Mumbai Indians,2,8,9,0,1,7,88.89
SL Malinga,2012,Mumbai Indians,6,55,53,4,3,17,103.77
SL Malinga,2013,Mumbai Indians,6,9,18,1,0,7,50.0
SL Malinga,2014,Mumbai Indians,1,2,4,0,0,2,50.0
SL Malinga,2015,Mumbai Indians,1,6,10,1,0,6,60.0
SL Malinga,2017,Mumbai Indians,2,7,3,0,1,7,233.33
SM Curran,2019,Kings XI Punjab,8,95,55,13,3,55,172.73
SM Curran,2020,Chennai Super Kings,11,186,141,12,12,52,131.91
SM Curran,2021,Chennai Super Kings,4,56,29,5,3,34,193.1
SM Curran,2023,Punjab Kings,13,276,201,20,13,55,137.31
SM Curran,2024,Punjab Kings,12,270,217,24,6,63,124.42
SM Curran,2025,Chennai Super Kings,5,114,82,11,4,88,139.02
SM Harwood,2009,Rajasthan Royals,2,9,13,0,0,6,69.23
SM Katich,2008,Kings XI Punjab,2,96,68,11,2,75,141.18
SM Katich,2009,Kings XI Punjab,9,145,117,15,6,50,123.93
SM Pollock,2008,Mumbai Indians,8,147,111,12,8,33,132.43
SMSM Senanayake,2013,Kolkata Knight Riders,4,10,16,0,0,7,62.5
SN Khan,2015,Royal Challengers Bangalore,7,111,70,12,2,45,158.57
SN Khan,2016,Royal Challengers Bangalore,4,66,31,7,4,35,212.9
SN Khan,2018,Royal Challengers Bangalore,6,51,41,7,1,22,124.39
SN Khan,2019,Kings XI Punjab,5,180,141,19,4,67,127.66
SN Khan,2020,Kings XI Punjab,3,33,29,5,0,14,113.79
SN Khan,2021,Punjab Kings,2,0,4,0,0,0,0.0
SN Khan,2022,Delhi Capitals,5,91,67,9,2,36,135.82
SN Khan,2023,Delhi Capitals,4,53,61,4,1,30,86.89
SN Thakur,2015,Kings XI Punjab,1,7,6,1,0,7,116.67
SN Thakur,2017,Rising Pune Supergiant,3,0,3,0,0,0,0.0
SN Thakur,2018,Chennai Super Kings,1,15,5,3,0,15,300.0
SN Thakur,2019,Chennai Super Kings,2,14,7,1,1,12,200.0
SN Thakur,2020,Chennai Super Kings,2,12,21,0,0,11,57.14
SN Thakur,2021,Chennai Super Kings,4,5,4,0,0,3,125.0
SN Thakur,2022,Delhi Capitals,10,120,87,7,7,29,137.93
SN Thakur,2023,Kolkata Knight Riders,9,113,70,13,4,68,161.43
SN Thakur,2024,Chennai Super Kings,3,21,17,2,1,17,123.53
SN Thakur,2025,Lucknow Super Giants,5,18,12,3,0,6,150.0
SO Hetmyer,2019,Royal Challengers Bangalore,5,90,73,4,7,75,123.29
SO Hetmyer,2020,Delhi Capitals,11,185,124,11,12,45,149.19
SO Hetmyer,2021,Delhi Capitals,12,242,142,19,12,53,170.42
SO Hetmyer,2022,Rajasthan Royals,15,314,204,21,21,59,153.92
SO Hetmyer,2023,Rajasthan Royals,13,299,196,12,23,56,152.55
SO Hetmyer,2024,Rajasthan Royals,9,113,68,9,7,27,166.18
SO Hetmyer,2025,Rajasthan Royals,13,239,164,17,11,52,145.73
SP Fleming,2008,Chennai Super Kings,10,196,162,27,3,45,120.99
SP Goswami,2008,Royal Challengers Bangalore,3,82,85,9,1,52,96.47
SP Goswami,2009,Royal Challengers Bangalore,2,53,60,6,0,43,88.33
SP Goswami,2010,Royal Challengers Bangalore,1,8,10,2,0,8,80.0
SP Goswami,2011,Kolkata Knight Riders,4,29,29,5,0,22,100.0
SP Goswami,2012,Rajasthan Royals,6,69,67,4,1,24,102.99
SP Goswami,2018,Sunrisers Hyderabad,3,52,38,6,1,35,136.84
SP Goswami,2020,Sunrisers Hyderabad,2,0,4,0,0,0,0.0
SP Jackson,2017,Kolkata Knight Riders,3,38,31,5,0,16,122.58
SP Jackson,2022,Kolkata Knight Riders,5,23,26,0,1,8,88.46
SP Narine,2012,Kolkata Knight Riders,2,9,7,2,0,9,128.57
SP Narine,2013,Kolkata Knight Riders,6,21,19,0,2,13,110.53
SP Narine,2014,Kolkata Knight Riders,4,10,14,0,0,6,71.43
SP Narine,2015,Kolkata Knight Riders,1,0,1,0,0,0,0.0
SP Narine,2016,Kolkata Knight Riders,3,7,13,0,0,4,53.85
SP Narine,2017,Kolkata Knight Riders,14,224,130,34,10,54,172.31
SP Narine,2018,Kolkata Knight Riders,16,357,188,40,23,75,189.89
SP Narine,2019,Kolkata Knight Riders,8,143,85,17,9,47,168.24
SP Narine,2020,Kolkata Knight Riders,9,121,85,10,8,64,142.35
SP Narine,2021,Kolkata Knight Riders,10,62,47,3,5,26,131.91
SP Narine,2022,Kolkata Knight Riders,9,71,40,6,6,22,177.5
SP Narine,2023,Kolkata Knight Riders,10,21,25,2,1,7,84.0
SP Narine,2024,Kolkata Knight Riders,14,488,269,50,33,109,181.41
SP Narine,2025,Kolkata Knight Riders,12,246,144,25,19,44,170.83
SPD Smith,2012,Pune Warriors,14,362,262,24,14,47,138.17
SPD Smith,2013,Pune Warriors,7,159,132,15,4,41,120.45
SPD Smith,2014,Rajasthan Royals,7,147,109,13,4,48,134.86
SPD Smith,2015,Rajasthan Royals,12,293,219,33,3,79,133.79
SPD Smith,2016,Rising Pune Supergiants,7,270,175,27,8,101,154.29
SPD Smith,2017,Rising Pune Supergiant,15,472,387,38,12,84,121.96
SPD Smith,2019,Rajasthan Royals,10,319,273,30,4,73,116.85
SPD Smith,2020,Rajasthan Royals,14,311,235,32,9,69,132.34
SPD Smith,2021,Delhi Capitals,7,152,135,13,2,39,112.59
SR Tendulkar,2008,Mumbai Indians,7,188,177,26,2,65,106.21
SR Tendulkar,2009,Mumbai Indians,13,364,299,39,10,68,121.74
SR Tendulkar,2010,Mumbai Indians,15,618,463,86,3,89,133.48
SR Tendulkar,2011,Mumbai Indians,16,553,488,67,5,100,113.32
SR Tendulkar,2012,Mumbai Indians,13,324,283,39,4,74,114.49
SR Tendulkar,2013,Mumbai Indians,14,287,231,39,5,54,124.24
SR Watson,2008,Rajasthan Royals,15,472,307,47,19,76,153.75
SR Watson,2010,Rajasthan Royals,5,185,113,18,9,60,163.72
SR Watson,2011,Rajasthan Royals,11,330,252,31,17,89,130.95
SR Watson,2012,Rajasthan Royals,7,255,168,26,14,90,151.79
SR Watson,2013,Rajasthan Royals,16,543,378,59,22,101,143.65
SR Watson,2014,Rajasthan Royals,13,240,195,19,14,51,123.08
SR Watson,2015,Rajasthan Royals,9,347,256,37,14,104,135.55
SR Watson,2016,Royal Challengers Bangalore,15,179,134,14,12,36,133.58
SR Watson,2017,Royal Challengers Bangalore,7,71,78,6,1,24,91.03
SR Watson,2018,Chennai Super Kings,15,555,358,44,35,117,155.03
SR Watson,2019,Chennai Super Kings,17,398,311,42,20,96,127.97
SR Watson,2020,Chennai Super Kings,11,299,247,33,13,83,121.05
SS Cottrell,2020,Kings XI Punjab,1,0,2,0,0,0,0.0
SS Iyer,2015,Delhi Daredevils,14,439,342,41,21,83,128.36
SS Iyer,2016,Delhi Daredevils,6,30,43,2,1,19,69.77
SS Iyer,2017,Delhi Daredevils,12,338,242,36,10,96,139.67
SS Iyer,2018,Delhi Daredevils,13,411,309,29,21,93,133.01
SS Iyer,2019,Delhi Capitals,16,463,384,41,14,67,120.57
SS Iyer,2020,Delhi Capitals,17,519,419,40,16,88,123.87
SS Iyer,2021,Delhi Capitals,8,175,171,7,5,47,102.34
SS Iyer,2022,Kolkata Knight Riders,14,401,298,41,11,85,134.56
SS Iyer,2024,Kolkata Knight Riders,14,351,239,34,14,58,146.86
SS Iyer,2025,Punjab Kings,17,604,343,43,39,97,176.09
SS Prabhudessai,2022,Royal Challengers Bangalore,5,67,58,7,2,34,115.52
SS Prabhudessai,2023,Royal Challengers Bangalore,4,35,29,1,2,19,120.69
SS Prabhudessai,2024,Royal Challengers Bengaluru,1,24,18,3,0,24,133.33
SS Shaikh,2009,Kolkata Knight Riders,1,6,7,1,0,6,85.71
SS Tiwary,2008,Mumbai Indians,2,26,20,3,1,17,130.0
SS Tiwary,2009,Mumbai Indians,3,13,12,0,0,6,108.33
SS Tiwary,2010,Mumbai Indians,15,419,307,29,18,61,136.48
SS Tiwary,2011,Royal Challengers Bangalore,13,187,186,13,5,42,100.54
SS Tiwary,2012,Royal Challengers Bangalore,11,191,167,9,8,36,114.37
SS Tiwary,2013,Royal Challengers Bangalore,6,109,106,4,4,52,102.83
SS Tiwary,2015,Delhi Daredevils,6,109,78,9,5,28,139.74
SS Tiwary,2016,Rising Pune Supergiants,7,170,139,17,4,57,122.3
SS Tiwary,2017,Mumbai Indians,1,52,43,9,0,52,120.93
SS Tiwary,2020,Mumbai Indians,5,103,80,8,3,42,128.75
SS Tiwary,2021,Mumbai Indians,4,115,97,10,2,50,118.56
ST Jayasuriya,2008,Mumbai Indians,14,514,308,57,31,114,166.88
ST Jayasuriya,2009,Mumbai Indians,12,221,190,23,7,52,116.32
ST Jayasuriya,2010,Mumbai Indians,4,33,31,4,1,23,106.45
STR Binny,2010,Mumbai Indians,1,8,5,1,0,8,160.0
STR Binny,2011,Rajasthan Royals,2,37,31,2,1,30,119.35
STR Binny,2012,Rajasthan Royals,6,90,67,9,3,30,134.33
STR Binny,2013,Rajasthan Royals,16,293,199,25,12,41,147.24
STR Binny,2014,Rajasthan Royals,11,123,121,4,5,48,101.65
STR Binny,2015,Rajasthan Royals,8,74,65,7,1,20,113.85
STR Binny,2016,Royal Challengers Bangalore,5,63,39,5,4,21,161.54
STR Binny,2017,Royal Challengers Bangalore,7,78,76,6,3,18,102.63
STR Binny,2018,Rajasthan Royals,5,44,39,2,2,22,112.82
STR Binny,2019,Rajasthan Royals,5,70,40,5,4,33,175.0
SV Samson,2013,Rajasthan Royals,10,206,178,19,5,63,115.73
SV Samson,2014,Rajasthan Royals,13,339,273,25,17,74,124.18
SV Samson,2015,Rajasthan Royals,11,204,162,16,8,76,125.93
SV Samson,2016,Delhi Daredevils,14,291,258,20,8,60,112.79
SV Samson,2017,Delhi Daredevils,14,386,273,32,19,102,141.39
SV Samson,2018,Rajasthan Royals,15,441,319,30,19,92,138.24
SV Samson,2019,Rajasthan Royals,11,342,229,28,13,102,149.34
SV Samson,2020,Rajasthan Royals,14,375,234,21,26,85,160.26
SV Samson,2021,Rajasthan Royals,14,484,351,45,17,119,137.89
SV Samson,2022,Rajasthan Royals,17,458,311,43,26,55,147.27
SV Samson,2023,Rajasthan Royals,14,362,236,25,24,66,153.39
SV Samson,2024,Rajasthan Royals,15,531,343,48,24,86,154.81
SV Samson,2025,Rajasthan Royals,9,285,201,27,13,66,141.79
SW Billings,2016,Delhi Daredevils,4,88,63,4,4,54,139.68
SW Billings,2017,Delhi Daredevils,6,138,103,19,1,55,133.98
SW Billings,2018,Chennai Super Kings,8,108,78,8,5,56,138.46
SW Billings,2019,Chennai Super Kings,1,0,4,0,0,0,0.0
SW Billings,2022,Kolkata Knight Riders,8,169,137,9,10,36,123.36
SW Tait,2010,Rajasthan Royals,2,12,13,0,1,11,92.31
SW Tait,2011,Rajasthan Royals,2,10,10,1,0,10,100.0
SW Tait,2013,Rajasthan Royals,1,1,3,0,0,1,33.33
SZ Mulani,2024,Mumbai Indians,1,1,1,0,0,1,100.0
Sachin Baby,2013,Rajasthan Royals,1,3,7,0,0,3,42.86
Sachin Baby,2016,Royal Challengers Bangalore,6,119,77,9,5,33,154.55
Sachin Baby,2017,Royal Challengers Bangalore,3,15,15,2,0,12,100.0
Sachin Baby,2021,Royal Challengers Bangalore,1,7,16,0,0,7,43.75
Salman Butt,2008,Kolkata Knight Riders,7,193,160,30,2,73,120.63
Sameer Rizvi,2024,Chennai Super Kings,5,51,43,4,2,21,118.6
Sameer Rizvi,2025,Delhi Capitals,4,121,79,11,7,58,153.16
Sandeep Sharma,2013,Kings XI Punjab,1,0,1,0,0,0,0.0
Sandeep Sharma,2014,Kings XI Punjab,1,2,5,0,0,2,40.0
Sandeep Sharma,2015,Kings XI Punjab,3,9,14,1,0,7,64.29
Sandeep Sharma,2016,Kings XI Punjab,4,8,9,0,0,5,88.89
Sandeep Sharma,2017,Kings XI Punjab,2,7,5,0,0,5,140.0
Sandeep Sharma,2018,Sunrisers Hyderabad,3,0,4,0,0,0,0.0
Sandeep Sharma,2019,Sunrisers Hyderabad,2,6,3,1,0,5,200.0
Sandeep Sharma,2020,Sunrisers Hyderabad,5,12,15,1,0,9,80.0
Sandeep Sharma,2021,Sunrisers Hyderabad,2,8,7,1,0,8,114.29
Sandeep Sharma,2023,Rajasthan Royals,2,2,6,0,0,2,33.33
Sandeep Sharma,2025,Rajasthan Royals,1,6,5,0,0,6,120.0
Sanvir Singh,2023,Sunrisers Hyderabad,2,11,9,1,1,7,122.22
Sanvir Singh,2024,Sunrisers Hyderabad,3,14,12,1,0,8,116.67
Saurav Chauhan,2024,Royal Challengers Bengaluru,3,18,15,1,1,9,120.0
Sediqullah Atal,2025,Delhi Capitals,1,22,16,0,2,22,137.5
Shahbaz Ahmed,2020,Royal Challengers Bangalore,1,1,1,0,0,1,100.0
Shahbaz Ahmed,2021,Royal Challengers Bangalore,7,59,53,4,2,14,111.32
Shahbaz Ahmed,2022,Royal Challengers Bangalore,11,219,179,14,9,45,122.35
Shahbaz Ahmed,2023,Royal Challengers Bangalore,6,42,39,3,1,20,107.69
Shahbaz Ahmed,2024,Sunrisers Hyderabad,12,215,166,7,13,59,129.52
Shahbaz Ahmed,2025,Lucknow Super Giants,1,9,8,1,0,9,112.5
Shahid Afridi,2008,Deccan Chargers,9,81,46,7,6,33,176.09
Shakib Al Hasan,2011,Kolkata Knight Riders,3,29,22,4,0,26,131.82
Shakib Al Hasan,2012,Kolkata Knight Riders,7,91,73,6,3,42,124.66
Shakib Al Hasan,2014,Kolkata Knight Riders,11,227,151,22,7,60,150.33
Shakib Al Hasan,2015,Kolkata Knight Riders,3,36,27,5,0,23,133.33
Shakib Al Hasan,2016,Kolkata Knight Riders,7,114,106,7,5,66,107.55
Shakib Al Hasan,2017,Kolkata Knight Riders,1,1,1,0,0,1,100.0
Shakib Al Hasan,2018,Sunrisers Hyderabad,13,239,195,26,5,35,122.56
Shakib Al Hasan,2019,Sunrisers Hyderabad,1,9,10,0,0,9,90.0
Shakib Al Hasan,2021,Kolkata Knight Riders,6,47,48,3,1,26,97.92
Shashank Singh,2022,Sunrisers Hyderabad,5,69,47,5,4,25,146.81
Shashank Singh,2024,Punjab Kings,14,354,215,28,21,68,164.65
Shashank Singh,2025,Punjab Kings,14,350,228,23,18,61,153.51
Shivam Mavi,2018,Kolkata Knight Riders,3,13,15,1,0,7,86.67
Shivam Mavi,2020,Kolkata Knight Riders,3,10,14,1,0,9,71.43
Shivam Mavi,2021,Kolkata Knight Riders,2,25,20,2,2,20,125.0
Shivam Mavi,2022,Kolkata Knight Riders,3,3,7,0,0,2,42.86
Shivam Sharma,2014,Kings XI Punjab,2,5,3,1,0,4,166.67
Shivam Singh,2024,Punjab Kings,1,2,3,0,0,2,66.67
Shoaib Ahmed,2009,Deccan Chargers,3,1,6,0,0,1,16.67
Shoaib Akhtar,2008,Kolkata Knight Riders,1,2,7,0,0,2,28.57
Shoaib Malik,2008,Delhi Daredevils,5,52,46,5,0,24,113.04
Shubman Gill,2018,Kolkata Knight Riders,10,203,139,22,5,57,146.04
Shubman Gill,2019,Kolkata Knight Riders,13,296,237,21,10,76,124.89
Shubman Gill,2020,Kolkata Knight Riders,14,440,372,44,9,70,118.28
Shubman Gill,2021,Kolkata Knight Riders,17,478,401,50,12,57,119.2
Shubman Gill,2022,Gujarat Titans,16,483,362,51,11,96,133.43
Shubman Gill,2023,Gujarat Titans,17,890,560,85,33,129,158.93
Shubman Gill,2024,Gujarat Titans,12,426,289,37,15,104,147.4
Shubman Gill,2025,Gujarat Titans,15,650,414,62,24,93,157.0
Sikandar Raza,2023,Punjab Kings,7,139,98,10,6,57,141.84
Sikandar Raza,2024,Punjab Kings,2,43,38,2,2,28,113.16
Simarjeet Singh,2022,Chennai Super Kings,3,7,8,0,0,3,87.5
Simarjeet Singh,2025,Sunrisers Hyderabad,3,3,7,0,0,3,42.86
Sohail Tanvir,2008,Rajasthan Royals,5,36,28,3,1,13,128.57
Sumit Kumar,2024,Delhi Capitals,3,18,24,2,1,9,75.0
Sunny Gupta,2012,Delhi Daredevils,1,0,1,0,0,0,0.0
Sunny Singh,2011,Kings XI Punjab,5,43,31,6,1,20,138.71
Suryansh Shedge,2025,Punjab Kings,3,7,11,0,0,4,63.64
Swapnil Singh,2016,Kings XI Punjab,1,0,1,0,0,0,0.0
Swapnil Singh,2017,Kings XI Punjab,2,12,19,0,0,10,63.16
Swapnil Singh,2023,Lucknow Super Giants,1,2,4,0,0,2,50.0
Swapnil Singh,2024,Royal Challengers Bengaluru,5,37,21,3,3,15,176.19
T Banton,2020,Kolkata Knight Riders,2,18,20,1,1,10,90.0
T Henderson,2009,Rajasthan Royals,2,11,15,0,1,11,73.33
T Kohler-Cadmore,2024,Rajasthan Royals,3,48,54,7,1,20,88.89
T Kohli,2008,Rajasthan Royals,2,10,15,0,1,7,66.67
T Kohli,2009,Kings XI Punjab,1,1,4,0,0,1,25.0
T Natarajan,2020,Sunrisers Hyderabad,2,3,5,0,0,3,60.0
T Shamsi,2021,Rajasthan Royals,1,2,4,0,0,2,50.0
T Stubbs,2022,Mumbai Indians,2,2,4,0,0,2,50.0
T Stubbs,2023,Mumbai Indians,2,25,31,2,0,20,80.65
T Stubbs,2024,Delhi Capitals,13,378,196,24,26,71,192.86
T Stubbs,2025,Delhi Capitals,13,300,199,25,11,41,150.75
T Taibu,2008,Kolkata Knight Riders,3,31,26,3,0,15,119.23
T Thushara,2009,Chennai Super Kings,2,2,7,0,0,1,28.57
T Thushara,2010,Chennai Super Kings,2,10,11,0,0,8,90.91
TA Boult,2017,Kolkata Knight Riders,1,5,8,0,0,5,62.5
TA Boult,2018,Delhi Daredevils,1,0,2,0,0,0,0.0
TA Boult,2019,Delhi Capitals,2,7,4,0,1,6,175.0
TA Boult,2020,Mumbai Indians,1,0,1,0,0,0,0.0
TA Boult,2021,Mumbai Indians,2,1,4,0,0,1,25.0
TA Boult,2022,Rajasthan Royals,7,40,29,2,1,17,137.93
TA Boult,2023,Rajasthan Royals,4,16,14,1,1,15,114.29
TA Boult,2024,Rajasthan Royals,4,14,16,2,0,12,87.5
TA Boult,2025,Mumbai Indians,2,2,3,0,0,1,66.67
TD Paine,2011,Pune Warriors,2,10,26,0,0,8,38.46
TG Southee,2014,Rajasthan Royals,1,4,4,1,0,4,100.0
TG Southee,2015,Rajasthan Royals,2,13,9,1,0,7,144.44
TG Southee,2016,Mumbai Indians,4,30,18,1,2,25,166.67
TG Southee,2017,Mumbai Indians,1,7,3,0,1,7,233.33
TG Southee,2018,Royal Challengers Bangalore,4,52,46,5,1,36,113.04
TG Southee,2019,Royal Challengers Bangalore,1,9,9,0,0,9,100.0
TG Southee,2021,Kolkata Knight Riders,1,3,5,0,0,3,60.0
TG Southee,2022,Kolkata Knight Riders,5,2,12,0,0,1,16.67
TH David,2021,Royal Challengers Bangalore,1,1,3,0,0,1,33.33
TH David,2022,Mumbai Indians,8,186,86,12,16,46,216.28
TH David,2023,Mumbai Indians,15,231,145,12,15,45,159.31
TH David,2024,Mumbai Indians,11,241,150,14,15,45,160.67
TH David,2025,Royal Challengers Bengaluru,9,187,99,16,14,50,188.89
TK Curran,2018,Kolkata Knight Riders,4,23,28,3,0,18,82.14
TK Curran,2020,Rajasthan Royals,4,83,62,5,3,54,133.87
TK Curran,2021,Delhi Capitals,2,21,17,2,0,21,123.53
TL Seifert,2021,Kolkata Knight Riders,1,2,4,0,0,2,50.0
TL Seifert,2022,Delhi Capitals,2,24,19,4,0,21,126.32
TL Suman,2009,Deccan Chargers,12,237,190,18,8,41,124.74
TL Suman,2010,Deccan Chargers,14,307,255,23,12,78,120.39
TL Suman,2011,Mumbai Indians,6,65,51,5,5,36,127.45
TL Suman,2012,Mumbai Indians,2,15,19,1,1,10,78.95
TL Suman,2013,Pune Warriors,5,52,58,8,0,23,89.66
TM Dilshan,2008,Delhi Daredevils,7,104,78,14,3,33,133.33
TM Dilshan,2009,Delhi Daredevils,13,418,339,42,13,67,123.3
TM Dilshan,2010,Delhi Daredevils,6,44,53,6,0,17,83.02
TM Dilshan,2011,Royal Challengers Bangalore,10,226,180,33,3,59,125.56
TM Dilshan,2012,Royal Challengers Bangalore,9,285,259,33,5,76,110.04
TM Dilshan,2013,Royal Challengers Bangalore,5,76,92,12,0,33,82.61
TM Head,2016,Royal Challengers Bangalore,3,54,39,3,2,37,138.46
TM Head,2017,Royal Challengers Bangalore,7,151,108,9,6,75,139.81
TM Head,2024,Sunrisers Hyderabad,15,567,294,64,32,102,192.86
TM Head,2025,Sunrisers Hyderabad,12,374,226,50,15,76,165.49
TM Srivastava,2008,Kings XI Punjab,2,8,10,0,0,7,80.0
TM Srivastava,2009,Kings XI Punjab,1,0,1,0,0,0,0.0
TR Birt,2011,Delhi Daredevils,5,75,57,9,2,27,131.58
TS Mills,2017,Royal Challengers Bangalore,3,8,11,0,1,6,72.73
TS Mills,2022,Mumbai Indians,2,0,3,0,0,0,0.0
TU Deshpande,2020,Delhi Capitals,2,21,12,2,1,20,175.0
TU Deshpande,2023,Chennai Super Kings,1,0,1,0,0,0,0.0
TU Deshpande,2024,Chennai Super Kings,1,0,1,0,0,0,0.0
TU Deshpande,2025,Rajasthan Royals,4,7,8,0,0,3,87.5
Tanush Kotian,2024,Rajasthan Royals,1,24,31,3,0,24,77.42
Tilak Varma,2022,Mumbai Indians,14,397,302,29,16,61,131.46
Tilak Varma,2023,Mumbai Indians,11,343,208,26,23,84,164.9
Tilak Varma,2024,Mumbai Indians,13,416,277,35,19,65,150.18
Tilak Varma,2025,Mumbai Indians,13,343,245,23,16,59,140.0
U Kaul,2008,Kings XI Punjab,1,0,1,0,0,0,0.0
UA Birla,2013,Pune Warriors,1,7,14,1,0,7,50.0
UBT Chand,2011,Delhi Daredevils,2,2,12,0,0,2,16.67
UBT Chand,2012,Delhi Daredevils,2,36,34,2,3,18,105.88
UBT Chand,2013,Delhi Daredevils,9,158,157,17,4,41,100.64
UBT Chand,2014,Rajasthan Royals,1,2,9,0,0,2,22.22
UBT Chand,2015,Mumbai Indians,5,102,83,13,2,58,122.89
UBT Chand,2016,Mumbai Indians,1,0,4,0,0,0,0.0
UT Khawaja,2016,Rising Pune Supergiants,6,127,99,14,3,30,128.28
UT Yadav,2010,Delhi Daredevils,1,3,4,0,0,3,75.0
UT Yadav,2011,Delhi Daredevils,2,1,5,0,0,1,20.0
UT Yadav,2012,Delhi Daredevils,3,2,7,0,0,1,28.57
UT Yadav,2013,Delhi Daredevils,7,38,38,3,1,12,100.0
UT Yadav,2014,Kolkata Knight Riders,1,2,4,0,0,2,50.0
UT Yadav,2015,Kolkata Knight Riders,3,29,14,5,1,24,207.14
UT Yadav,2016,Kolkata Knight Riders,2,9,5,0,1,7,180.0
UT Yadav,2017,Kolkata Knight Riders,4,10,13,0,0,4,76.92
UT Yadav,2018,Royal Challengers Bangalore,5,3,11,0,0,1,27.27
UT Yadav,2019,Royal Challengers Bangalore,5,25,25,3,1,14,100.0
UT Yadav,2020,Royal Challengers Bangalore,1,0,2,0,0,0,0.0
UT Yadav,2022,Kolkata Knight Riders,7,55,40,4,4,21,137.5
UT Yadav,2023,Kolkata Knight Riders,5,19,18,1,0,6,105.56
UT Yadav,2024,Gujarat Titans,2,12,15,0,1,10,80.0
Umar Gul,2008,Kolkata Knight Riders,4,39,19,1,5,24,205.26
Umran Malik,2022,Sunrisers Hyderabad,4,4,8,0,0,3,50.0
Umran Malik,2023,Sunrisers Hyderabad,1,19,7,1,2,19,271.43
Urvil Patel,2025,Chennai Super Kings,3,68,32,5,6,37,212.5
V Kohli,2008,Royal Challengers Bangalore,12,165,157,18,4,38,105.1
V Kohli,2009,Royal Challengers Bangalore,13,246,219,22,8,50,112.33
V Kohli,2010,Royal Challengers Bangalore,13,307,211,26,12,58,145.5
V Kohli,2011,Royal Challengers Bangalore,16,557,459,55,16,71,121.35
V Kohli,2012,Royal Challengers Bangalore,15,364,325,33,10,73,112.0
V Kohli,2013,Royal Challengers Bangalore,16,634,452,64,22,99,140.27
V Kohli,2014,Royal Challengers Bangalore,14,359,294,23,16,73,122.11
V Kohli,2015,Royal Challengers Bangalore,16,505,386,35,23,82,130.83
V Kohli,2016,Royal Challengers Bangalore,16,973,637,84,38,113,152.75
V Kohli,2017,Royal Challengers Bangalore,10,308,252,23,11,64,122.22
V Kohli,2018,Royal Challengers Bangalore,14,530,379,52,18,92,139.84
V Kohli,2019,Royal Challengers Bangalore,14,464,327,46,13,100,141.9
V Kohli,2020,Royal Challengers Bangalore,15,466,382,23,11,90,121.99
V Kohli,2021,Royal Challengers Bangalore,15,405,337,43,9,72,120.18
V Kohli,2022,Royal Challengers Bangalore,16,341,294,32,8,73,115.99
V Kohli,2023,Royal Challengers Bangalore,14,639,457,65,16,101,139.82
V Kohli,2024,Royal Challengers Bengaluru,15,741,479,62,38,113,154.7
V Kohli,2025,Royal Challengers Bengaluru,15,657,454,66,19,73,144.71
V Nigam,2025,Delhi Capitals,8,142,78,16,8,39,182.05
V Pratap Singh,2012,Deccan Chargers,1,0,1,0,0,0,0.0
V Sehwag,2008,Delhi Daredevils,14,406,216,46,21,94,187.96
V Sehwag,2009,Delhi Daredevils,11,198,134,24,7,50,147.76
V Sehwag,2010,Delhi Daredevils,14,356,217,47,14,75,164.06
V Sehwag,2011,Delhi Daredevils,11,424,239,51,18,119,177.41
V Sehwag,2012,Delhi Daredevils,16,495,307,57,19,87,161.24
V Sehwag,2013,Delhi Daredevils,13,295,229,41,6,95,128.82
V Sehwag,2014,Kings XI Punjab,17,455,314,56,18,122,144.9
V Sehwag,2015,Kings XI Punjab,8,99,84,12,3,47,117.86
V Shankar,2017,Sunrisers Hyderabad,4,101,75,12,1,63,134.67
V Shankar,2018,Delhi Daredevils,9,212,147,11,11,54,144.22
V Shankar,2019,Sunrisers Hyderabad,14,244,193,11,12,40,126.42
V Shankar,2020,Sunrisers Hyderabad,5,97,96,10,1,52,101.04
V Shankar,2021,Sunrisers Hyderabad,5,58,52,1,3,28,111.54
V Shankar,2022,Gujarat Titans,4,19,35,1,0,13,54.29
V Shankar,2023,Gujarat Titans,10,301,187,27,15,63,160.96
V Shankar,2024,Gujarat Titans,7,83,72,7,2,17,115.28
V Shankar,2025,Chennai Super Kings,5,118,90,8,3,69,131.11
V Suryavanshi,2025,Rajasthan Royals,7,252,121,18,24,101,208.26
V Viyaskanth,2024,Sunrisers Hyderabad,1,7,5,0,0,7,140.0
VG Arora,2022,Punjab Kings,4,5,13,0,0,2,38.46
VG Arora,2023,Kolkata Knight Riders,2,3,2,0,0,2,150.0
VG Arora,2024,Kolkata Knight Riders,1,1,1,0,0,1,100.0
VG Arora,2025,Kolkata Knight Riders,2,0,8,0,0,0,0.0
VH Zol,2014,Royal Challengers Bangalore,2,29,26,3,1,16,111.54
VR Aaron,2011,Delhi Daredevils,1,0,5,0,0,0,0.0
VR Aaron,2012,Delhi Daredevils,2,1,3,0,0,1,33.33
VR Aaron,2014,Royal Challengers Bangalore,3,35,33,2,1,17,106.06
VR Aaron,2015,Royal Challengers Bangalore,1,6,3,0,1,6,200.0
VR Aaron,2017,Kings XI Punjab,2,4,10,0,0,4,40.0
VR Aaron,2019,Rajasthan Royals,1,3,7,0,0,3,42.86
VR Aaron,2020,Rajasthan Royals,2,1,10,0,0,1,10.0
VR Iyer,2021,Kolkata Knight Riders,10,370,288,37,14,67,128.47
VR Iyer,2022,Kolkata Knight Riders,12,182,169,17,7,50,107.69
VR Iyer,2023,Kolkata Knight Riders,14,404,276,32,21,104,146.38
VR Iyer,2024,Kolkata Knight Riders,13,370,233,35,19,70,158.8
VR Iyer,2025,Kolkata Knight Riders,7,142,102,15,4,60,139.22
VRV Singh,2008,Kings XI Punjab,2,4,3,1,0,4,133.33
VS Malik,2010,Kings XI Punjab,1,6,5,1,0,6,120.0
VS Malik,2014,Rajasthan Royals,1,1,2,0,0,1,50.0
VS Yeligati,2008,Mumbai Indians,1,2,2,0,0,2,100.0
VVS Laxman,2008,Deccan Chargers,6,155,132,22,1,52,117.42
VVS Laxman,2009,Deccan Chargers,5,19,33,1,1,10,57.58
VVS Laxman,2010,Deccan Chargers,6,64,60,7,1,22,106.67
VVS Laxman,2011,Kochi Tuskers Kerala,3,44,41,3,2,36,107.32
VY Mahesh,2008,Delhi Daredevils,5,15,27,0,0,6,55.56
Vijaykumar Vyshak,2023,Royal Challengers Bangalore,2,13,9,0,1,13,144.44
Vijaykumar Vyshak,2024,Royal Challengers Bengaluru,2,1,3,0,0,1,33.33
Virat Singh,2021,Sunrisers Hyderabad,2,15,26,1,0,11,57.69
Vishnu Vinod,2017,Royal Challengers Bangalore,3,19,26,1,1,9,73.08
Vishnu Vinod,2023,Mumbai Indians,3,37,30,2,2,30,123.33
Vivrant Sharma,2023,Sunrisers Hyderabad,1,69,47,9,2,69,146.81
W Jaffer,2008,Royal Challengers Bangalore,6,115,104,12,3,50,110.58
W Jaffer,2009,Royal Challengers Bangalore,2,15,17,2,0,8,88.24
WA Mota,2008,Kings XI Punjab,2,26,27,2,0,25,96.3
WA Mota,2009,Kings XI Punjab,6,30,48,0,0,12,62.5
WD Parnell,2011,Pune Warriors,5,37,39,2,1,16,94.87
WD Parnell,2012,Pune Warriors,5,19,27,2,0,11,70.37
WD Parnell,2013,Pune Warriors,1,5,7,0,0,5,71.43
WD Parnell,2014,Delhi Daredevils,1,2,2,0,0,2,100.0
WD Parnell,2023,Royal Challengers Bangalore,1,2,5,0,0,2,40.0
WG Jacks,2024,Royal Challengers Bengaluru,8,230,130,16,18,100,176.92
WG Jacks,2025,Mumbai Indians,11,233,172,22,11,53,135.47
WP Saha,2008,Kolkata Knight Riders,10,159,119,12,7,59,133.61
WP Saha,2009,Kolkata Knight Riders,7,72,41,3,4,25,175.61
WP Saha,2010,Kolkata Knight Riders,6,67,53,9,1,22,126.42
WP Saha,2011,Chennai Super Kings,2,68,63,2,4,46,107.94
WP Saha,2012,Chennai Super Kings,1,6,14,0,0,6,42.86
WP Saha,2013,Chennai Super Kings,3,70,56,6,4,39,125.0
WP Saha,2014,Kings XI Punjab,13,362,249,33,18,115,145.38
WP Saha,2015,Kings XI Punjab,13,249,197,16,10,42,126.4
WP Saha,2016,Kings XI Punjab,12,270,212,29,1,56,127.36
WP Saha,2017,Kings XI Punjab,11,234,186,20,8,93,125.81
WP Saha,2018,Sunrisers Hyderabad,10,122,102,17,1,35,119.61
WP Saha,2019,Sunrisers Hyderabad,5,86,53,13,1,28,162.26
WP Saha,2020,Sunrisers Hyderabad,4,214,153,24,5,87,139.87
WP Saha,2021,Sunrisers Hyderabad,9,131,139,7,5,44,94.24
WP Saha,2022,Gujarat Titans,11,317,259,40,7,68,122.39
WP Saha,2023,Gujarat Titans,17,371,285,47,8,81,130.18
WP Saha,2024,Gujarat Titans,9,136,115,18,3,39,118.26
WPUJC Vaas,2008,Deccan Chargers,4,21,17,0,1,12,123.53
WPUJC Vaas,2009,Deccan Chargers,2,30,21,1,1,20,142.86
WPUJC Vaas,2010,Deccan Chargers,5,30,34,1,1,16,88.24
Washington Sundar,2017,Rising Pune Supergiant,5,9,12,0,0,5,75.0
Washington Sundar,2018,Royal Challengers Bangalore,5,65,38,5,4,35,171.05
Washington Sundar,2019,Royal Challengers Bangalore,2,1,3,0,0,1,33.33
Washington Sundar,2020,Royal Challengers Bangalore,9,111,95,10,2,30,116.84
Washington Sundar,2021,Royal Challengers Bangalore,4,31,46,2,0,10,67.39
Washington Sundar,2022,Sunrisers Hyderabad,7,101,69,9,3,40,146.38
Washington Sundar,2023,Sunrisers Hyderabad,5,60,60,6,0,24,100.0
Washington Sundar,2024,Sunrisers Hyderabad,1,0,1,0,0,0,0.0
Washington Sundar,2025,Gujarat Titans,5,133,80,10,7,49,166.25
X Thalaivan Sargunam,2013,Sunrisers Hyderabad,1,10,17,0,0,10,58.82
XC Bartlett,2025,Punjab Kings,1,11,15,1,0,11,73.33
Y Gnaneswara Rao,2011,Kochi Tuskers Kerala,1,19,17,3,0,19,111.76
Y Nagar,2009,Delhi Daredevils,1,20,20,1,0,20,100.0
Y Nagar,2010,Delhi Daredevils,1,1,6,0,0,1,16.67
Y Nagar,2011,Delhi Daredevils,10,111,100,6,6,23,111.0
Y Nagar,2012,Delhi Daredevils,8,153,133,13,3,44,115.04
Y Prithvi Raj,2019,Kolkata Knight Riders,1,0,1,0,0,0,0.0
Y Venugopal Rao,2008,Deccan Chargers,10,288,207,22,15,71,139.13
Y Venugopal Rao,2009,Deccan Chargers,12,124,114,6,3,32,108.77
Y Venugopal Rao,2010,Deccan Chargers,4,34,43,3,1,24,79.07
Y Venugopal Rao,2011,Delhi Daredevils,14,336,279,30,13,60,120.43
Y Venugopal Rao,2012,Delhi Daredevils,7,132,126,8,5,36,104.76
Y Venugopal Rao,2014,Sunrisers Hyderabad,5,71,63,8,0,27,112.7
YA Abdulla,2010,Kings XI Punjab,1,0,1,0,0,0,0.0
YBK Jaiswal,2020,Rajasthan Royals,3,40,44,2,2,34,90.91
YBK Jaiswal,2021,Rajasthan Royals,10,249,168,32,10,50,148.21
YBK Jaiswal,2022,Rajasthan Royals,10,258,191,28,10,68,135.08
YBK Jaiswal,2023,Rajasthan Royals,14,625,381,83,26,124,164.04
YBK Jaiswal,2024,Rajasthan Royals,15,435,278,54,16,104,156.47
YBK Jaiswal,2025,Rajasthan Royals,14,559,350,60,28,75,159.71
YK Pathan,2008,Rajasthan Royals,15,435,239,43,25,68,182.01
YK Pathan,2009,Rajasthan Royals,13,243,183,24,12,62,132.79
YK Pathan,2010,Rajasthan Royals,14,333,200,22,24,100,166.5
YK Pathan,2011,Kolkata Knight Riders,11,283,200,24,13,47,141.5
YK Pathan,2012,Kolkata Knight Riders,16,194,166,10,7,40,116.87
YK Pathan,2013,Kolkata Knight Riders,16,332,239,30,15,72,138.91
YK Pathan,2014,Kolkata Knight Riders,12,268,165,15,20,72,162.42
YK Pathan,2015,Kolkata Knight Riders,12,312,229,29,12,52,136.24
YK Pathan,2016,Kolkata Knight Riders,13,361,248,33,13,63,145.56
YK Pathan,2017,Kolkata Knight Riders,11,143,115,9,6,59,124.35
YK Pathan,2018,Sunrisers Hyderabad,13,260,200,22,11,45,130.0
YK Pathan,2019,Sunrisers Hyderabad,7,40,45,1,1,16,88.89
YS Chahal,2014,Royal Challengers Bangalore,1,1,1,0,0,1,100.0
YS Chahal,2015,Royal Challengers Bangalore,1,1,1,0,0,1,100.0
YS Chahal,2017,Royal Challengers Bangalore,6,13,26,0,0,4,50.0
YS Chahal,2018,Royal Challengers Bangalore,1,0,4,0,0,0,0.0
YS Chahal,2019,Royal Challengers Bangalore,3,6,16,0,0,4,37.5
YS Chahal,2020,Royal Challengers Bangalore,2,1,3,0,0,1,33.33
YS Chahal,2021,Royal Challengers Bangalore,2,10,27,0,0,8,37.04
YS Chahal,2022,Rajasthan Royals,1,5,8,0,0,5,62.5
YV Dhull,2023,Delhi Capitals,3,16,23,1,0,13,69.57
YV Takawale,2008,Mumbai Indians,4,70,64,7,2,27,109.38
YV Takawale,2009,Mumbai Indians,1,18,22,2,0,18,81.82
YV Takawale,2014,Royal Challengers Bangalore,5,104,91,17,1,45,114.29
Yash Dayal,2022,Gujarat Titans,1,0,1,0,0,0,0.0
Yash Dayal,2025,Royal Challengers Bengaluru,3,4,8,0,0,3,50.0
Yashpal Singh,2009,Kolkata Knight Riders,4,47,65,5,0,20,72.31
Younis Khan,2008,Rajasthan Royals,1,3,7,0,0,3,42.86
Yudhvir Singh,2023,Lucknow Super Giants,2,1,2,0,0,1,50.0
Yudhvir Singh,2024,Lucknow Super Giants,2,21,14,1,2,14,150.0
Yuvraj Singh,2008,Kings XI Punjab,14,299,184,24,19,57,162.5
Yuvraj Singh,2009,Kings XI Punjab,14,340,294,25,16,58,115.65
Yuvraj Singh,2010,Kings XI Punjab,14,255,198,20,14,43,128.79
Yuvraj Singh,2011,Pune Warriors,13,343,261,24,18,66,131.42
Yuvraj Singh,2013,Pune Warriors,13,238,190,14,15,34,125.26
Yuvraj Singh,2014,Royal Challengers Bangalore,14,376,274,22,28,83,137.23
Yuvraj Singh,2015,Delhi Daredevils,13,248,209,23,10,57,118.66
Yuvraj Singh,2016,Sunrisers Hyderabad,10,236,179,22,13,44,131.84
Yuvraj Singh,2017,Sunrisers Hyderabad,11,252,176,30,8,70,143.18
Yuvraj Singh,2018,Kings XI Punjab,6,65,73,6,2,20,89.04
Yuvraj Singh,2019,Mumbai Indians,4,98,75,7,6,53,130.67
Z Khan,2008,Royal Challengers Bangalore,7,34,42,4,0,17,80.95
Z Khan,2009,Mumbai Indians,3,8,11,0,0,4,72.73
Z Khan,2010,Mumbai Indians,3,24,13,3,1,23,184.62
Z Khan,2011,Royal Challengers Bangalore,2,21,24,2,0,21,87.5
Z Khan,2012,Royal Challengers Bangalore,4,12,17,1,0,11,70.59
Z Khan,2014,Mumbai Indians,3,8,7,0,1,7,114.29
Z Khan,2016,Delhi Daredevils,2,6,13,1,0,4,46.15
Z Khan,2017,Delhi Daredevils,3,4,13,0,0,2,30.77
