bowler,season,bowling_team,matches,balls_bowled,overs_bowled,runs_given,wickets,economy_rate,bowling_average
A Ashish Reddy,2012,Deccan Chargers,9,163,27.2,237,11,8.72,14.82
A Ashish Reddy,2013,Sunrisers Hyderabad,5,40,6.7,70,3,10.5,13.33
A Ashish Reddy,2015,Sunrisers Hyderabad,4,36,6.0,50,3,8.33,12.0
A Ashish Reddy,2016,Sunrisers Hyderabad,2,23,3.8,39,1,10.17,23.0
A Badoni,2022,Lucknow Super Giants,2,12,2.0,11,2,5.5,6.0
A Badoni,2023,Lucknow Super Giants,1,1,0.2,0,0,0.0,
A Badoni,2024,Lucknow Super Giants,2,12,2.0,25,0,12.5,
A Badoni,2025,Lucknow Super Giants,2,10,1.7,13,2,7.8,5.0
A Chandila,2012,Rajasthan Royals,4,84,14.0,86,5,6.14,16.8
A Chandila,2013,Rajasthan Royals,8,150,25.0,156,6,6.24,25.0
A Choudhary,2017,Royal Challengers Bangalore,5,101,16.8,144,5,8.55,20.2
A Dananjaya,2018,Mumbai Indians,1,24,4.0,47,0,11.75,
A Flintoff,2009,Chennai Super Kings,3,66,11.0,105,2,9.55,33.0
A Kamboj,2024,Mumbai Indians,3,60,10.0,114,2,11.4,30.0
A Kamboj,2025,Chennai Super Kings,8,129,21.5,172,8,8.0,16.13
A Kumble,2008,Royal Challengers Bangalore,10,230,38.3,304,7,7.93,32.86
A Kumble,2009,Royal Challengers Bangalore,16,355,59.2,347,21,5.86,16.9
A Kumble,2010,Royal Challengers Bangalore,16,380,63.3,407,17,6.43,22.35
A Mishra,2008,Delhi Daredevils,6,119,19.8,138,11,6.96,10.82
A Mishra,2009,Delhi Daredevils,11,253,42.2,294,14,6.97,18.07
A Mishra,2010,Delhi Daredevils,14,318,53.0,363,17,6.85,18.71
A Mishra,2011,Deccan Chargers,14,320,53.3,358,19,6.71,16.84
A Mishra,2012,Deccan Chargers,14,282,47.0,377,13,8.02,21.69
A Mishra,2013,Sunrisers Hyderabad,17,372,62.0,394,21,6.35,17.71
A Mishra,2014,Sunrisers Hyderabad,10,225,37.5,340,7,9.07,32.14
A Mishra,2015,Delhi Daredevils,12,241,40.2,310,9,7.72,26.78
A Mishra,2016,Delhi Daredevils,14,276,46.0,344,13,7.48,21.23
A Mishra,2017,Delhi Daredevils,14,233,38.8,343,10,8.83,23.3
A Mishra,2018,Delhi Daredevils,10,222,37.0,264,12,7.14,18.5
A Mishra,2019,Delhi Capitals,11,240,40.0,270,11,6.75,21.82
A Mishra,2020,Delhi Capitals,3,60,10.0,72,3,7.2,20.0
A Mishra,2021,Delhi Capitals,4,84,14.0,109,6,7.79,14.0
A Mishra,2023,Lucknow Super Giants,7,114,19.0,149,7,7.84,16.29
A Mishra,2024,Lucknow Super Giants,1,12,2.0,20,1,10.0,12.0
A Mithun,2009,Royal Challengers Bangalore,1,24,4.0,42,0,10.5,
A Mithun,2010,Royal Challengers Bangalore,1,18,3.0,39,1,13.0,18.0
A Mithun,2011,Royal Challengers Bangalore,12,204,34.0,321,5,9.44,40.8
A Mithun,2012,Royal Challengers Bangalore,1,18,3.0,33,0,11.0,
A Mithun,2013,Royal Challengers Bangalore,1,24,4.0,37,1,9.25,24.0
A Nehra,2008,Mumbai Indians,14,269,44.8,348,12,7.76,22.42
A Nehra,2009,Delhi Daredevils,13,306,51.0,346,19,6.78,16.11
A Nehra,2010,Delhi Daredevils,4,84,14.0,96,6,6.86,14.0
A Nehra,2012,Pune Warriors,13,288,48.0,402,11,8.38,26.18
A Nehra,2013,Delhi Daredevils,10,216,36.0,316,11,8.78,19.64
A Nehra,2014,Chennai Super Kings,4,90,15.0,142,8,9.47,11.25
A Nehra,2015,Chennai Super Kings,16,372,62.0,449,22,7.24,16.91
A Nehra,2016,Sunrisers Hyderabad,8,156,26.0,199,9,7.65,17.33
A Nehra,2017,Sunrisers Hyderabad,6,127,21.2,197,8,9.31,15.88
A Nel,2008,Mumbai Indians,1,18,3.0,31,1,10.33,18.0
A Nortje,2020,Delhi Capitals,16,366,61.0,512,22,8.39,16.64
A Nortje,2021,Delhi Capitals,8,182,30.3,187,12,6.16,15.17
A Nortje,2022,Delhi Capitals,6,134,22.3,217,9,9.72,14.89
A Nortje,2023,Delhi Capitals,10,240,40.0,364,10,9.1,24.0
A Nortje,2024,Delhi Capitals,6,132,22.0,294,7,13.36,18.86
A Nortje,2025,Kolkata Knight Riders,2,42,7.0,83,1,11.86,42.0
A Singh,2009,Rajasthan Royals,5,105,17.5,95,9,5.43,11.67
A Singh,2011,Rajasthan Royals,9,171,28.5,215,9,7.54,19.0
A Singh,2012,Rajasthan Royals,9,197,32.8,310,10,9.44,19.7
A Symonds,2008,Deccan Chargers,3,41,6.8,101,0,14.78,
A Symonds,2009,Deccan Chargers,8,144,24.0,160,7,6.67,20.57
A Symonds,2010,Deccan Chargers,16,318,53.0,372,12,7.02,26.5
A Symonds,2011,Mumbai Indians,3,24,4.0,41,1,10.25,24.0
A Uniyal,2010,Rajasthan Royals,2,36,6.0,66,2,11.0,18.0
A Zampa,2016,Rising Pune Supergiants,5,102,17.0,115,12,6.76,8.5
A Zampa,2017,Rising Pune Supergiant,6,119,19.8,163,7,8.22,17.0
A Zampa,2020,Royal Challengers Bangalore,3,66,11.0,92,2,8.36,33.0
A Zampa,2023,Rajasthan Royals,6,132,22.0,188,8,8.55,16.5
A Zampa,2025,Sunrisers Hyderabad,2,48,8.0,94,2,11.75,24.0
AA Chavan,2011,Rajasthan Royals,2,30,5.0,27,0,5.4,
AA Chavan,2012,Rajasthan Royals,8,164,27.3,236,7,8.63,23.43
AA Chavan,2013,Rajasthan Royals,3,54,9.0,63,1,7.0,54.0
AA Jhunjhunwala,2010,Rajasthan Royals,5,37,6.2,69,0,11.19,
AA Jhunjhunwala,2011,Pune Warriors,2,12,2.0,22,0,11.0,
AA Jhunjhunwala,2012,Deccan Chargers,3,36,6.0,38,1,6.33,36.0
AA Kazi,2011,Royal Challengers Bangalore,1,12,2.0,21,0,10.5,
AA Noffke,2008,Royal Challengers Bangalore,1,24,4.0,40,1,10.0,24.0
AB Agarkar,2008,Kolkata Knight Riders,9,156,26.0,207,8,7.96,19.5
AB Agarkar,2009,Kolkata Knight Riders,11,186,31.0,284,6,9.16,31.0
AB Agarkar,2010,Kolkata Knight Riders,7,132,22.0,203,4,9.23,33.0
AB Agarkar,2011,Delhi Daredevils,7,162,27.0,231,8,8.56,20.25
AB Agarkar,2012,Delhi Daredevils,4,86,14.3,134,3,9.35,28.67
AB Agarkar,2013,Delhi Daredevils,4,60,10.0,92,0,9.2,
AB Dinda,2008,Kolkata Knight Riders,12,234,39.0,260,9,6.67,26.0
AB Dinda,2009,Kolkata Knight Riders,8,144,24.0,193,4,8.04,36.0
AB Dinda,2010,Kolkata Knight Riders,7,139,23.2,152,9,6.56,15.44
AB Dinda,2011,Delhi Daredevils,5,102,17.0,152,5,8.94,20.4
AB Dinda,2012,Pune Warriors,7,144,24.0,169,9,7.04,16.0
AB Dinda,2013,Pune Warriors,13,294,49.0,465,16,9.49,18.38
AB Dinda,2014,Royal Challengers Bangalore,9,186,31.0,270,5,8.71,37.2
AB Dinda,2015,Royal Challengers Bangalore,2,30,5.0,62,0,12.4,
AB Dinda,2016,Rising Pune Supergiants,9,183,30.5,231,11,7.57,16.64
AB Dinda,2017,Rising Pune Supergiant,3,60,10.0,119,1,11.9,60.0
AB McDonald,2009,Delhi Daredevils,1,18,3.0,22,0,7.33,
AB McDonald,2010,Delhi Daredevils,4,84,14.0,138,5,9.86,16.8
AB McDonald,2011,Delhi Daredevils,1,12,2.0,23,0,11.5,
AB McDonald,2012,Royal Challengers Bangalore,3,60,10.0,61,5,6.1,12.0
AB McDonald,2013,Royal Challengers Bangalore,1,12,2.0,17,1,8.5,12.0
AC Gilchrist,2013,Kings XI Punjab,1,1,0.2,0,1,0.0,1.0
AC Thomas,2011,Pune Warriors,11,231,38.5,297,11,7.71,21.0
AC Thomas,2012,Pune Warriors,4,84,14.0,109,3,7.79,28.0
AC Voges,2010,Rajasthan Royals,7,54,9.0,76,0,8.44,
AD Mascarenhas,2008,Rajasthan Royals,1,24,4.0,29,2,7.25,12.0
AD Mascarenhas,2009,Rajasthan Royals,5,116,19.3,132,6,6.83,19.33
AD Mascarenhas,2010,Rajasthan Royals,2,48,8.0,65,4,8.13,12.0
AD Mascarenhas,2012,Kings XI Punjab,4,96,16.0,105,7,6.56,13.71
AD Mascarenhas,2013,Kings XI Punjab,1,24,4.0,25,0,6.25,
AD Mathews,2009,Kolkata Knight Riders,1,14,2.3,31,0,13.29,
AD Mathews,2010,Kolkata Knight Riders,12,225,37.5,314,8,8.37,28.13
AD Mathews,2012,Pune Warriors,9,156,26.0,192,7,7.38,22.29
AD Mathews,2013,Pune Warriors,10,186,31.0,240,5,7.74,37.2
AD Mathews,2015,Delhi Daredevils,10,180,30.0,246,7,8.2,25.71
AD Mathews,2017,Delhi Daredevils,2,30,5.0,56,0,11.2,
AD Russell,2012,Delhi Daredevils,4,96,16.0,161,1,10.06,96.0
AD Russell,2013,Delhi Daredevils,3,42,7.0,68,0,9.71,
AD Russell,2014,Kolkata Knight Riders,2,30,5.0,52,1,10.4,30.0
AD Russell,2015,Kolkata Knight Riders,13,244,40.7,324,14,7.97,17.43
AD Russell,2016,Kolkata Knight Riders,12,219,36.5,291,15,7.97,14.6
AD Russell,2018,Kolkata Knight Riders,15,227,37.8,355,13,9.38,17.46
AD Russell,2019,Kolkata Knight Riders,12,181,30.2,287,11,9.51,16.45
AD Russell,2020,Kolkata Knight Riders,7,108,18.0,175,6,9.72,18.0
AD Russell,2021,Kolkata Knight Riders,8,114,19.0,188,11,9.89,10.36
AD Russell,2022,Kolkata Knight Riders,13,169,28.2,278,17,9.87,9.94
AD Russell,2023,Kolkata Knight Riders,9,91,15.2,172,7,11.34,13.0
AD Russell,2024,Kolkata Knight Riders,14,176,29.3,295,19,10.06,9.26
AD Russell,2025,Kolkata Knight Riders,9,109,18.2,217,8,11.94,13.63
AF Milne,2016,Royal Challengers Bangalore,1,24,4.0,43,1,10.75,24.0
AF Milne,2017,Royal Challengers Bangalore,4,84,14.0,134,3,9.57,28.0
AF Milne,2021,Mumbai Indians,4,84,14.0,131,3,9.36,28.0
AF Milne,2022,Chennai Super Kings,1,15,2.5,19,0,7.6,
AG Murtaza,2010,Mumbai Indians,3,72,12.0,91,3,7.58,24.0
AG Murtaza,2011,Mumbai Indians,5,120,20.0,117,3,5.85,40.0
AG Murtaza,2012,Pune Warriors,1,12,2.0,11,0,5.5,
AG Murtaza,2013,Pune Warriors,3,60,10.0,94,3,9.4,20.0
AJ Finch,2010,Rajasthan Royals,1,7,1.2,5,0,4.29,
AJ Finch,2011,Delhi Daredevils,1,12,2.0,13,0,6.5,
AJ Finch,2013,Pune Warriors,3,24,4.0,49,1,12.25,24.0
AJ Hosein,2023,Sunrisers Hyderabad,1,24,4.0,40,1,10.0,24.0
AJ Tye,2017,Gujarat Lions,6,126,21.0,141,12,6.71,10.5
AJ Tye,2018,Kings XI Punjab,14,336,56.0,448,24,8.0,14.0
AJ Tye,2019,Kings XI Punjab,6,132,22.0,233,3,10.59,44.0
AJ Tye,2020,Rajasthan Royals,1,24,4.0,50,1,12.5,24.0
AJ Tye,2022,Lucknow Super Giants,3,66,11.0,107,2,9.73,33.0
AK Markram,2021,Punjab Kings,2,24,4.0,23,0,5.75,
AK Markram,2022,Sunrisers Hyderabad,4,36,6.0,64,1,10.67,36.0
AK Markram,2023,Sunrisers Hyderabad,6,49,8.2,70,1,8.57,49.0
AK Markram,2024,Sunrisers Hyderabad,2,12,2.0,15,0,7.5,
AK Markram,2025,Lucknow Super Giants,5,66,11.0,102,4,9.27,16.5
AL Menaria,2011,Rajasthan Royals,9,90,15.0,121,2,8.07,45.0
AL Menaria,2012,Rajasthan Royals,3,20,3.3,23,1,6.9,20.0
AM Nayar,2008,Mumbai Indians,5,42,7.0,68,1,9.71,42.0
AM Nayar,2009,Mumbai Indians,4,72,12.0,84,4,7.0,18.0
AM Nayar,2011,Kings XI Punjab,6,61,10.2,95,2,9.34,30.5
AM Nayar,2012,Kings XI Punjab,1,6,1.0,16,0,16.0,
AM Nayar,2013,Pune Warriors,3,48,8.0,59,2,7.38,24.0
AM Rahane,2009,Mumbai Indians,1,6,1.0,5,1,5.0,6.0
AM Salvi,2009,Delhi Daredevils,5,102,17.0,134,4,7.88,25.5
AM Salvi,2011,Delhi Daredevils,2,48,8.0,66,3,8.25,16.0
AN Ahmed,2010,Mumbai Indians,1,12,2.0,26,0,13.0,
AN Ahmed,2011,Mumbai Indians,6,120,20.0,169,5,8.45,24.0
AN Ahmed,2012,Mumbai Indians,1,12,2.0,17,0,8.5,
AN Ahmed,2013,Mumbai Indians,2,42,7.0,45,3,6.43,14.0
AN Ahmed,2014,Royal Challengers Bangalore,4,86,14.3,113,3,7.88,28.67
AN Ahmed,2015,Royal Challengers Bangalore,3,72,12.0,128,1,10.67,72.0
AP Dole,2010,Rajasthan Royals,3,66,11.0,112,5,10.18,13.2
AR Patel,2014,Kings XI Punjab,17,396,66.0,405,17,6.14,23.29
AR Patel,2015,Kings XI Punjab,14,280,46.7,392,13,8.4,21.54
AR Patel,2016,Kings XI Punjab,14,287,47.8,388,13,8.11,22.08
AR Patel,2017,Kings XI Punjab,14,288,48.0,362,15,7.54,19.2
AR Patel,2018,Kings XI Punjab,8,156,26.0,218,3,8.38,52.0
AR Patel,2019,Delhi Capitals,14,306,51.0,364,10,7.14,30.6
AR Patel,2020,Delhi Capitals,15,306,51.0,327,9,6.41,34.0
AR Patel,2021,Delhi Capitals,12,276,46.0,306,15,6.65,18.4
AR Patel,2022,Delhi Capitals,13,258,43.0,321,6,7.47,43.0
AR Patel,2023,Delhi Capitals,13,282,47.0,338,11,7.19,25.64
AR Patel,2024,Delhi Capitals,14,264,44.0,337,11,7.66,24.0
AR Patel,2025,Delhi Capitals,12,216,36.0,313,5,8.69,43.2
AS Joseph,2019,Mumbai Indians,3,52,8.7,87,6,10.04,8.67
AS Joseph,2022,Gujarat Titans,9,180,30.0,264,7,8.8,25.71
AS Joseph,2023,Gujarat Titans,7,144,24.0,225,7,9.38,20.57
AS Joseph,2024,Royal Challengers Bengaluru,3,58,9.7,115,1,11.9,58.0
AS Rajpoot,2013,Chennai Super Kings,2,24,4.0,35,1,8.75,24.0
AS Rajpoot,2016,Kolkata Knight Riders,4,66,11.0,98,3,8.91,22.0
AS Rajpoot,2017,Kolkata Knight Riders,5,84,14.0,107,4,7.64,21.0
AS Rajpoot,2018,Kings XI Punjab,8,157,26.2,223,11,8.52,14.27
AS Rajpoot,2019,Kings XI Punjab,4,96,16.0,152,3,9.5,32.0
AS Rajpoot,2020,Rajasthan Royals,6,102,17.0,199,2,11.71,51.0
AS Raut,2009,Rajasthan Royals,4,24,4.0,36,0,9.0,
AS Raut,2011,Rajasthan Royals,1,6,1.0,8,0,8.0,
AS Roy,2019,Mumbai Indians,1,12,2.0,11,1,5.5,12.0
AS Roy,2022,Kolkata Knight Riders,2,42,7.0,55,1,7.86,42.0
AS Roy,2023,Kolkata Knight Riders,3,48,8.0,65,3,8.13,16.0
AS Roy,2024,Kolkata Knight Riders,3,34,5.7,60,0,10.59,
AS Roy,2025,Kolkata Knight Riders,1,24,4.0,27,1,6.75,24.0
AU Rashid,2021,Punjab Kings,1,18,3.0,35,0,11.67,
AU Rashid,2023,Sunrisers Hyderabad,2,42,7.0,56,2,8.0,21.0
AUK Pathan,2011,Royal Challengers Bangalore,2,33,5.5,49,0,8.91,
AUK Pathan,2012,Royal Challengers Bangalore,1,6,1.0,14,0,14.0,
Abdul Samad,2020,Sunrisers Hyderabad,3,42,7.0,96,1,13.71,42.0
Abdul Samad,2021,Sunrisers Hyderabad,1,6,1.0,9,1,9.0,6.0
Abdul Samad,2022,Sunrisers Hyderabad,1,6,1.0,8,0,8.0,
Abdul Samad,2025,Lucknow Super Giants,1,2,0.3,6,0,18.0,
Abdur Razzak,2008,Royal Challengers Bangalore,1,12,2.0,29,0,14.5,
Abhishek Sharma,2019,Sunrisers Hyderabad,2,12,2.0,21,1,10.5,12.0
Abhishek Sharma,2020,Sunrisers Hyderabad,6,60,10.0,91,2,9.1,30.0
Abhishek Sharma,2021,Sunrisers Hyderabad,6,60,10.0,64,4,6.4,15.0
Abhishek Sharma,2022,Sunrisers Hyderabad,3,24,4.0,38,0,9.5,
Abhishek Sharma,2023,Sunrisers Hyderabad,5,72,12.0,124,2,10.33,36.0
Abhishek Sharma,2024,Sunrisers Hyderabad,4,42,7.0,51,2,7.29,21.0
Abhishek Sharma,2025,Sunrisers Hyderabad,6,66,11.0,112,0,10.18,
Akash Deep,2022,Royal Challengers Bangalore,5,113,18.8,205,5,10.88,22.6
Akash Deep,2023,Royal Challengers Bangalore,2,30,5.0,59,1,11.8,30.0
Akash Deep,2024,Royal Challengers Bengaluru,1,21,3.5,55,1,15.71,21.0
Akash Deep,2025,Lucknow Super Giants,6,114,19.0,229,3,12.05,38.0
Akash Madhwal,2023,Mumbai Indians,8,153,25.5,219,15,8.59,10.2
Akash Madhwal,2024,Mumbai Indians,5,109,18.2,205,5,11.28,21.8
Akash Madhwal,2025,Rajasthan Royals,4,90,15.0,166,4,11.07,22.5
Akash Singh,2021,Rajasthan Royals,1,24,4.0,39,0,9.75,
Akash Singh,2023,Chennai Super Kings,6,114,19.0,188,5,9.89,22.8
Akash Singh,2025,Lucknow Super Giants,3,67,11.2,99,4,8.87,16.75
Aman Hakim Khan,2022,Kolkata Knight Riders,1,6,1.0,13,0,13.0,
Anand Rajan,2011,Deccan Chargers,2,30,5.0,50,3,10.0,10.0
Anand Rajan,2012,Deccan Chargers,4,71,11.8,109,3,9.21,23.67
Anand Rajan,2013,Sunrisers Hyderabad,2,48,8.0,42,2,5.25,24.0
Ankit Sharma,2012,Deccan Chargers,9,145,24.2,165,4,6.83,36.25
Ankit Sharma,2013,Sunrisers Hyderabad,1,12,2.0,17,0,8.5,
Ankit Sharma,2014,Rajasthan Royals,2,48,8.0,43,4,5.38,12.0
Ankit Sharma,2015,Rajasthan Royals,4,84,14.0,114,3,8.14,28.0
Ankit Sharma,2016,Rising Pune Supergiants,3,66,11.0,84,1,7.64,66.0
Ankit Sharma,2017,Rising Pune Supergiant,1,6,1.0,16,0,16.0,
Ankit Sharma,2018,Rajasthan Royals,1,6,1.0,11,0,11.0,
Ankit Soni,2017,Gujarat Lions,6,109,18.2,144,2,7.93,54.5
Anureet Singh,2009,Kolkata Knight Riders,2,30,5.0,47,2,9.4,15.0
Anureet Singh,2015,Kings XI Punjab,14,310,51.7,465,15,9.0,20.67
Anureet Singh,2016,Kings XI Punjab,2,36,6.0,43,0,7.17,
Anureet Singh,2017,Kings XI Punjab,1,12,2.0,26,0,13.0,
Anureet Singh,2018,Rajasthan Royals,3,24,4.0,42,1,10.5,24.0
Arjun Tendulkar,2023,Mumbai Indians,4,59,9.8,92,3,9.36,19.67
Arjun Tendulkar,2024,Mumbai Indians,1,14,2.3,22,0,9.43,
Arshad Khan,2023,Mumbai Indians,6,85,14.2,190,5,13.41,17.0
Arshad Khan,2024,Lucknow Super Giants,3,49,8.2,90,1,11.02,49.0
Arshad Khan,2025,Gujarat Titans,9,126,21.0,217,6,10.33,21.0
Arshad Khan (2),2024,Lucknow Super Giants,1,12,2.0,24,0,12.0,
Arshdeep Singh,2019,Kings XI Punjab,3,60,10.0,109,3,10.9,20.0
Arshdeep Singh,2020,Kings XI Punjab,8,149,24.8,218,9,8.78,16.56
Arshdeep Singh,2021,Punjab Kings,12,248,41.3,342,18,8.27,13.78
Arshdeep Singh,2022,Punjab Kings,14,300,50.0,385,10,7.7,30.0
Arshdeep Singh,2023,Punjab Kings,14,305,50.8,493,17,9.7,17.94
Arshdeep Singh,2024,Punjab Kings,14,302,50.3,505,19,10.03,15.89
Arshdeep Singh,2025,Punjab Kings,16,350,58.3,518,21,8.88,16.67
Ashwani Kumar,2025,Mumbai Indians,7,123,20.5,232,11,11.32,11.18
Atharva Taide,2024,Punjab Kings,1,1,0.2,4,0,24.0,
Avesh Khan,2017,Royal Challengers Bangalore,1,24,4.0,23,1,5.75,24.0
Avesh Khan,2018,Delhi Daredevils,6,114,19.0,204,4,10.74,28.5
Avesh Khan,2019,Delhi Capitals,1,18,3.0,30,0,10.0,
Avesh Khan,2020,Delhi Capitals,1,24,4.0,42,0,10.5,
Avesh Khan,2021,Delhi Capitals,16,366,61.0,450,24,7.38,15.25
Avesh Khan,2022,Lucknow Super Giants,13,286,47.7,416,19,8.73,15.05
Avesh Khan,2023,Lucknow Super Giants,9,174,29.0,283,8,9.76,21.75
Avesh Khan,2024,Rajasthan Royals,15,329,54.8,526,19,9.59,17.32
Avesh Khan,2025,Lucknow Super Giants,13,284,47.3,487,13,10.29,21.85
Azhar Mahmood,2012,Kings XI Punjab,11,256,42.7,329,14,7.71,18.29
Azhar Mahmood,2013,Kings XI Punjab,11,263,43.8,330,15,7.53,17.53
Azhar Mahmood,2015,Kolkata Knight Riders,1,18,3.0,41,0,13.67,
Azmatullah Omarzai,2024,Gujarat Titans,7,126,21.0,186,4,8.86,31.5
Azmatullah Omarzai,2025,Punjab Kings,8,162,27.0,279,8,10.33,20.25
B Akhil,2008,Royal Challengers Bangalore,6,104,17.3,134,2,7.73,52.0
B Akhil,2009,Royal Challengers Bangalore,5,66,11.0,80,4,7.27,16.5
B Akhil,2010,Royal Challengers Bangalore,1,6,1.0,6,0,6.0,
B Akhil,2011,Kochi Tuskers Kerala,1,12,2.0,22,0,11.0,
B Chipli,2011,Deccan Chargers,1,6,1.0,20,0,20.0,
B Geeves,2008,Delhi Daredevils,2,48,8.0,91,1,11.38,48.0
B Kumar,2011,Pune Warriors,4,66,11.0,67,3,6.09,22.0
B Kumar,2012,Pune Warriors,11,234,39.0,281,8,7.21,29.25
B Kumar,2013,Pune Warriors,16,342,57.0,371,13,6.51,26.31
B Kumar,2014,Sunrisers Hyderabad,14,319,53.2,354,20,6.66,15.95
B Kumar,2015,Sunrisers Hyderabad,14,310,51.7,407,18,7.88,17.22
B Kumar,2016,Sunrisers Hyderabad,17,396,66.0,490,23,7.42,17.22
B Kumar,2017,Sunrisers Hyderabad,14,314,52.3,369,26,7.05,12.08
B Kumar,2018,Sunrisers Hyderabad,12,277,46.2,354,9,7.67,30.78
B Kumar,2019,Sunrisers Hyderabad,15,354,59.0,461,13,7.81,27.23
B Kumar,2020,Sunrisers Hyderabad,4,85,14.2,99,3,6.99,28.33
B Kumar,2021,Sunrisers Hyderabad,11,252,42.0,335,6,7.98,42.0
B Kumar,2022,Sunrisers Hyderabad,14,313,52.2,383,12,7.34,26.08
B Kumar,2023,Sunrisers Hyderabad,14,306,51.0,425,16,8.33,19.13
B Kumar,2024,Sunrisers Hyderabad,16,342,57.0,533,11,9.35,31.09
B Kumar,2025,Royal Challengers Bengaluru,14,312,52.0,483,17,9.29,18.35
B Laughlin,2013,Chennai Super Kings,2,42,7.0,71,1,10.14,42.0
B Laughlin,2018,Rajasthan Royals,7,126,21.0,211,9,10.05,14.0
B Lee,2008,Kings XI Punjab,4,96,16.0,112,4,7.0,24.0
B Lee,2009,Kings XI Punjab,5,120,20.0,111,5,5.55,24.0
B Lee,2010,Kings XI Punjab,4,87,14.5,149,0,10.28,
B Lee,2011,Kolkata Knight Riders,12,272,45.3,338,5,7.46,54.4
B Lee,2012,Kolkata Knight Riders,10,228,38.0,299,7,7.87,32.57
B Lee,2013,Kolkata Knight Riders,3,72,12.0,86,4,7.17,18.0
B Stanlake,2017,Royal Challengers Bangalore,2,48,8.0,70,2,8.75,24.0
B Stanlake,2018,Sunrisers Hyderabad,4,96,16.0,130,5,8.13,19.2
BA Bhatt,2011,Kings XI Punjab,8,167,27.8,229,9,8.23,18.56
BA Bhatt,2012,Kings XI Punjab,5,99,16.5,136,2,8.24,49.5
BA Bhatt,2013,Kings XI Punjab,2,30,5.0,32,1,6.4,30.0
BA Stokes,2017,Rising Pune Supergiant,12,264,44.0,316,12,7.18,22.0
BA Stokes,2018,Rajasthan Royals,12,222,37.0,303,8,8.19,27.75
BA Stokes,2019,Rajasthan Royals,6,101,16.8,189,6,11.23,16.83
BA Stokes,2020,Rajasthan Royals,6,90,15.0,154,2,10.27,45.0
BA Stokes,2021,Rajasthan Royals,1,6,1.0,12,0,12.0,
BA Stokes,2023,Chennai Super Kings,1,6,1.0,18,0,18.0,
BAW Mendis,2008,Kolkata Knight Riders,1,24,4.0,24,1,6.0,24.0
BAW Mendis,2009,Kolkata Knight Riders,4,96,16.0,117,3,7.31,32.0
BAW Mendis,2010,Kolkata Knight Riders,2,48,8.0,66,2,8.25,24.0
BAW Mendis,2013,Pune Warriors,3,72,12.0,78,2,6.5,36.0
BB Sran,2015,Rajasthan Royals,1,18,3.0,35,0,11.67,
BB Sran,2016,Sunrisers Hyderabad,14,297,49.5,413,14,8.34,21.21
BB Sran,2017,Sunrisers Hyderabad,1,12,2.0,29,0,14.5,
BB Sran,2018,Kings XI Punjab,6,132,22.0,229,4,10.41,33.0
BB Sran,2019,Mumbai Indians,2,24,4.0,51,0,12.75,
BCJ Cutting,2014,Rajasthan Royals,1,24,4.0,31,1,7.75,24.0
BCJ Cutting,2016,Sunrisers Hyderabad,4,67,11.2,80,5,7.16,13.4
BCJ Cutting,2017,Sunrisers Hyderabad,4,76,12.7,123,1,9.71,76.0
BCJ Cutting,2018,Mumbai Indians,7,102,17.0,168,2,9.88,51.0
BCJ Cutting,2019,Mumbai Indians,1,12,2.0,27,1,13.5,12.0
BE Hendricks,2014,Kings XI Punjab,3,72,12.0,126,4,10.5,18.0
BE Hendricks,2015,Kings XI Punjab,4,78,13.0,109,5,8.38,15.6
BJ Hodge,2009,Kolkata Knight Riders,9,120,20.0,161,7,8.05,17.14
BJ Hodge,2010,Kolkata Knight Riders,4,30,5.0,41,2,8.2,15.0
BJ Hodge,2011,Kochi Tuskers Kerala,4,66,11.0,77,7,7.0,9.43
BJ Hodge,2012,Rajasthan Royals,2,12,2.0,21,1,10.5,12.0
BJ Hodge,2013,Rajasthan Royals,1,6,1.0,3,0,3.0,
BJ Rohrer,2013,Delhi Daredevils,1,6,1.0,12,0,12.0,
BMAJ Mendis,2013,Delhi Daredevils,2,30,5.0,36,1,7.2,30.0
BW Hilfenhaus,2012,Chennai Super Kings,9,204,34.0,233,14,6.85,14.57
BW Hilfenhaus,2014,Chennai Super Kings,8,168,28.0,246,8,8.79,21.0
Basil Thampi,2017,Gujarat Lions,12,268,44.7,424,11,9.49,24.36
Basil Thampi,2018,Sunrisers Hyderabad,4,61,10.2,114,5,11.21,12.2
Basil Thampi,2019,Sunrisers Hyderabad,3,72,12.0,110,0,9.17,
Basil Thampi,2020,Sunrisers Hyderabad,1,24,4.0,46,1,11.5,24.0
Basil Thampi,2022,Mumbai Indians,5,96,16.0,152,5,9.5,19.2
Bipul Sharma,2010,Kings XI Punjab,4,60,10.0,94,3,9.4,20.0
Bipul Sharma,2011,Kings XI Punjab,4,72,12.0,78,4,6.5,18.0
Bipul Sharma,2012,Kings XI Punjab,3,46,7.7,79,0,10.3,
Bipul Sharma,2013,Kings XI Punjab,1,24,4.0,21,1,5.25,24.0
Bipul Sharma,2015,Sunrisers Hyderabad,3,42,7.0,50,3,7.14,14.0
Bipul Sharma,2016,Sunrisers Hyderabad,6,84,14.0,121,3,8.64,28.0
Bipul Sharma,2017,Sunrisers Hyderabad,7,98,16.3,129,3,7.9,32.67
C Bosch,2025,Mumbai Indians,2,42,7.0,55,1,7.86,42.0
C Ganapathy,2010,Chennai Super Kings,1,6,1.0,13,0,13.0,
C Green,2023,Mumbai Indians,16,228,38.0,361,6,9.5,38.0
C Green,2024,Royal Challengers Bengaluru,13,211,35.2,303,10,8.62,21.1
C Munro,2016,Kolkata Knight Riders,2,12,2.0,15,0,7.5,
C Nanda,2009,Mumbai Indians,3,48,8.0,57,2,7.13,24.0
C Sakariya,2021,Rajasthan Royals,14,312,52.0,426,14,8.19,22.29
C Sakariya,2022,Delhi Capitals,3,66,11.0,84,3,7.64,22.0
C Sakariya,2023,Delhi Capitals,2,48,8.0,89,3,11.13,16.0
C Sakariya,2025,Kolkata Knight Riders,1,18,3.0,39,0,13.0,
C de Grandhomme,2017,Kolkata Knight Riders,9,96,16.0,135,4,8.44,24.0
C de Grandhomme,2018,Royal Challengers Bangalore,7,90,15.0,129,2,8.6,45.0
C de Grandhomme,2019,Royal Challengers Bangalore,3,30,5.0,55,0,11.0,
CH Gayle,2009,Kolkata Knight Riders,7,113,18.8,144,1,7.65,113.0
CH Gayle,2010,Kolkata Knight Riders,6,96,16.0,152,4,9.5,24.0
CH Gayle,2011,Royal Challengers Bangalore,12,216,36.0,244,8,6.78,27.0
CH Gayle,2012,Royal Challengers Bangalore,3,28,4.7,66,0,14.14,
CH Gayle,2013,Royal Challengers Bangalore,4,24,4.0,40,3,10.0,8.0
CH Gayle,2015,Royal Challengers Bangalore,1,12,2.0,15,0,7.5,
CH Gayle,2016,Royal Challengers Bangalore,4,60,10.0,63,2,6.3,30.0
CH Gayle,2020,Kings XI Punjab,1,5,0.8,5,0,6.0,
CH Morris,2013,Chennai Super Kings,16,300,50.0,401,15,8.02,20.0
CH Morris,2015,Rajasthan Royals,11,252,42.0,311,13,7.4,19.38
CH Morris,2016,Delhi Daredevils,12,264,44.0,308,13,7.0,20.31
CH Morris,2017,Delhi Daredevils,9,186,31.0,240,12,7.74,15.5
CH Morris,2018,Delhi Daredevils,4,84,14.0,143,3,10.21,28.0
CH Morris,2019,Delhi Capitals,9,198,33.0,306,13,9.27,15.23
CH Morris,2020,Royal Challengers Bangalore,9,190,31.7,210,11,6.63,17.27
CH Morris,2021,Rajasthan Royals,11,246,41.0,376,15,9.17,16.4
CJ Anderson,2014,Mumbai Indians,9,108,18.0,184,4,10.22,27.0
CJ Anderson,2015,Mumbai Indians,2,24,4.0,33,1,8.25,24.0
CJ Anderson,2017,Delhi Daredevils,8,113,18.8,186,3,9.88,37.67
CJ Anderson,2018,Royal Challengers Bangalore,3,52,8.7,115,3,13.27,17.33
CJ Dala,2018,Delhi Daredevils,1,18,3.0,34,0,11.33,
CJ Green,2020,Kolkata Knight Riders,1,17,2.8,24,0,8.47,
CJ Jordan,2016,Royal Challengers Bangalore,9,168,28.0,258,11,9.21,15.27
CJ Jordan,2017,Sunrisers Hyderabad,1,6,1.0,9,1,9.0,6.0
CJ Jordan,2018,Sunrisers Hyderabad,1,24,4.0,31,0,7.75,
CJ Jordan,2020,Kings XI Punjab,9,189,31.5,304,9,9.65,21.0
CJ Jordan,2021,Punjab Kings,4,72,12.0,96,4,8.0,18.0
CJ Jordan,2022,Chennai Super Kings,4,77,12.8,135,2,10.52,38.5
CJ Jordan,2023,Mumbai Indians,6,132,22.0,237,3,10.77,44.0
CJ McKay,2012,Mumbai Indians,2,42,7.0,60,1,8.57,42.0
CK Kapugedera,2008,Chennai Super Kings,3,17,2.8,49,0,17.29,
CK Langeveldt,2009,Kolkata Knight Riders,1,24,4.0,15,3,3.75,8.0
CK Langeveldt,2010,Kolkata Knight Riders,3,66,11.0,88,5,8.0,13.2
CK Langeveldt,2011,Royal Challengers Bangalore,3,66,11.0,84,5,7.64,13.2
CL White,2008,Royal Challengers Bangalore,1,6,1.0,24,0,24.0,
CL White,2010,Royal Challengers Bangalore,1,6,1.0,19,0,19.0,
CL White,2012,Deccan Chargers,2,18,3.0,27,0,9.0,
CL White,2013,Sunrisers Hyderabad,2,12,2.0,16,1,8.0,12.0
CR Brathwaite,2016,Delhi Daredevils,8,139,23.2,189,7,8.16,19.86
CR Brathwaite,2017,Delhi Daredevils,2,36,6.0,67,1,11.17,36.0
CR Brathwaite,2018,Sunrisers Hyderabad,4,61,10.2,94,5,9.25,12.2
CR Brathwaite,2019,Kolkata Knight Riders,2,18,3.0,29,0,9.67,
CR Woakes,2017,Kolkata Knight Riders,13,264,44.0,386,17,8.77,15.53
CR Woakes,2018,Royal Challengers Bangalore,5,110,18.3,190,8,10.36,13.75
CR Woakes,2021,Delhi Capitals,3,66,11.0,82,5,7.45,13.2
CRD Fernando,2008,Mumbai Indians,5,120,20.0,160,10,8.0,12.0
CRD Fernando,2010,Mumbai Indians,5,114,19.0,138,7,7.26,16.29
CV Varun,2019,Kings XI Punjab,1,18,3.0,35,1,11.67,18.0
CV Varun,2020,Kolkata Knight Riders,13,312,52.0,356,17,6.85,18.35
CV Varun,2021,Kolkata Knight Riders,17,408,68.0,448,18,6.59,22.67
CV Varun,2022,Kolkata Knight Riders,11,234,39.0,332,6,8.51,39.0
CV Varun,2023,Kolkata Knight Riders,14,316,52.7,429,20,8.15,15.8
CV Varun,2024,Kolkata Knight Riders,14,300,50.0,402,21,8.04,14.29
CV Varun,2025,Kolkata Knight Riders,13,300,50.0,383,17,7.66,17.65
D Brevis,2022,Mumbai Indians,1,3,0.5,8,1,16.0,3.0
D Jansen,2023,Mumbai Indians,1,24,4.0,53,1,13.25,24.0
D Kalyankrishna,2008,Deccan Chargers,3,48,8.0,87,2,10.88,24.0
D Pretorius,2022,Chennai Super Kings,6,126,21.0,210,6,10.0,21.0
D Pretorius,2023,Chennai Super Kings,1,24,4.0,28,0,7.0,
D Salunkhe,2008,Rajasthan Royals,5,47,7.8,78,1,9.96,47.0
D Wiese,2015,Royal Challengers Bangalore,13,254,42.3,353,16,8.34,15.88
D Wiese,2016,Royal Challengers Bangalore,1,24,4.0,49,0,12.25,
D Wiese,2023,Kolkata Knight Riders,1,18,3.0,38,0,12.67,
D du Preez,2009,Royal Challengers Bangalore,2,42,7.0,56,4,8.0,10.5
DA Warner,2020,Sunrisers Hyderabad,1,1,0.2,2,0,12.0,
DAJ Bracewell,2012,Delhi Daredevils,1,24,4.0,32,3,8.0,8.0
DB Ravi Teja,2008,Deccan Chargers,1,12,2.0,19,1,9.5,12.0
DB Ravi Teja,2011,Deccan Chargers,1,6,1.0,9,0,9.0,
DE Bollinger,2010,Chennai Super Kings,8,186,31.0,207,12,6.68,15.5
DE Bollinger,2011,Chennai Super Kings,13,282,47.0,329,17,7.0,16.59
DE Bollinger,2012,Chennai Super Kings,6,108,18.0,157,8,8.72,13.5
DG Nalkande,2022,Gujarat Titans,2,31,5.2,59,2,11.42,15.5
DG Nalkande,2023,Gujarat Titans,1,24,4.0,44,1,11.0,24.0
DG Nalkande,2024,Gujarat Titans,3,29,4.8,45,3,9.31,9.67
DJ Bravo,2008,Mumbai Indians,9,171,28.5,232,11,8.14,15.55
DJ Bravo,2009,Mumbai Indians,11,199,33.2,259,11,7.81,18.09
DJ Bravo,2010,Mumbai Indians,10,157,26.2,228,4,8.71,39.25
DJ Bravo,2011,Chennai Super Kings,6,120,20.0,157,6,7.85,20.0
DJ Bravo,2012,Chennai Super Kings,18,346,57.7,462,15,8.01,23.07
DJ Bravo,2013,Chennai Super Kings,18,375,62.5,497,32,7.95,11.72
DJ Bravo,2015,Chennai Super Kings,16,314,52.3,426,26,8.14,12.08
DJ Bravo,2016,Gujarat Lions,15,336,56.0,494,17,8.82,19.76
DJ Bravo,2018,Chennai Super Kings,16,321,53.5,533,14,9.96,22.93
DJ Bravo,2019,Chennai Super Kings,12,247,41.2,330,11,8.02,22.45
DJ Bravo,2020,Chennai Super Kings,6,126,21.0,180,6,8.57,21.0
DJ Bravo,2021,Chennai Super Kings,11,202,33.7,263,14,7.81,14.43
DJ Bravo,2022,Chennai Super Kings,10,206,34.3,299,16,8.71,12.88
DJ Harris,2012,Deccan Chargers,2,18,3.0,26,0,8.67,
DJ Hooda,2015,Rajasthan Royals,7,91,15.2,129,1,8.51,91.0
DJ Hooda,2016,Sunrisers Hyderabad,6,78,13.0,97,3,7.46,26.0
DJ Hooda,2017,Sunrisers Hyderabad,3,24,4.0,42,2,10.5,12.0
DJ Hooda,2018,Sunrisers Hyderabad,2,18,3.0,24,0,8.0,
DJ Hooda,2019,Sunrisers Hyderabad,2,12,2.0,21,1,10.5,12.0
DJ Hooda,2020,Kings XI Punjab,1,6,1.0,9,0,9.0,
DJ Hooda,2021,Punjab Kings,7,96,16.0,136,2,8.5,48.0
DJ Hooda,2022,Lucknow Super Giants,2,24,4.0,43,1,10.75,24.0
DJ Hooda,2023,Lucknow Super Giants,1,6,1.0,8,0,8.0,
DJ Hooda,2024,Lucknow Super Giants,2,18,3.0,22,0,7.33,
DJ Hooda,2025,Chennai Super Kings,1,6,1.0,15,0,15.0,
DJ Hussey,2008,Kolkata Knight Riders,5,78,13.0,130,2,10.0,39.0
DJ Hussey,2009,Kolkata Knight Riders,3,24,4.0,34,0,8.5,
DJ Hussey,2010,Kolkata Knight Riders,5,60,10.0,80,0,8.0,
DJ Hussey,2011,Kings XI Punjab,2,18,3.0,38,1,12.67,18.0
DJ Hussey,2012,Kings XI Punjab,6,54,9.0,63,3,7.0,18.0
DJ Hussey,2013,Kings XI Punjab,4,66,11.0,91,0,8.27,
DJ Hussey,2014,Chennai Super Kings,1,17,2.8,38,2,13.41,8.5
DJ Mitchell,2022,Rajasthan Royals,2,12,2.0,27,0,13.5,
DJ Mitchell,2024,Chennai Super Kings,2,36,6.0,70,1,11.67,36.0
DJ Muthuswami,2015,Delhi Daredevils,6,84,14.0,101,4,7.21,21.0
DJ Thornely,2008,Mumbai Indians,4,42,7.0,40,3,5.71,14.0
DJ Willey,2018,Chennai Super Kings,3,60,10.0,95,2,9.5,30.0
DJ Willey,2022,Royal Challengers Bangalore,4,66,11.0,72,1,6.55,66.0
DJ Willey,2023,Royal Challengers Bangalore,4,90,15.0,105,3,7.0,30.0
DJG Sammy,2013,Sunrisers Hyderabad,9,134,22.3,168,8,7.52,16.75
DJG Sammy,2014,Sunrisers Hyderabad,8,84,14.0,157,3,11.21,28.0
DJG Sammy,2015,Royal Challengers Bangalore,2,18,3.0,25,0,8.33,
DJM Short,2018,Rajasthan Royals,2,18,3.0,19,1,6.33,18.0
DL Chahar,2016,Rising Pune Supergiants,2,30,5.0,41,0,8.2,
DL Chahar,2017,Rising Pune Supergiant,3,42,7.0,74,1,10.57,42.0
DL Chahar,2018,Chennai Super Kings,12,229,38.2,278,10,7.28,22.9
DL Chahar,2019,Chennai Super Kings,17,387,64.5,482,22,7.47,17.59
DL Chahar,2020,Chennai Super Kings,14,312,52.0,396,12,7.62,26.0
DL Chahar,2021,Chennai Super Kings,15,324,54.0,451,14,8.35,23.14
DL Chahar,2023,Chennai Super Kings,10,204,34.0,297,13,8.74,15.69
DL Chahar,2024,Chennai Super Kings,8,141,23.5,202,5,8.6,28.2
DL Chahar,2025,Mumbai Indians,14,246,41.0,376,11,9.17,22.36
DL Vettori,2008,Delhi Daredevils,2,48,8.0,54,2,6.75,24.0
DL Vettori,2009,Delhi Daredevils,7,139,23.2,181,7,7.81,19.86
DL Vettori,2010,Delhi Daredevils,3,70,11.7,97,2,8.31,35.0
DL Vettori,2011,Royal Challengers Bangalore,13,310,51.7,311,12,6.02,25.83
DL Vettori,2012,Royal Challengers Bangalore,9,210,35.0,236,5,6.74,42.0
DNT Zoysa,2008,Deccan Chargers,3,66,11.0,99,2,9.0,33.0
DP Nannes,2009,Delhi Daredevils,13,297,49.5,372,15,7.52,19.8
DP Nannes,2010,Delhi Daredevils,9,206,34.3,224,7,6.52,29.43
DP Nannes,2011,Royal Challengers Bangalore,2,24,4.0,31,2,7.75,12.0
DP Nannes,2013,Chennai Super Kings,5,119,19.8,158,4,7.97,29.75
DP Vijaykumar,2008,Deccan Chargers,9,152,25.3,199,4,7.86,38.0
DR Sams,2020,Delhi Capitals,3,72,12.0,114,0,9.5,
DR Sams,2021,Royal Challengers Bangalore,2,36,6.0,39,1,6.5,36.0
DR Sams,2022,Mumbai Indians,11,252,42.0,370,13,8.81,19.38
DR Smith,2008,Mumbai Indians,4,66,11.0,83,5,7.55,13.2
DR Smith,2009,Deccan Chargers,8,84,14.0,124,1,8.86,84.0
DR Smith,2010,Deccan Chargers,2,23,3.8,36,1,9.39,23.0
DR Smith,2012,Mumbai Indians,6,78,13.0,95,2,7.31,39.0
DR Smith,2013,Mumbai Indians,3,30,5.0,59,2,11.8,15.0
DR Smith,2014,Chennai Super Kings,5,60,10.0,95,4,9.5,15.0
DR Smith,2015,Chennai Super Kings,1,12,2.0,17,1,8.5,12.0
DR Smith,2016,Gujarat Lions,8,108,18.0,153,8,8.5,13.5
DR Smith,2017,Gujarat Lions,9,78,13.0,148,2,11.38,39.0
DS Kulkarni,2008,Mumbai Indians,10,177,29.5,236,11,8.0,16.09
DS Kulkarni,2009,Mumbai Indians,8,156,26.0,206,5,7.92,31.2
DS Kulkarni,2010,Mumbai Indians,1,24,4.0,40,1,10.0,24.0
DS Kulkarni,2011,Mumbai Indians,6,120,20.0,149,5,7.45,24.0
DS Kulkarni,2012,Mumbai Indians,2,48,8.0,64,6,8.0,8.0
DS Kulkarni,2013,Mumbai Indians,6,112,18.7,151,8,8.09,14.0
DS Kulkarni,2014,Rajasthan Royals,8,162,27.0,221,6,8.19,27.0
DS Kulkarni,2015,Rajasthan Royals,11,210,35.0,277,13,7.91,16.15
DS Kulkarni,2016,Gujarat Lions,14,294,49.0,364,18,7.43,16.33
DS Kulkarni,2017,Gujarat Lions,6,113,18.8,173,3,9.19,37.67
DS Kulkarni,2018,Rajasthan Royals,8,119,19.8,188,4,9.48,29.75
DS Kulkarni,2019,Rajasthan Royals,10,210,35.0,335,6,9.57,35.0
DS Kulkarni,2020,Mumbai Indians,1,18,3.0,22,0,7.33,
DS Kulkarni,2021,Mumbai Indians,1,24,4.0,48,0,12.0,
DS Rathi,2025,Lucknow Super Giants,13,312,52.0,429,14,8.25,22.29
DT Christian,2011,Deccan Chargers,14,274,45.7,350,11,7.66,24.91
DT Christian,2012,Deccan Chargers,7,162,27.0,233,8,8.63,20.25
DT Christian,2013,Royal Challengers Bangalore,2,36,6.0,55,0,9.17,
DT Christian,2017,Rising Pune Supergiant,13,240,40.0,298,11,7.45,21.82
DT Christian,2018,Delhi Daredevils,4,71,11.8,101,4,8.54,17.75
DT Christian,2021,Royal Challengers Bangalore,9,100,16.7,155,4,9.3,25.0
DW Steyn,2008,Royal Challengers Bangalore,10,228,38.0,252,10,6.63,22.8
DW Steyn,2009,Royal Challengers Bangalore,3,54,9.0,62,2,6.89,27.0
DW Steyn,2010,Royal Challengers Bangalore,15,354,59.0,406,15,6.88,23.6
DW Steyn,2011,Deccan Chargers,12,273,45.5,299,14,6.57,19.5
DW Steyn,2012,Deccan Chargers,12,280,46.7,285,18,6.11,15.56
DW Steyn,2013,Sunrisers Hyderabad,17,407,67.8,384,19,5.66,21.42
DW Steyn,2014,Sunrisers Hyderabad,14,336,56.0,431,11,7.7,30.55
DW Steyn,2015,Sunrisers Hyderabad,6,114,19.0,170,3,8.95,38.0
DW Steyn,2016,Gujarat Lions,1,12,2.0,17,0,8.5,
DW Steyn,2019,Royal Challengers Bangalore,2,48,8.0,69,4,8.63,12.0
DW Steyn,2020,Royal Challengers Bangalore,3,70,11.7,133,1,11.4,70.0
E Malinga,2025,Sunrisers Hyderabad,7,160,26.7,238,13,8.92,12.31
F du Plessis,2012,Chennai Super Kings,1,6,1.0,16,0,16.0,
FA Allen,2021,Punjab Kings,3,66,11.0,90,1,8.18,66.0
FA Allen,2022,Mumbai Indians,1,24,4.0,46,1,11.5,24.0
FH Edwards,2009,Deccan Chargers,6,140,23.3,154,5,6.6,28.0
FY Fazal,2010,Rajasthan Royals,2,12,2.0,20,0,10.0,
Fazalhaq Farooqi,2022,Sunrisers Hyderabad,3,72,12.0,110,2,9.17,36.0
Fazalhaq Farooqi,2023,Sunrisers Hyderabad,4,80,13.3,117,4,8.78,20.0
Fazalhaq Farooqi,2025,Rajasthan Royals,5,102,17.0,210,0,12.35,
G Coetzee,2024,Mumbai Indians,10,201,33.5,341,13,10.18,15.46
G Coetzee,2025,Gujarat Titans,4,72,12.0,131,2,10.92,36.0
GB Hogg,2012,Rajasthan Royals,9,216,36.0,253,10,7.03,21.6
GB Hogg,2013,Rajasthan Royals,1,20,3.3,31,0,9.3,
GB Hogg,2015,Kolkata Knight Riders,6,126,21.0,144,9,6.86,14.0
GB Hogg,2016,Kolkata Knight Riders,5,96,16.0,142,4,8.88,24.0
GC Viljoen,2019,Kings XI Punjab,6,138,23.0,222,7,9.65,19.71
GD McGrath,2008,Delhi Daredevils,14,324,54.0,357,12,6.61,27.0
GD Phillips,2021,Rajasthan Royals,2,12,2.0,20,1,10.0,12.0
GD Phillips,2023,Sunrisers Hyderabad,2,18,3.0,20,1,6.67,18.0
GH Vihari,2013,Sunrisers Hyderabad,5,36,6.0,38,1,6.33,36.0
GH Vihari,2019,Delhi Capitals,1,6,1.0,9,0,9.0,
GHS Garton,2021,Royal Challengers Bangalore,5,90,15.0,135,3,9.0,30.0
GJ Maxwell,2012,Delhi Daredevils,2,18,3.0,22,1,7.33,18.0
GJ Maxwell,2013,Mumbai Indians,2,12,2.0,23,0,11.5,
GJ Maxwell,2014,Kings XI Punjab,7,66,11.0,132,1,12.0,66.0
GJ Maxwell,2015,Kings XI Punjab,7,60,10.0,97,2,9.7,30.0
GJ Maxwell,2016,Kings XI Punjab,7,54,9.0,80,0,8.89,
GJ Maxwell,2017,Kings XI Punjab,8,114,19.0,125,7,6.58,16.29
GJ Maxwell,2018,Delhi Daredevils,10,96,16.0,132,5,8.25,19.2
GJ Maxwell,2020,Kings XI Punjab,7,126,21.0,169,3,8.05,42.0
GJ Maxwell,2021,Royal Challengers Bangalore,6,96,16.0,135,3,8.44,32.0
GJ Maxwell,2022,Royal Challengers Bangalore,10,144,24.0,165,6,6.88,24.0
GJ Maxwell,2023,Royal Challengers Bangalore,7,62,10.3,94,3,9.1,20.67
GJ Maxwell,2024,Royal Challengers Bengaluru,6,96,16.0,129,6,8.06,16.0
GJ Maxwell,2025,Punjab Kings,6,78,13.0,110,4,8.46,19.5
GR Napier,2009,Mumbai Indians,1,24,4.0,27,1,6.75,24.0
GS Sandhu,2015,Delhi Daredevils,2,48,8.0,82,1,10.25,48.0
Gagandeep Singh,2008,Kings XI Punjab,4,84,14.0,141,3,10.07,28.0
Gulbadin Naib,2024,Delhi Capitals,1,6,1.0,12,0,12.0,
Gurkeerat Singh,2015,Kings XI Punjab,3,54,9.0,66,3,7.33,18.0
Gurkeerat Singh,2016,Kings XI Punjab,3,24,4.0,31,2,7.75,12.0
Gurnoor Brar,2023,Punjab Kings,1,18,3.0,42,0,14.0,
H Sharma,2023,Royal Challengers Bangalore,1,18,3.0,28,0,9.33,
H Sharma,2024,Royal Challengers Bengaluru,1,12,2.0,29,0,14.5,
HF Gurney,2019,Kolkata Knight Riders,8,162,27.0,238,7,8.81,23.14
HH Pandya,2015,Mumbai Indians,8,102,17.0,176,1,10.35,102.0
HH Pandya,2016,Mumbai Indians,10,100,16.7,153,3,9.18,33.33
HH Pandya,2017,Mumbai Indians,13,156,26.0,213,6,8.19,26.0
HH Pandya,2018,Mumbai Indians,13,256,42.7,381,18,8.93,14.22
HH Pandya,2019,Mumbai Indians,16,255,42.5,390,14,9.18,18.21
HH Pandya,2022,Gujarat Titans,10,183,30.5,222,8,7.28,22.88
HH Pandya,2023,Gujarat Titans,11,150,25.0,228,3,9.12,50.0
HH Pandya,2024,Mumbai Indians,12,216,36.0,387,11,10.75,19.64
HH Pandya,2025,Mumbai Indians,14,210,35.0,342,14,9.77,15.0
HR Shokeen,2022,Mumbai Indians,5,90,15.0,127,2,8.47,45.0
HR Shokeen,2023,Mumbai Indians,8,114,19.0,187,3,9.84,38.0
HV Patel,2012,Royal Challengers Bangalore,11,246,41.0,340,9,8.29,27.33
HV Patel,2014,Royal Challengers Bangalore,3,66,11.0,113,4,10.27,16.5
HV Patel,2015,Royal Challengers Bangalore,14,263,43.8,328,17,7.48,15.47
HV Patel,2016,Royal Challengers Bangalore,5,84,14.0,147,1,10.5,84.0
HV Patel,2017,Royal Challengers Bangalore,1,24,4.0,43,3,10.75,8.0
HV Patel,2018,Delhi Daredevils,5,105,17.5,167,7,9.54,15.0
HV Patel,2019,Delhi Capitals,2,48,8.0,77,2,9.63,24.0
HV Patel,2020,Delhi Capitals,5,90,15.0,134,3,8.93,30.0
HV Patel,2021,Royal Challengers Bangalore,15,338,56.3,459,32,8.15,10.56
HV Patel,2022,Royal Challengers Bangalore,15,321,53.5,410,19,7.66,16.89
HV Patel,2023,Royal Challengers Bangalore,13,282,47.0,454,14,9.66,20.14
HV Patel,2024,Punjab Kings,14,294,49.0,477,24,9.73,12.25
HV Patel,2025,Sunrisers Hyderabad,13,263,43.8,430,16,9.81,16.44
Harbhajan Singh,2008,Mumbai Indians,3,60,10.0,82,5,8.2,12.0
Harbhajan Singh,2009,Mumbai Indians,13,264,44.0,256,12,5.82,22.0
Harbhajan Singh,2010,Mumbai Indians,14,321,53.5,377,17,7.05,18.88
Harbhajan Singh,2011,Mumbai Indians,15,318,53.0,370,14,6.98,22.71
Harbhajan Singh,2012,Mumbai Indians,16,324,54.0,384,6,7.11,54.0
Harbhajan Singh,2013,Mumbai Indians,19,420,70.0,456,24,6.51,17.5
Harbhajan Singh,2014,Mumbai Indians,14,330,55.0,356,14,6.47,23.57
Harbhajan Singh,2015,Mumbai Indians,15,342,57.0,446,18,7.82,19.0
Harbhajan Singh,2016,Mumbai Indians,14,294,49.0,392,9,8.0,32.67
Harbhajan Singh,2017,Mumbai Indians,11,246,41.0,266,8,6.49,30.75
Harbhajan Singh,2018,Chennai Super Kings,12,191,31.8,270,7,8.48,27.29
Harbhajan Singh,2019,Chennai Super Kings,11,264,44.0,312,16,7.09,16.5
Harbhajan Singh,2021,Kolkata Knight Riders,3,42,7.0,63,0,9.0,
Harmeet Singh,2009,Deccan Chargers,7,137,22.8,192,3,8.41,45.67
Harmeet Singh,2010,Deccan Chargers,8,144,24.0,174,8,7.25,18.0
Harmeet Singh,2011,Deccan Chargers,2,42,7.0,53,3,7.57,14.0
Harmeet Singh,2012,Kings XI Punjab,7,134,22.3,191,7,8.55,19.14
Harmeet Singh,2013,Kings XI Punjab,3,68,11.3,87,5,7.68,13.6
Harmeet Singh,2013,Rajasthan Royals,1,24,4.0,34,1,8.5,24.0
Harpreet Brar,2019,Kings XI Punjab,2,30,5.0,48,0,9.6,
Harpreet Brar,2020,Kings XI Punjab,1,24,4.0,41,0,10.25,
Harpreet Brar,2021,Punjab Kings,7,138,23.0,139,5,6.04,27.6
Harpreet Brar,2022,Punjab Kings,5,96,16.0,146,4,9.13,24.0
Harpreet Brar,2023,Punjab Kings,11,163,27.2,218,9,8.02,18.11
Harpreet Brar,2024,Punjab Kings,13,228,38.0,303,7,7.97,32.57
Harpreet Brar,2025,Punjab Kings,7,132,22.0,190,10,8.64,13.2
Harsh Dubey,2025,Sunrisers Hyderabad,3,60,10.0,98,5,9.8,12.0
Harshit Rana,2022,Kolkata Knight Riders,2,30,5.0,51,1,10.2,30.0
Harshit Rana,2023,Kolkata Knight Riders,6,102,17.0,147,5,8.65,20.4
Harshit Rana,2024,Kolkata Knight Riders,11,253,42.2,383,19,9.08,13.32
Harshit Rana,2025,Kolkata Knight Riders,13,264,44.0,448,15,10.18,17.6
I Malhotra,2011,Deccan Chargers,1,6,1.0,23,0,23.0,
I Sharma,2008,Kolkata Knight Riders,13,253,42.2,329,7,7.8,36.14
I Sharma,2009,Kolkata Knight Riders,11,258,43.0,297,11,6.91,23.45
I Sharma,2010,Kolkata Knight Riders,7,150,25.0,236,7,9.44,21.43
I Sharma,2011,Deccan Chargers,12,264,44.0,314,11,7.14,24.0
I Sharma,2013,Sunrisers Hyderabad,16,358,59.7,466,15,7.81,23.87
I Sharma,2014,Sunrisers Hyderabad,3,66,11.0,101,3,9.18,22.0
I Sharma,2015,Sunrisers Hyderabad,4,84,14.0,159,1,11.36,84.0
I Sharma,2016,Rising Pune Supergiants,4,90,15.0,148,3,9.87,30.0
I Sharma,2017,Kings XI Punjab,6,108,18.0,179,0,9.94,
I Sharma,2019,Delhi Capitals,13,276,46.0,349,13,7.59,21.23
I Sharma,2020,Delhi Capitals,1,18,3.0,26,0,8.67,
I Sharma,2021,Delhi Capitals,3,72,12.0,97,1,8.08,72.0
I Sharma,2023,Delhi Capitals,8,150,25.0,206,10,8.24,15.0
I Sharma,2024,Delhi Capitals,9,162,27.0,265,10,9.81,16.2
I Sharma,2025,Gujarat Titans,7,110,18.3,205,4,11.18,27.5
I Udana,2020,Royal Challengers Bangalore,10,174,29.0,282,8,9.72,21.75
IC Pandey,2013,Pune Warriors,2,24,4.0,50,1,12.5,24.0
IC Pandey,2014,Chennai Super Kings,12,252,42.0,318,6,7.57,42.0
IC Pandey,2015,Chennai Super Kings,10,186,31.0,223,11,7.19,16.91
IC Porel,2021,Punjab Kings,1,24,4.0,39,1,9.75,24.0
IK Pathan,2008,Kings XI Punjab,14,318,53.0,350,15,6.6,21.2
IK Pathan,2009,Kings XI Punjab,14,302,50.3,390,17,7.75,17.76
IK Pathan,2010,Kings XI Punjab,14,278,46.3,426,15,9.19,18.53
IK Pathan,2011,Delhi Daredevils,13,275,45.8,344,11,7.51,25.0
IK Pathan,2012,Delhi Daredevils,17,360,60.0,465,8,7.75,45.0
IK Pathan,2013,Delhi Daredevils,15,308,51.3,382,10,7.44,30.8
IK Pathan,2014,Sunrisers Hyderabad,10,142,23.7,205,4,8.66,35.5
IK Pathan,2016,Rising Pune Supergiants,3,48,8.0,61,0,7.63,
IK Pathan,2017,Gujarat Lions,1,12,2.0,26,0,13.0,
IS Sodhi,2018,Rajasthan Royals,6,138,23.0,135,5,5.87,27.6
IS Sodhi,2019,Rajasthan Royals,2,43,7.2,67,4,9.35,10.75
Imran Tahir,2014,Delhi Daredevils,6,125,20.8,171,9,8.21,13.89
Imran Tahir,2015,Delhi Daredevils,10,213,35.5,314,15,8.85,14.2
Imran Tahir,2016,Delhi Daredevils,4,96,16.0,138,5,8.63,19.2
Imran Tahir,2017,Rising Pune Supergiant,12,282,47.0,369,18,7.85,15.67
Imran Tahir,2018,Chennai Super Kings,6,124,20.7,188,6,9.1,20.67
Imran Tahir,2019,Chennai Super Kings,17,386,64.3,431,26,6.7,14.85
Imran Tahir,2020,Chennai Super Kings,3,66,11.0,76,1,6.91,66.0
Imran Tahir,2021,Chennai Super Kings,1,24,4.0,16,2,4.0,12.0
Iqbal Abdulla,2008,Kolkata Knight Riders,1,18,3.0,22,0,7.33,
Iqbal Abdulla,2010,Kolkata Knight Riders,3,51,8.5,61,1,7.18,51.0
Iqbal Abdulla,2011,Kolkata Knight Riders,15,300,50.0,305,16,6.1,18.75
Iqbal Abdulla,2012,Kolkata Knight Riders,8,132,22.0,144,4,6.55,33.0
Iqbal Abdulla,2013,Kolkata Knight Riders,5,113,18.8,142,7,7.54,16.14
Iqbal Abdulla,2014,Rajasthan Royals,1,12,2.0,17,0,8.5,
Iqbal Abdulla,2015,Royal Challengers Bangalore,5,114,19.0,150,4,7.89,28.5
Iqbal Abdulla,2016,Royal Challengers Bangalore,8,150,25.0,213,6,8.52,25.0
Iqbal Abdulla,2017,Royal Challengers Bangalore,2,30,5.0,55,2,11.0,15.0
Ishan Kishan,2025,Sunrisers Hyderabad,1,1,0.2,4,0,24.0,
J Botha,2009,Rajasthan Royals,3,72,12.0,74,3,6.17,24.0
J Botha,2011,Rajasthan Royals,10,216,36.0,239,7,6.64,30.86
J Botha,2012,Rajasthan Royals,11,246,41.0,297,9,7.24,27.33
J Botha,2013,Delhi Daredevils,6,100,16.7,109,5,6.54,20.0
J Botha,2015,Kolkata Knight Riders,4,60,10.0,81,1,8.1,60.0
J Little,2023,Gujarat Titans,10,204,34.0,294,7,8.65,29.14
J Little,2024,Gujarat Titans,1,24,4.0,45,4,11.25,6.0
J Overton,2025,Chennai Super Kings,3,36,6.0,83,0,13.83,
J Suchith,2015,Mumbai Indians,12,234,39.0,337,10,8.64,23.4
J Suchith,2016,Mumbai Indians,1,12,2.0,31,0,15.5,
J Suchith,2019,Delhi Capitals,1,24,4.0,28,2,7.0,12.0
J Suchith,2021,Sunrisers Hyderabad,2,42,7.0,66,0,9.43,
J Suchith,2022,Sunrisers Hyderabad,5,108,18.0,140,7,7.78,15.43
J Syed Mohammad,2011,Royal Challengers Bangalore,5,90,15.0,127,5,8.47,18.0
J Syed Mohammad,2012,Royal Challengers Bangalore,2,42,7.0,65,0,9.29,
J Syed Mohammad,2013,Royal Challengers Bangalore,4,60,10.0,91,3,9.1,20.0
J Theron,2010,Kings XI Punjab,7,144,24.0,187,6,7.79,24.0
J Theron,2012,Deccan Chargers,2,48,8.0,66,2,8.25,24.0
J Theron,2015,Rajasthan Royals,1,24,4.0,40,1,10.0,24.0
J Yadav,2015,Delhi Daredevils,3,42,7.0,29,2,4.14,21.0
J Yadav,2016,Delhi Daredevils,5,102,17.0,125,2,7.35,51.0
J Yadav,2017,Delhi Daredevils,2,36,6.0,42,0,7.0,
J Yadav,2019,Mumbai Indians,2,42,7.0,50,1,7.14,42.0
J Yadav,2020,Mumbai Indians,2,42,7.0,43,1,6.14,42.0
J Yadav,2021,Mumbai Indians,5,102,17.0,130,2,7.65,51.0
J Yadav,2023,Gujarat Titans,1,24,4.0,26,0,6.5,
JA Morkel,2008,Chennai Super Kings,13,288,48.0,399,17,8.31,16.94
JA Morkel,2009,Chennai Super Kings,12,240,40.0,328,13,8.2,18.46
JA Morkel,2010,Chennai Super Kings,14,286,47.7,405,11,8.5,26.0
JA Morkel,2011,Chennai Super Kings,14,270,45.0,382,15,8.49,18.0
JA Morkel,2012,Chennai Super Kings,15,297,49.5,385,13,7.78,22.85
JA Morkel,2013,Chennai Super Kings,7,144,24.0,159,7,6.63,20.57
JA Morkel,2014,Royal Challengers Bangalore,6,96,16.0,126,4,7.88,24.0
JA Morkel,2015,Delhi Daredevils,4,72,12.0,109,3,9.08,24.0
JA Morkel,2016,Rising Pune Supergiants,2,30,5.0,66,2,13.2,15.0
JA Richardson,2021,Punjab Kings,3,66,11.0,117,3,10.64,22.0
JA Richardson,2024,Delhi Capitals,1,24,4.0,40,0,10.0,
JC Archer,2018,Rajasthan Royals,10,233,38.8,325,15,8.37,15.53
JC Archer,2019,Rajasthan Royals,11,258,43.0,291,11,6.77,23.45
JC Archer,2020,Rajasthan Royals,14,334,55.7,365,20,6.56,16.7
JC Archer,2023,Mumbai Indians,5,120,20.0,190,2,9.5,60.0
JC Archer,2025,Rajasthan Royals,12,273,45.5,431,11,9.47,24.82
JD Ryder,2009,Royal Challengers Bangalore,5,102,17.0,115,3,6.76,34.0
JD Ryder,2011,Pune Warriors,7,92,15.3,118,4,7.7,23.0
JD Ryder,2012,Pune Warriors,4,42,7.0,70,1,10.0,42.0
JD Unadkat,2010,Kolkata Knight Riders,3,62,10.3,85,4,8.23,15.5
JD Unadkat,2011,Kolkata Knight Riders,6,108,18.0,150,6,8.33,18.0
JD Unadkat,2012,Kolkata Knight Riders,1,18,3.0,32,0,10.67,
JD Unadkat,2013,Royal Challengers Bangalore,13,294,49.0,370,13,7.55,22.62
JD Unadkat,2014,Delhi Daredevils,9,187,31.2,270,9,8.66,20.78
JD Unadkat,2015,Delhi Daredevils,1,18,3.0,30,0,10.0,
JD Unadkat,2016,Kolkata Knight Riders,1,18,3.0,49,0,16.33,
JD Unadkat,2017,Rising Pune Supergiant,12,275,45.8,322,24,7.03,11.46
JD Unadkat,2018,Rajasthan Royals,15,302,50.3,486,11,9.66,27.45
JD Unadkat,2019,Rajasthan Royals,11,224,37.3,398,10,10.66,22.4
JD Unadkat,2020,Rajasthan Royals,7,138,23.0,228,4,9.91,34.5
JD Unadkat,2021,Rajasthan Royals,6,132,22.0,168,4,7.64,33.0
JD Unadkat,2022,Mumbai Indians,5,120,20.0,190,6,9.5,20.0
JD Unadkat,2023,Lucknow Super Giants,3,48,8.0,92,0,11.5,
JD Unadkat,2024,Sunrisers Hyderabad,11,187,31.2,319,8,10.24,23.38
JD Unadkat,2025,Sunrisers Hyderabad,7,143,23.8,175,11,7.34,13.0
JDP Oram,2008,Chennai Super Kings,4,96,16.0,149,3,9.31,32.0
JDP Oram,2009,Chennai Super Kings,7,93,15.5,133,5,8.58,18.6
JDP Oram,2011,Rajasthan Royals,2,24,4.0,45,1,11.25,24.0
JDP Oram,2013,Mumbai Indians,1,24,4.0,22,0,5.5,
JDS Neesham,2014,Delhi Daredevils,4,54,9.0,91,1,10.11,54.0
JDS Neesham,2020,Kings XI Punjab,5,90,15.0,148,2,9.87,45.0
JDS Neesham,2021,Mumbai Indians,3,54,9.0,66,5,7.33,10.8
JDS Neesham,2022,Rajasthan Royals,1,18,3.0,29,0,9.67,
JE Root,2023,Rajasthan Royals,1,12,2.0,14,0,7.0,
JE Taylor,2011,Pune Warriors,5,117,19.5,157,6,8.05,19.5
JEC Franklin,2011,Mumbai Indians,6,61,10.2,99,3,9.74,20.33
JEC Franklin,2012,Mumbai Indians,9,90,15.0,121,6,8.07,15.0
JH Kallis,2008,Royal Challengers Bangalore,11,206,34.3,311,4,9.06,51.5
JH Kallis,2009,Royal Challengers Bangalore,14,276,46.0,353,6,7.67,46.0
JH Kallis,2010,Royal Challengers Bangalore,16,342,57.0,476,13,8.35,26.31
JH Kallis,2011,Kolkata Knight Riders,9,144,24.0,170,7,7.08,20.57
JH Kallis,2012,Kolkata Knight Riders,16,324,54.0,403,15,7.46,21.6
JH Kallis,2013,Kolkata Knight Riders,15,318,53.0,394,16,7.43,19.88
JH Kallis,2014,Kolkata Knight Riders,8,132,22.0,186,4,8.45,33.0
JJ Bumrah,2013,Mumbai Indians,2,42,7.0,70,3,10.0,14.0
JJ Bumrah,2014,Mumbai Indians,11,238,39.7,301,5,7.59,47.6
JJ Bumrah,2015,Mumbai Indians,4,90,15.0,184,3,12.27,30.0
JJ Bumrah,2016,Mumbai Indians,14,312,52.0,406,15,7.81,20.8
JJ Bumrah,2017,Mumbai Indians,16,356,59.3,440,20,7.42,17.8
JJ Bumrah,2018,Mumbai Indians,14,324,54.0,372,17,6.89,19.06
JJ Bumrah,2019,Mumbai Indians,16,370,61.7,409,19,6.63,19.47
JJ Bumrah,2020,Mumbai Indians,15,360,60.0,404,27,6.73,13.33
JJ Bumrah,2021,Mumbai Indians,14,330,55.0,410,21,7.45,15.71
JJ Bumrah,2022,Mumbai Indians,14,320,53.3,383,15,7.18,21.33
JJ Bumrah,2024,Mumbai Indians,13,311,51.8,336,20,6.48,15.55
JJ Bumrah,2025,Mumbai Indians,12,284,47.3,316,18,6.68,15.78
JJ van der Wath,2011,Royal Challengers Bangalore,3,72,12.0,129,3,10.75,24.0
JL Pattinson,2020,Mumbai Indians,10,213,35.5,320,11,9.01,19.36
JM Kemp,2010,Chennai Super Kings,5,44,7.3,54,3,7.36,14.67
JO Holder,2013,Chennai Super Kings,6,120,20.0,168,2,8.4,60.0
JO Holder,2014,Sunrisers Hyderabad,1,18,3.0,35,1,11.67,18.0
JO Holder,2016,Kolkata Knight Riders,4,78,13.0,103,2,7.92,39.0
JO Holder,2020,Sunrisers Hyderabad,7,168,28.0,233,14,8.32,12.0
JO Holder,2021,Sunrisers Hyderabad,8,191,31.8,247,16,7.76,11.94
JO Holder,2022,Lucknow Super Giants,12,249,41.5,391,14,9.42,17.79
JO Holder,2023,Rajasthan Royals,8,171,28.5,284,4,9.96,42.75
JP Behrendorff,2019,Mumbai Indians,5,114,19.0,165,5,8.68,22.8
JP Behrendorff,2023,Mumbai Indians,12,252,42.0,387,14,9.21,18.0
JP Duminy,2009,Mumbai Indians,6,105,17.5,93,4,5.31,26.25
JP Duminy,2010,Mumbai Indians,2,33,5.5,37,1,6.73,33.0
JP Duminy,2011,Deccan Chargers,8,108,18.0,143,4,7.94,27.0
JP Duminy,2012,Deccan Chargers,6,72,12.0,104,1,8.67,72.0
JP Duminy,2014,Delhi Daredevils,11,198,33.0,240,3,7.27,66.0
JP Duminy,2015,Delhi Daredevils,9,102,17.0,126,8,7.41,12.75
JP Duminy,2016,Delhi Daredevils,5,42,7.0,55,2,7.86,21.0
JP Duminy,2018,Mumbai Indians,2,18,3.0,36,0,12.0,
JP Faulkner,2011,Pune Warriors,1,12,2.0,9,1,4.5,12.0
JP Faulkner,2012,Kings XI Punjab,2,48,8.0,72,3,9.0,16.0
JP Faulkner,2013,Rajasthan Royals,16,379,63.2,427,28,6.76,13.54
JP Faulkner,2014,Rajasthan Royals,13,258,43.0,419,11,9.74,23.45
JP Faulkner,2015,Rajasthan Royals,13,270,45.0,426,8,9.47,33.75
JP Faulkner,2016,Gujarat Lions,7,102,17.0,167,2,9.82,51.0
JP Faulkner,2017,Gujarat Lions,8,158,26.3,258,6,9.8,26.33
JPR Scantlebury-Searles,2018,Kolkata Knight Riders,3,42,7.0,89,2,12.71,21.0
JR Hazlewood,2020,Chennai Super Kings,3,60,10.0,64,1,6.4,60.0
JR Hazlewood,2021,Chennai Super Kings,9,210,35.0,293,11,8.37,19.09
JR Hazlewood,2022,Royal Challengers Bangalore,12,279,46.5,377,20,8.11,13.95
JR Hazlewood,2023,Royal Challengers Bangalore,3,54,9.0,76,3,8.44,18.0
JR Hazlewood,2025,Royal Challengers Bengaluru,12,264,44.0,386,22,8.77,12.0
JR Hopes,2008,Kings XI Punjab,11,168,28.0,276,7,9.86,24.0
JR Hopes,2011,Delhi Daredevils,9,192,32.0,272,7,8.5,27.43
JW Hastings,2014,Chennai Super Kings,1,18,3.0,29,1,9.67,18.0
JW Hastings,2016,Kolkata Knight Riders,2,40,6.7,37,2,5.55,20.0
Jalaj S Saxena,2021,Punjab Kings,1,18,3.0,27,0,9.0,
Jaskaran Singh,2009,Deccan Chargers,1,18,3.0,32,0,10.67,
Jaskaran Singh,2010,Deccan Chargers,6,84,14.0,139,6,9.93,14.0
Joginder Sharma,2008,Chennai Super Kings,7,148,24.7,239,8,9.69,18.5
Joginder Sharma,2009,Chennai Super Kings,4,42,7.0,57,2,8.14,21.0
Joginder Sharma,2010,Chennai Super Kings,3,48,8.0,89,2,11.13,24.0
Joginder Sharma,2011,Chennai Super Kings,1,18,3.0,34,0,11.33,
K Goel,2008,Kings XI Punjab,1,12,2.0,25,0,12.5,
K Goel,2009,Kings XI Punjab,4,48,8.0,61,0,7.63,
K Goel,2010,Kings XI Punjab,1,6,1.0,7,0,7.0,
K Gowtham,2018,Rajasthan Royals,15,240,40.0,312,11,7.8,21.82
K Gowtham,2019,Rajasthan Royals,7,120,20.0,166,1,8.3,120.0
K Gowtham,2020,Kings XI Punjab,2,48,8.0,84,1,10.5,48.0
K Gowtham,2022,Lucknow Super Giants,4,72,12.0,99,5,8.25,14.4
K Gowtham,2023,Lucknow Super Giants,6,96,16.0,118,3,7.38,32.0
K Gowtham,2024,Lucknow Super Giants,1,12,2.0,29,0,14.5,
K Kartikeya,2022,Mumbai Indians,4,78,13.0,102,5,7.85,15.6
K Kartikeya,2023,Mumbai Indians,8,156,26.0,227,5,8.73,31.2
K Kartikeya,2025,Rajasthan Royals,4,48,8.0,78,2,9.75,24.0
K Khejroliya,2018,Royal Challengers Bangalore,3,65,10.8,107,2,9.88,32.5
K Khejroliya,2019,Royal Challengers Bangalore,2,30,5.0,46,1,9.2,30.0
K Khejroliya,2023,Kolkata Knight Riders,2,26,4.3,64,2,14.77,13.0
K Khejroliya,2025,Gujarat Titans,1,18,3.0,29,1,9.67,18.0
K Rabada,2017,Delhi Daredevils,6,128,21.3,188,6,8.81,21.33
K Rabada,2019,Delhi Capitals,12,282,47.0,368,25,7.83,11.28
K Rabada,2020,Delhi Capitals,17,394,65.7,548,30,8.35,13.13
K Rabada,2021,Delhi Capitals,15,336,56.0,456,15,8.14,22.4
K Rabada,2022,Punjab Kings,13,288,48.0,406,23,8.46,12.52
K Rabada,2023,Punjab Kings,6,138,23.0,232,7,10.09,19.71
K Rabada,2024,Punjab Kings,11,252,42.0,372,11,8.86,22.91
K Rabada,2025,Gujarat Titans,4,84,14.0,162,2,11.57,42.0
K Santokie,2014,Mumbai Indians,2,48,8.0,90,3,11.25,16.0
K Upadhyay,2012,Pune Warriors,1,24,4.0,33,0,8.25,
K Upadhyay,2013,Pune Warriors,2,30,5.0,48,0,9.6,
K Yadav,2021,Rajasthan Royals,1,12,2.0,16,0,8.0,
K Yadav,2023,Rajasthan Royals,2,42,7.0,68,2,9.71,21.0
KA Jamieson,2021,Royal Challengers Bangalore,9,168,28.0,269,9,9.61,18.67
KA Jamieson,2025,Punjab Kings,4,90,15.0,147,5,9.8,18.0
KA Maharaj,2024,Rajasthan Royals,2,36,6.0,39,2,6.5,18.0
KA Pollard,2010,Mumbai Indians,12,222,37.0,274,15,7.41,14.8
KA Pollard,2011,Mumbai Indians,16,255,42.5,361,10,8.49,25.5
KA Pollard,2012,Mumbai Indians,14,263,43.8,350,16,7.98,16.44
KA Pollard,2013,Mumbai Indians,14,186,31.0,292,10,9.42,18.6
KA Pollard,2014,Mumbai Indians,12,150,25.0,262,2,10.48,75.0
KA Pollard,2015,Mumbai Indians,8,76,12.7,120,3,9.47,25.33
KA Pollard,2016,Mumbai Indians,4,36,6.0,81,0,13.5,
KA Pollard,2017,Mumbai Indians,1,11,1.8,30,0,16.36,
KA Pollard,2020,Mumbai Indians,11,126,21.0,190,4,9.05,31.5
KA Pollard,2021,Mumbai Indians,9,79,13.2,95,5,7.22,15.8
KA Pollard,2022,Mumbai Indians,6,84,14.0,125,4,8.93,21.0
KAJ Roach,2010,Deccan Chargers,2,48,8.0,80,0,10.0,
KC Cariappa,2015,Kolkata Knight Riders,1,12,2.0,28,1,14.0,12.0
KC Cariappa,2016,Kings XI Punjab,5,102,17.0,159,3,9.35,34.0
KC Cariappa,2017,Kings XI Punjab,4,90,15.0,127,4,8.47,22.5
KC Cariappa,2019,Kolkata Knight Riders,1,12,2.0,34,0,17.0,
KH Pandya,2016,Mumbai Indians,11,187,31.2,236,6,7.57,31.17
KH Pandya,2017,Mumbai Indians,13,240,40.0,273,10,6.83,24.0
KH Pandya,2018,Mumbai Indians,13,241,40.2,284,12,7.07,20.08
KH Pandya,2019,Mumbai Indians,16,276,46.0,335,12,7.28,23.0
KH Pandya,2020,Mumbai Indians,16,301,50.2,380,6,7.57,50.17
KH Pandya,2021,Mumbai Indians,12,199,33.2,265,5,7.99,39.8
KH Pandya,2022,Lucknow Super Giants,12,228,38.0,265,10,6.97,22.8
KH Pandya,2023,Lucknow Super Giants,12,252,42.0,313,9,7.45,28.0
KH Pandya,2024,Lucknow Super Giants,12,198,33.0,255,6,7.73,33.0
KH Pandya,2025,Royal Challengers Bengaluru,15,276,46.0,379,17,8.24,16.24
KJ Abbott,2016,Kings XI Punjab,5,96,16.0,177,2,11.06,48.0
KK Ahmed,2018,Sunrisers Hyderabad,1,18,3.0,38,0,12.67,
KK Ahmed,2019,Sunrisers Hyderabad,9,209,34.8,287,19,8.24,11.0
KK Ahmed,2020,Sunrisers Hyderabad,7,154,25.7,242,8,9.43,19.25
KK Ahmed,2021,Sunrisers Hyderabad,7,162,27.0,219,5,8.11,32.4
KK Ahmed,2022,Delhi Capitals,10,235,39.2,315,16,8.04,14.69
KK Ahmed,2023,Delhi Capitals,9,198,33.0,301,9,9.12,22.0
KK Ahmed,2024,Delhi Capitals,14,300,50.0,479,17,9.58,17.65
KK Ahmed,2025,Chennai Super Kings,14,280,46.7,447,15,9.58,18.67
KK Cooper,2012,Rajasthan Royals,6,144,24.0,174,10,7.25,14.4
KK Cooper,2013,Rajasthan Royals,14,324,54.0,449,19,8.31,17.05
KK Cooper,2014,Rajasthan Royals,5,108,18.0,134,4,7.44,27.0
KL Nagarkoti,2020,Kolkata Knight Riders,9,156,26.0,231,5,8.88,31.2
KL Nagarkoti,2021,Kolkata Knight Riders,1,12,2.0,25,0,12.5,
KL Nagarkoti,2022,Delhi Capitals,1,12,2.0,29,0,14.5,
KM Asif,2018,Chennai Super Kings,2,36,6.0,75,3,12.5,12.0
KM Asif,2021,Chennai Super Kings,1,13,2.2,18,1,8.31,13.0
KM Asif,2023,Rajasthan Royals,4,84,14.0,138,3,9.86,28.0
KMA Paul,2019,Delhi Capitals,8,163,27.2,237,9,8.72,18.11
KMDN Kulasekara,2011,Chennai Super Kings,1,18,3.0,26,1,8.67,18.0
KMDN Kulasekara,2012,Chennai Super Kings,4,84,14.0,94,4,6.71,21.0
KP Appanna,2009,Royal Challengers Bangalore,5,72,12.0,87,2,7.25,36.0
KP Appanna,2010,Royal Challengers Bangalore,2,42,7.0,51,1,7.29,42.0
KP Appanna,2012,Royal Challengers Bangalore,6,102,17.0,148,6,8.71,17.0
KP Pietersen,2009,Royal Challengers Bangalore,4,78,13.0,85,4,6.54,19.5
KP Pietersen,2010,Royal Challengers Bangalore,6,60,10.0,77,3,7.7,20.0
KP Pietersen,2012,Delhi Daredevils,3,36,6.0,53,0,8.83,
KR Mayers,2023,Lucknow Super Giants,6,42,7.0,59,0,8.43,
KR Sen,2022,Rajasthan Royals,7,151,25.2,237,8,9.42,18.88
KR Sen,2023,Rajasthan Royals,2,18,3.0,28,0,9.33,
KR Sen,2024,Rajasthan Royals,3,72,12.0,122,6,10.17,12.0
KS Williamson,2016,Sunrisers Hyderabad,1,6,1.0,7,0,7.0,
KS Williamson,2020,Sunrisers Hyderabad,1,12,2.0,24,0,12.0,
KT Maphaka,2024,Mumbai Indians,2,36,6.0,89,1,14.83,36.0
KT Maphaka,2025,Rajasthan Royals,2,30,5.0,54,1,10.8,30.0
KV Sharma,2013,Sunrisers Hyderabad,13,209,34.8,230,11,6.6,19.0
KV Sharma,2014,Sunrisers Hyderabad,14,304,50.7,376,15,7.42,20.27
KV Sharma,2015,Sunrisers Hyderabad,14,239,39.8,332,10,8.33,23.9
KV Sharma,2016,Sunrisers Hyderabad,5,98,16.3,171,0,10.47,
KV Sharma,2017,Mumbai Indians,9,184,30.7,214,13,6.98,14.15
KV Sharma,2018,Chennai Super Kings,5,57,9.5,89,4,9.37,14.25
KV Sharma,2019,Chennai Super Kings,1,17,2.8,33,1,11.65,17.0
KV Sharma,2020,Chennai Super Kings,5,114,19.0,165,5,8.68,22.8
KV Sharma,2023,Royal Challengers Bangalore,7,129,21.5,223,10,10.37,12.9
KV Sharma,2024,Royal Challengers Bengaluru,9,144,24.0,254,7,10.58,20.57
KV Sharma,2025,Mumbai Indians,5,90,15.0,128,7,8.53,12.86
KW Richardson,2013,Pune Warriors,3,71,11.8,101,2,8.54,35.5
KW Richardson,2014,Rajasthan Royals,7,162,27.0,206,9,7.63,18.0
KW Richardson,2016,Royal Challengers Bangalore,4,84,14.0,136,7,9.71,12.0
KW Richardson,2021,Royal Challengers Bangalore,1,18,3.0,29,1,9.67,18.0
Kamran Khan,2009,Rajasthan Royals,5,106,17.7,124,6,7.02,17.67
Kamran Khan,2010,Rajasthan Royals,3,36,6.0,53,3,8.83,12.0
Kamran Khan,2011,Pune Warriors,1,18,3.0,47,0,15.67,
Karanveer Singh,2014,Kings XI Punjab,5,120,20.0,164,11,8.2,10.91
Karanveer Singh,2015,Kings XI Punjab,4,84,14.0,157,1,11.21,84.0
Karim Janat,2025,Gujarat Titans,1,6,1.0,30,0,30.0,
Kartik Tyagi,2020,Rajasthan Royals,10,229,38.2,367,9,9.62,25.44
Kartik Tyagi,2021,Rajasthan Royals,4,84,14.0,124,4,8.86,21.0
Kartik Tyagi,2022,Sunrisers Hyderabad,2,48,8.0,79,1,9.88,48.0
Kartik Tyagi,2023,Sunrisers Hyderabad,3,37,6.2,92,1,14.92,37.0
Kartik Tyagi,2024,Gujarat Titans,1,24,4.0,51,0,12.75,
Kuldeep Yadav,2016,Kolkata Knight Riders,3,72,12.0,100,6,8.33,12.0
Kuldeep Yadav,2017,Kolkata Knight Riders,11,246,41.0,340,12,8.29,20.5
Kuldeep Yadav,2018,Kolkata Knight Riders,16,308,51.3,418,17,8.14,18.12
Kuldeep Yadav,2019,Kolkata Knight Riders,9,198,33.0,286,4,8.67,49.5
Kuldeep Yadav,2020,Kolkata Knight Riders,4,72,12.0,92,1,7.67,72.0
Kuldeep Yadav,2022,Delhi Capitals,14,298,49.7,419,21,8.44,14.19
Kuldeep Yadav,2023,Delhi Capitals,14,294,49.0,361,10,7.37,29.4
Kuldeep Yadav,2024,Delhi Capitals,11,258,43.0,372,16,8.65,16.13
Kuldeep Yadav,2025,Delhi Capitals,14,318,53.0,390,15,7.36,21.2
L Ablish,2010,Kings XI Punjab,2,24,4.0,36,3,9.0,8.0
L Ablish,2011,Kings XI Punjab,1,18,3.0,39,0,13.0,
L Balaji,2008,Chennai Super Kings,9,198,33.0,286,11,8.67,18.0
L Balaji,2009,Chennai Super Kings,13,224,37.3,316,13,8.46,17.23
L Balaji,2010,Chennai Super Kings,7,140,23.3,207,7,8.87,20.0
L Balaji,2011,Kolkata Knight Riders,14,266,44.3,371,10,8.37,26.6
L Balaji,2012,Kolkata Knight Riders,8,180,30.0,162,11,5.4,16.36
L Balaji,2013,Kolkata Knight Riders,13,300,50.0,387,12,7.74,25.0
L Balaji,2014,Kings XI Punjab,9,204,34.0,299,12,8.79,17.0
L Ngidi,2018,Chennai Super Kings,7,156,26.0,156,11,6.0,14.18
L Ngidi,2020,Chennai Super Kings,4,96,16.0,167,9,10.44,10.67
L Ngidi,2021,Chennai Super Kings,3,72,12.0,125,5,10.42,14.4
L Ngidi,2025,Royal Challengers Bengaluru,2,48,8.0,81,4,10.13,12.0
L Wood,2024,Mumbai Indians,2,36,6.0,93,1,15.5,36.0
LA Carseldine,2009,Rajasthan Royals,1,6,1.0,6,1,6.0,6.0
LB Williams,2024,Delhi Capitals,2,36,6.0,72,1,12.0,36.0
LE Plunkett,2018,Delhi Daredevils,7,150,25.0,225,4,9.0,37.5
LH Ferguson,2017,Rising Pune Supergiant,4,78,13.0,93,3,7.15,26.0
LH Ferguson,2019,Kolkata Knight Riders,5,102,17.0,183,2,10.76,51.0
LH Ferguson,2020,Kolkata Knight Riders,5,119,19.8,148,6,7.46,19.83
LH Ferguson,2021,Kolkata Knight Riders,8,180,30.0,224,13,7.47,13.85
LH Ferguson,2022,Gujarat Titans,13,286,47.7,427,12,8.96,23.83
LH Ferguson,2023,Kolkata Knight Riders,3,46,7.7,96,1,12.52,46.0
LH Ferguson,2024,Royal Challengers Bengaluru,7,144,24.0,255,9,10.63,16.0
LH Ferguson,2025,Punjab Kings,4,68,11.3,104,6,9.18,11.33
LI Meriwala,2021,Delhi Capitals,1,18,3.0,32,1,10.67,18.0
LJ Wright,2012,Pune Warriors,1,12,2.0,24,0,12.0,
LJ Wright,2013,Pune Warriors,5,59,9.8,100,2,10.17,29.5
LMP Simmons,2014,Mumbai Indians,1,18,3.0,34,1,11.33,18.0
LPC Silva,2008,Deccan Chargers,1,6,1.0,21,0,21.0,
LR Shukla,2008,Kolkata Knight Riders,9,72,12.0,124,6,10.33,12.0
LR Shukla,2009,Kolkata Knight Riders,5,84,14.0,100,3,7.14,28.0
LR Shukla,2010,Kolkata Knight Riders,4,72,12.0,106,3,8.83,24.0
LR Shukla,2012,Kolkata Knight Riders,2,12,2.0,12,1,6.0,12.0
LR Shukla,2013,Kolkata Knight Riders,2,18,3.0,22,1,7.33,18.0
LR Shukla,2014,Delhi Daredevils,5,56,9.3,83,1,8.89,56.0
LRPL Taylor,2009,Royal Challengers Bangalore,1,6,1.0,13,0,13.0,
LRPL Taylor,2011,Rajasthan Royals,1,6,1.0,11,0,11.0,
LS Livingstone,2019,Rajasthan Royals,1,6,1.0,13,0,13.0,
LS Livingstone,2022,Punjab Kings,12,138,23.0,202,6,8.78,23.0
LS Livingstone,2023,Punjab Kings,5,42,7.0,94,2,13.43,21.0
LS Livingstone,2024,Punjab Kings,4,72,12.0,84,3,7.0,24.0
LS Livingstone,2025,Royal Challengers Bengaluru,5,54,9.0,76,2,8.44,27.0
Lalit Yadav,2021,Delhi Capitals,5,84,14.0,101,4,7.21,21.0
Lalit Yadav,2022,Delhi Capitals,8,108,18.0,150,4,8.33,27.0
Lalit Yadav,2023,Delhi Capitals,4,78,13.0,118,2,9.08,39.0
Lalit Yadav,2024,Delhi Capitals,2,18,3.0,56,0,18.67,
M Ashwin,2016,Rising Pune Supergiants,10,171,28.5,241,7,8.46,24.43
M Ashwin,2018,Royal Challengers Bangalore,2,42,7.0,53,3,7.57,14.0
M Ashwin,2019,Kings XI Punjab,10,204,34.0,255,5,7.5,40.8
M Ashwin,2020,Kings XI Punjab,9,189,31.5,235,10,7.46,18.9
M Ashwin,2021,Punjab Kings,3,66,11.0,97,1,8.82,66.0
M Ashwin,2022,Mumbai Indians,8,174,29.0,228,9,7.86,19.33
M Ashwin,2023,Rajasthan Royals,2,24,4.0,53,0,13.25,
M Jansen,2021,Mumbai Indians,2,36,6.0,45,2,7.5,18.0
M Jansen,2022,Sunrisers Hyderabad,8,192,32.0,274,7,8.56,27.43
M Jansen,2023,Sunrisers Hyderabad,8,162,27.0,267,10,9.89,16.2
M Jansen,2024,Sunrisers Hyderabad,3,60,10.0,129,1,12.9,60.0
M Jansen,2025,Punjab Kings,14,283,47.2,434,16,9.2,17.69
M Kartik,2008,Kolkata Knight Riders,5,88,14.7,127,3,8.66,29.33
M Kartik,2009,Kolkata Knight Riders,10,204,34.0,201,4,5.91,51.0
M Kartik,2010,Kolkata Knight Riders,10,234,39.0,253,9,6.49,26.0
M Kartik,2011,Pune Warriors,6,125,20.8,166,1,7.97,125.0
M Kartik,2012,Pune Warriors,11,216,36.0,266,4,7.39,54.0
M Kartik,2013,Royal Challengers Bangalore,11,234,39.0,284,9,7.28,26.0
M Kartik,2014,Kings XI Punjab,2,48,8.0,91,1,11.38,48.0
M Manhas,2011,Pune Warriors,3,42,7.0,42,0,6.0,
M Markande,2018,Mumbai Indians,14,264,44.0,368,15,8.36,17.6
M Markande,2019,Mumbai Indians,3,36,6.0,59,1,9.83,36.0
M Markande,2021,Rajasthan Royals,1,18,3.0,26,0,8.67,
M Markande,2022,Mumbai Indians,2,42,7.0,57,1,8.14,42.0
M Markande,2023,Sunrisers Hyderabad,10,228,38.0,300,12,7.89,19.0
M Markande,2024,Sunrisers Hyderabad,7,132,22.0,259,8,11.77,16.5
M Morkel,2009,Rajasthan Royals,2,42,7.0,40,0,5.71,
M Morkel,2010,Rajasthan Royals,2,42,7.0,66,0,9.43,
M Morkel,2011,Delhi Daredevils,11,258,43.0,325,13,7.56,19.85
M Morkel,2012,Delhi Daredevils,16,378,63.0,453,25,7.19,15.12
M Morkel,2013,Delhi Daredevils,10,240,40.0,335,7,8.38,34.29
M Morkel,2014,Kolkata Knight Riders,12,288,48.0,367,12,7.65,24.0
M Morkel,2015,Kolkata Knight Riders,7,168,28.0,206,10,7.36,16.8
M Morkel,2016,Kolkata Knight Riders,10,213,35.5,297,10,8.37,21.3
M Muralitharan,2008,Chennai Super Kings,15,348,58.0,404,11,6.97,31.64
M Muralitharan,2009,Chennai Super Kings,13,300,50.0,261,14,5.22,21.43
M Muralitharan,2010,Chennai Super Kings,12,288,48.0,329,15,6.85,19.2
M Muralitharan,2011,Kochi Tuskers Kerala,5,114,19.0,141,2,7.42,57.0
M Muralitharan,2012,Royal Challengers Bangalore,10,240,40.0,260,15,6.5,16.0
M Muralitharan,2013,Royal Challengers Bangalore,6,138,23.0,177,3,7.7,46.0
M Muralitharan,2014,Royal Challengers Bangalore,5,96,16.0,124,3,7.75,32.0
M Ntini,2008,Chennai Super Kings,9,210,35.0,242,7,6.91,30.0
M Pathirana,2022,Chennai Super Kings,2,41,6.8,52,2,7.61,20.5
M Pathirana,2023,Chennai Super Kings,12,278,46.3,371,19,8.01,14.63
M Pathirana,2024,Chennai Super Kings,6,132,22.0,169,13,7.68,10.15
M Pathirana,2025,Chennai Super Kings,12,251,41.8,424,13,10.14,19.31
M Prasidh Krishna,2018,Kolkata Knight Riders,7,168,28.0,260,10,9.29,16.8
M Prasidh Krishna,2019,Kolkata Knight Riders,11,242,40.3,377,4,9.35,60.5
M Prasidh Krishna,2020,Kolkata Knight Riders,6,105,17.5,164,4,9.37,26.25
M Prasidh Krishna,2021,Kolkata Knight Riders,10,231,38.5,351,12,9.12,19.25
M Prasidh Krishna,2022,Rajasthan Royals,17,399,66.5,551,19,8.29,21.0
M Prasidh Krishna,2025,Gujarat Titans,15,354,59.0,488,25,8.27,14.16
M Shahrukh Khan,2024,Gujarat Titans,2,12,2.0,15,0,7.5,
M Shahrukh Khan,2025,Gujarat Titans,1,6,1.0,13,1,13.0,6.0
M Siddharth,2024,Lucknow Super Giants,3,54,9.0,71,1,7.89,54.0
M Siddharth,2025,Lucknow Super Giants,2,42,7.0,67,2,9.57,21.0
M Theekshana,2022,Chennai Super Kings,9,210,35.0,261,12,7.46,17.5
M Theekshana,2023,Chennai Super Kings,13,294,49.0,392,11,8.0,26.73
M Theekshana,2024,Chennai Super Kings,5,120,20.0,144,2,7.2,60.0
M Theekshana,2025,Rajasthan Royals,11,252,42.0,410,11,9.76,22.91
M Tiwari,2025,Delhi Capitals,1,6,1.0,14,0,14.0,
M Vijay,2014,Delhi Daredevils,1,6,1.0,13,0,13.0,
M Vijay,2015,Kings XI Punjab,2,24,4.0,28,0,7.0,
M Vijay,2016,Kings XI Punjab,1,6,1.0,8,0,8.0,
M de Lange,2012,Kolkata Knight Riders,3,60,10.0,107,3,10.7,20.0
M de Lange,2014,Mumbai Indians,1,24,4.0,32,2,8.0,12.0
M de Lange,2015,Mumbai Indians,1,24,4.0,30,0,7.5,
MA Khote,2008,Mumbai Indians,2,30,5.0,51,2,10.2,15.0
MA Starc,2014,Royal Challengers Bangalore,14,322,53.7,402,14,7.49,23.0
MA Starc,2015,Royal Challengers Bangalore,12,258,43.0,291,20,6.77,12.9
MA Starc,2024,Kolkata Knight Riders,13,251,41.8,444,17,10.61,14.76
MA Starc,2025,Delhi Capitals,11,228,38.0,389,14,10.24,16.29
MA Wood,2018,Chennai Super Kings,1,24,4.0,49,0,12.25,
MA Wood,2023,Lucknow Super Giants,4,96,16.0,130,11,8.13,8.73
MB Parmar,2010,Kolkata Knight Riders,1,18,3.0,33,0,11.0,
MC Henriques,2009,Kolkata Knight Riders,4,73,12.2,107,2,8.79,36.5
MC Henriques,2010,Delhi Daredevils,1,24,4.0,35,1,8.75,24.0
MC Henriques,2013,Royal Challengers Bangalore,8,127,21.2,185,7,8.74,18.14
MC Henriques,2014,Sunrisers Hyderabad,4,60,10.0,96,4,9.6,15.0
MC Henriques,2015,Sunrisers Hyderabad,9,150,25.0,158,11,6.32,13.64
MC Henriques,2016,Sunrisers Hyderabad,17,312,52.0,415,12,7.98,26.0
MC Henriques,2017,Sunrisers Hyderabad,12,144,24.0,248,1,10.33,144.0
MC Henriques,2021,Punjab Kings,5,60,10.0,45,4,4.5,15.0
MF Maharoof,2008,Delhi Daredevils,10,216,36.0,249,15,6.92,14.4
MF Maharoof,2009,Delhi Daredevils,3,60,10.0,65,4,6.5,15.0
MF Maharoof,2010,Delhi Daredevils,7,144,24.0,206,8,8.58,18.0
MG Bracewell,2023,Royal Challengers Bangalore,5,66,11.0,95,6,8.64,11.0
MG Johnson,2013,Mumbai Indians,17,384,64.0,459,24,7.17,16.0
MG Johnson,2014,Kings XI Punjab,14,321,53.5,444,17,8.3,18.88
MG Johnson,2015,Kings XI Punjab,9,215,35.8,336,9,9.38,23.89
MG Johnson,2016,Kings XI Punjab,3,66,11.0,106,2,9.64,33.0
MG Johnson,2017,Mumbai Indians,5,120,20.0,141,7,7.05,17.14
MG Johnson,2018,Kolkata Knight Riders,6,126,21.0,216,2,10.29,63.0
MG Neser,2013,Kings XI Punjab,1,24,4.0,62,0,15.5,
MJ Clarke,2012,Pune Warriors,5,66,11.0,67,2,6.09,33.0
MJ Henry,2017,Kings XI Punjab,2,30,5.0,71,1,14.2,30.0
MJ Henry,2024,Lucknow Super Giants,4,72,12.0,110,1,9.17,72.0
MJ McClenaghan,2015,Mumbai Indians,12,282,47.0,386,18,8.21,15.67
MJ McClenaghan,2016,Mumbai Indians,14,320,53.3,436,17,8.17,18.82
MJ McClenaghan,2017,Mumbai Indians,14,324,54.0,507,19,9.39,17.05
MJ McClenaghan,2018,Mumbai Indians,11,240,40.0,332,14,8.3,17.14
MJ McClenaghan,2019,Mumbai Indians,5,108,18.0,142,3,7.89,36.0
MJ Santner,2019,Chennai Super Kings,4,84,14.0,94,4,6.71,21.0
MJ Santner,2020,Chennai Super Kings,2,42,7.0,53,2,7.57,21.0
MJ Santner,2022,Chennai Super Kings,6,114,19.0,130,4,6.84,28.5
MJ Santner,2023,Chennai Super Kings,3,72,12.0,81,3,6.75,24.0
MJ Santner,2024,Chennai Super Kings,3,54,9.0,64,2,7.11,27.0
MJ Santner,2025,Mumbai Indians,13,237,39.5,313,10,7.92,23.7
MJ Suthar,2024,Gujarat Titans,1,12,2.0,26,0,13.0,
MK Lomror,2018,Rajasthan Royals,2,18,3.0,27,0,9.0,
MK Lomror,2021,Rajasthan Royals,4,42,7.0,47,1,6.71,42.0
MK Lomror,2022,Royal Challengers Bangalore,2,12,2.0,18,0,9.0,
MK Lomror,2023,Royal Challengers Bangalore,2,12,2.0,17,0,8.5,
MK Lomror,2024,Royal Challengers Bengaluru,1,6,1.0,18,0,18.0,
MK Tiwary,2009,Delhi Daredevils,1,6,1.0,11,0,11.0,
MK Tiwary,2010,Kolkata Knight Riders,1,6,1.0,11,1,11.0,6.0
MK Tiwary,2011,Kolkata Knight Riders,2,12,2.0,23,0,11.5,
MK Tiwary,2014,Delhi Daredevils,1,12,2.0,28,0,14.0,
MK Tiwary,2018,Kings XI Punjab,1,6,1.0,10,0,10.0,
MM Ali,2018,Royal Challengers Bangalore,5,79,13.2,97,3,7.37,26.33
MM Ali,2019,Royal Challengers Bangalore,9,150,25.0,169,6,6.76,25.0
MM Ali,2020,Royal Challengers Bangalore,3,30,5.0,42,1,8.4,30.0
MM Ali,2021,Chennai Super Kings,10,152,25.3,161,6,6.36,25.33
MM Ali,2022,Chennai Super Kings,10,143,23.8,158,8,6.63,17.88
MM Ali,2023,Chennai Super Kings,11,156,26.0,195,9,7.5,17.33
MM Ali,2024,Chennai Super Kings,4,48,8.0,71,2,8.88,24.0
MM Ali,2025,Kolkata Knight Riders,5,96,16.0,136,6,8.5,16.0
MM Patel,2008,Rajasthan Royals,15,330,55.0,420,14,7.64,23.57
MM Patel,2009,Rajasthan Royals,11,209,34.8,241,16,6.92,13.06
MM Patel,2010,Rajasthan Royals,4,78,13.0,118,3,9.08,26.0
MM Patel,2011,Mumbai Indians,15,326,54.3,358,22,6.59,14.82
MM Patel,2012,Mumbai Indians,12,280,46.7,367,15,7.86,18.67
MM Patel,2013,Mumbai Indians,4,90,15.0,137,3,9.13,30.0
MM Patel,2017,Gujarat Lions,2,42,7.0,57,1,8.14,42.0
MM Sharma,2013,Chennai Super Kings,15,304,50.7,326,20,6.43,15.2
MM Sharma,2014,Chennai Super Kings,16,323,53.8,452,23,8.4,14.04
MM Sharma,2015,Chennai Super Kings,16,342,57.0,481,14,8.44,24.43
MM Sharma,2016,Kings XI Punjab,14,291,48.5,407,13,8.39,22.38
MM Sharma,2017,Kings XI Punjab,14,274,45.7,410,13,8.98,21.08
MM Sharma,2018,Kings XI Punjab,9,178,29.7,322,7,10.85,25.43
MM Sharma,2019,Chennai Super Kings,1,18,3.0,27,1,9.0,18.0
MM Sharma,2020,Delhi Capitals,1,24,4.0,45,1,11.25,24.0
MM Sharma,2023,Gujarat Titans,14,265,44.2,361,27,8.17,9.81
MM Sharma,2024,Gujarat Titans,11,234,39.0,425,13,10.9,18.0
MM Sharma,2025,Delhi Capitals,8,150,25.0,257,2,10.28,75.0
MN Samuels,2012,Pune Warriors,8,172,28.7,216,8,7.53,21.5
MN Samuels,2013,Pune Warriors,1,24,4.0,34,1,8.5,24.0
MN Samuels,2017,Delhi Daredevils,2,18,3.0,34,0,11.33,
MP Stoinis,2016,Kings XI Punjab,7,138,23.0,194,8,8.43,17.25
MP Stoinis,2017,Kings XI Punjab,5,63,10.5,110,2,10.48,31.5
MP Stoinis,2018,Kings XI Punjab,6,66,11.0,120,3,10.91,22.0
MP Stoinis,2019,Royal Challengers Bangalore,6,100,16.7,145,2,8.7,50.0
MP Stoinis,2020,Delhi Capitals,13,178,29.7,283,13,9.54,13.69
MP Stoinis,2021,Delhi Capitals,8,67,11.2,117,2,10.48,33.5
MP Stoinis,2022,Lucknow Super Giants,5,42,7.0,79,4,11.29,10.5
MP Stoinis,2023,Lucknow Super Giants,5,65,10.8,100,5,9.23,13.0
MP Stoinis,2024,Lucknow Super Giants,7,84,14.0,126,4,9.0,21.0
MP Stoinis,2025,Punjab Kings,9,85,14.2,175,1,12.35,85.0
MP Yadav,2024,Lucknow Super Giants,4,73,12.2,85,7,6.99,10.43
MP Yadav,2025,Lucknow Super Giants,2,48,8.0,100,2,12.5,24.0
MR Marsh,2010,Deccan Chargers,3,60,10.0,88,2,8.8,30.0
MR Marsh,2011,Pune Warriors,5,85,14.2,99,7,6.99,12.14
MR Marsh,2013,Pune Warriors,7,116,19.3,182,7,9.41,16.57
MR Marsh,2016,Rising Pune Supergiants,3,54,9.0,45,4,5.0,13.5
MR Marsh,2020,Sunrisers Hyderabad,1,4,0.7,6,0,9.0,
MR Marsh,2022,Delhi Capitals,4,72,12.0,102,4,8.5,18.0
MR Marsh,2023,Delhi Capitals,8,121,20.2,170,12,8.43,10.08
MR Marsh,2024,Delhi Capitals,3,48,8.0,103,1,12.88,48.0
MS Gony,2008,Chennai Super Kings,16,360,60.0,443,17,7.38,21.18
MS Gony,2009,Chennai Super Kings,7,102,17.0,172,5,10.12,20.4
MS Gony,2010,Chennai Super Kings,3,48,8.0,92,1,11.5,48.0
MS Gony,2011,Deccan Chargers,3,54,9.0,85,4,9.44,13.5
MS Gony,2012,Deccan Chargers,6,144,24.0,207,3,8.63,48.0
MS Gony,2013,Kings XI Punjab,8,168,28.0,256,7,9.14,24.0
MS Gony,2017,Gujarat Lions,1,12,2.0,32,0,16.0,
MW Short,2023,Punjab Kings,3,24,4.0,25,0,6.25,
Mandeep Singh,2019,Kings XI Punjab,2,12,2.0,26,0,13.0,
Mashrafe Mortaza,2009,Kolkata Knight Riders,1,24,4.0,58,0,14.5,
Mayank Dagar,2023,Sunrisers Hyderabad,3,66,11.0,83,1,7.55,66.0
Mayank Dagar,2024,Royal Challengers Bengaluru,5,71,11.8,120,1,10.14,71.0
Mohammad Asif,2008,Delhi Daredevils,8,192,32.0,296,8,9.25,24.0
Mohammad Hafeez,2008,Kolkata Knight Riders,4,60,10.0,68,2,6.8,30.0
Mohammad Nabi,2017,Sunrisers Hyderabad,3,66,11.0,58,2,5.27,33.0
Mohammad Nabi,2018,Sunrisers Hyderabad,2,30,5.0,47,1,9.4,30.0
Mohammad Nabi,2019,Sunrisers Hyderabad,8,175,29.2,194,8,6.65,21.88
Mohammad Nabi,2020,Sunrisers Hyderabad,1,24,4.0,23,0,5.75,
Mohammad Nabi,2021,Sunrisers Hyderabad,3,48,8.0,86,2,10.75,24.0
Mohammad Nabi,2024,Mumbai Indians,6,74,12.3,109,2,8.84,37.0
Mohammed Shami,2013,Kolkata Knight Riders,3,54,9.0,78,1,8.67,54.0
Mohammed Shami,2014,Delhi Daredevils,12,264,44.0,369,7,8.39,37.71
Mohammed Shami,2016,Delhi Daredevils,8,151,25.2,244,5,9.7,30.2
Mohammed Shami,2017,Delhi Daredevils,8,156,26.0,243,5,9.35,31.2
Mohammed Shami,2018,Delhi Daredevils,4,83,13.8,144,3,10.41,27.67
Mohammed Shami,2019,Kings XI Punjab,14,324,54.0,469,19,8.69,17.05
Mohammed Shami,2020,Kings XI Punjab,14,322,53.7,460,20,8.57,16.1
Mohammed Shami,2021,Punjab Kings,14,316,52.7,395,19,7.5,16.63
Mohammed Shami,2022,Gujarat Titans,16,366,61.0,488,20,8.0,18.3
Mohammed Shami,2023,Gujarat Titans,17,390,65.0,522,28,8.03,13.93
Mohammed Shami,2025,Sunrisers Hyderabad,9,180,30.0,337,6,11.23,30.0
Mohammed Siraj,2017,Sunrisers Hyderabad,6,138,23.0,212,10,9.22,13.8
Mohammed Siraj,2018,Royal Challengers Bangalore,11,246,41.0,367,11,8.95,22.36
Mohammed Siraj,2019,Royal Challengers Bangalore,9,169,28.2,269,7,9.55,24.14
Mohammed Siraj,2020,Royal Challengers Bangalore,9,163,27.2,236,11,8.69,14.82
Mohammed Siraj,2021,Royal Challengers Bangalore,15,312,52.0,353,11,6.79,28.36
Mohammed Siraj,2022,Royal Challengers Bangalore,15,306,51.0,514,9,10.08,34.0
Mohammed Siraj,2023,Royal Challengers Bangalore,14,300,50.0,375,19,7.5,15.79
Mohammed Siraj,2024,Royal Challengers Bengaluru,14,324,54.0,496,15,9.19,21.6
Mohammed Siraj,2025,Gujarat Titans,15,342,57.0,527,16,9.25,21.38
Mohit Rathee,2023,Punjab Kings,1,12,2.0,29,0,14.5,
Mohsin Khan,2022,Lucknow Super Giants,9,198,33.0,197,14,5.97,14.14
Mohsin Khan,2023,Lucknow Super Giants,4,60,10.0,107,3,10.7,20.0
Mohsin Khan,2024,Lucknow Super Giants,10,228,38.0,385,10,10.13,22.8
Monu Kumar,2020,Chennai Super Kings,1,12,2.0,20,0,10.0,
Mujeeb Ur Rahman,2018,Kings XI Punjab,11,248,41.3,289,14,6.99,17.71
Mujeeb Ur Rahman,2019,Kings XI Punjab,5,114,19.0,191,3,10.05,38.0
Mujeeb Ur Rahman,2020,Kings XI Punjab,2,48,8.0,83,0,10.38,
Mujeeb Ur Rahman,2021,Sunrisers Hyderabad,1,24,4.0,29,2,7.25,12.0
Mujeeb Ur Rahman,2025,Mumbai Indians,1,12,2.0,28,1,14.0,12.0
Mukesh Choudhary,2022,Chennai Super Kings,13,273,45.5,424,16,9.32,17.06
Mukesh Choudhary,2024,Chennai Super Kings,1,6,1.0,27,0,27.0,
Mukesh Choudhary,2025,Chennai Super Kings,2,36,6.0,71,1,11.83,36.0
Mukesh Kumar,2023,Delhi Capitals,10,186,31.0,326,8,10.52,23.25
Mukesh Kumar,2024,Delhi Capitals,10,213,35.5,368,17,10.37,12.53
Mukesh Kumar,2025,Delhi Capitals,12,237,39.5,408,12,10.33,19.75
Musheer Khan,2025,Punjab Kings,1,12,2.0,27,1,13.5,12.0
Mustafizur Rahman,2016,Sunrisers Hyderabad,16,366,61.0,421,17,6.9,21.53
Mustafizur Rahman,2017,Sunrisers Hyderabad,1,16,2.7,34,0,12.75,
Mustafizur Rahman,2018,Mumbai Indians,7,165,27.5,230,7,8.36,23.57
Mustafizur Rahman,2021,Rajasthan Royals,14,311,51.8,436,14,8.41,22.21
Mustafizur Rahman,2022,Delhi Capitals,8,192,32.0,244,8,7.63,24.0
Mustafizur Rahman,2023,Delhi Capitals,2,42,7.0,79,1,11.29,42.0
Mustafizur Rahman,2024,Chennai Super Kings,9,206,34.3,318,14,9.26,14.71
Mustafizur Rahman,2025,Delhi Capitals,3,66,11.0,87,4,7.91,16.5
N Burger,2024,Rajasthan Royals,5,102,17.0,145,7,8.53,14.57
N Rana,2016,Mumbai Indians,1,6,1.0,3,0,3.0,
N Rana,2018,Kolkata Knight Riders,5,37,6.2,44,4,7.14,9.25
N Rana,2019,Kolkata Knight Riders,6,48,8.0,72,3,9.0,16.0
N Rana,2020,Kolkata Knight Riders,2,12,2.0,23,0,11.5,
N Rana,2021,Kolkata Knight Riders,2,12,2.0,12,0,6.0,
N Rana,2022,Kolkata Knight Riders,2,12,2.0,23,0,11.5,
N Rana,2023,Kolkata Knight Riders,6,53,8.8,75,3,8.49,17.67
N Rana,2025,Rajasthan Royals,2,12,2.0,18,0,9.0,
N Thushara,2024,Mumbai Indians,7,156,26.0,257,8,9.88,19.5
N Thushara,2025,Royal Challengers Bengaluru,1,24,4.0,26,1,6.5,24.0
N Wadhera,2024,Mumbai Indians,1,12,2.0,13,0,6.5,
N Wadhera,2025,Punjab Kings,1,5,0.8,9,0,10.8,
NA Saini,2023,Rajasthan Royals,1,12,2.0,34,0,17.0,
NB Singh,2017,Gujarat Lions,2,24,4.0,15,1,3.75,24.0
ND Doshi,2010,Royal Challengers Bangalore,1,24,4.0,17,1,4.25,24.0
ND Doshi,2011,Rajasthan Royals,3,32,5.3,62,1,11.63,32.0
NJ Rimmington,2011,Kings XI Punjab,1,18,3.0,19,0,6.33,
NL McCullum,2011,Pune Warriors,2,30,5.0,34,0,6.8,
NLTC Perera,2010,Chennai Super Kings,1,6,1.0,19,0,19.0,
NLTC Perera,2011,Kochi Tuskers Kerala,4,84,14.0,111,2,7.93,42.0
NLTC Perera,2012,Mumbai Indians,2,15,2.5,27,0,10.8,
NLTC Perera,2013,Sunrisers Hyderabad,16,358,59.7,478,19,8.01,18.84
NLTC Perera,2015,Kings XI Punjab,2,36,6.0,55,1,9.17,36.0
NLTC Perera,2016,Rising Pune Supergiants,11,199,33.2,326,9,9.83,22.11
NM Coulter-Nile,2013,Mumbai Indians,1,24,4.0,29,1,7.25,24.0
NM Coulter-Nile,2014,Delhi Daredevils,1,24,4.0,27,2,6.75,12.0
NM Coulter-Nile,2015,Delhi Daredevils,11,255,42.5,321,15,7.55,17.0
NM Coulter-Nile,2016,Delhi Daredevils,4,90,15.0,114,3,7.6,30.0
NM Coulter-Nile,2017,Kolkata Knight Riders,8,170,28.3,228,15,8.05,11.33
NM Coulter-Nile,2020,Mumbai Indians,7,156,26.0,206,5,7.92,31.2
NM Coulter-Nile,2021,Mumbai Indians,5,120,20.0,127,7,6.35,17.14
NM Coulter-Nile,2022,Rajasthan Royals,1,18,3.0,48,0,16.0,
NT Ellis,2021,Punjab Kings,3,66,11.0,90,1,8.18,66.0
NT Ellis,2022,Punjab Kings,2,36,6.0,55,3,9.17,12.0
NT Ellis,2023,Punjab Kings,10,228,38.0,339,13,8.92,17.54
NT Ellis,2024,Punjab Kings,1,24,4.0,24,1,6.0,24.0
NT Ellis,2025,Chennai Super Kings,1,24,4.0,38,1,9.5,24.0
Naman Dhir,2024,Mumbai Indians,3,28,4.7,55,0,11.79,
Naman Dhir,2025,Mumbai Indians,2,24,4.0,21,0,5.25,
Navdeep Saini,2019,Royal Challengers Bangalore,13,288,48.0,397,11,8.27,26.18
Navdeep Saini,2020,Royal Challengers Bangalore,13,274,45.7,379,6,8.3,45.67
Navdeep Saini,2021,Royal Challengers Bangalore,2,24,4.0,52,0,13.0,
Navdeep Saini,2022,Rajasthan Royals,2,36,6.0,72,3,12.0,12.0
Navdeep Saini,2023,Rajasthan Royals,1,24,4.0,40,3,10.0,8.0
Naveen-ul-Haq,2023,Lucknow Super Giants,7,168,28.0,219,11,7.82,15.27
Naveen-ul-Haq,2024,Lucknow Super Giants,10,219,36.5,372,14,10.19,15.64
Nithish Kumar Reddy,2023,Sunrisers Hyderabad,2,30,5.0,54,0,10.8,
Nithish Kumar Reddy,2024,Sunrisers Hyderabad,7,79,13.2,153,3,11.62,26.33
Nithish Kumar Reddy,2025,Sunrisers Hyderabad,3,30,5.0,47,2,9.4,15.0
Noor Ahmad,2023,Gujarat Titans,13,283,47.2,369,16,7.82,17.69
Noor Ahmad,2024,Gujarat Titans,10,209,34.8,290,8,8.33,26.13
Noor Ahmad,2025,Chennai Super Kings,14,300,50.0,408,24,8.16,12.5
O Thomas,2019,Rajasthan Royals,4,60,10.0,79,5,7.9,12.0
OC McCoy,2022,Rajasthan Royals,7,155,25.8,237,11,9.17,14.09
OC McCoy,2023,Rajasthan Royals,1,6,1.0,13,0,13.0,
OF Smith,2022,Punjab Kings,6,90,15.0,178,6,11.87,15.0
P Amarnath,2008,Chennai Super Kings,6,132,22.0,236,7,10.73,18.86
P Awana,2012,Kings XI Punjab,12,282,47.0,372,17,7.91,16.59
P Awana,2013,Kings XI Punjab,14,324,54.0,412,15,7.63,21.6
P Awana,2014,Kings XI Punjab,7,141,23.5,245,7,10.43,20.14
P Dubey,2020,Delhi Capitals,3,48,8.0,72,0,9.0,
P Dubey,2023,Delhi Capitals,1,18,3.0,19,1,6.33,18.0
P Dubey,2025,Punjab Kings,1,12,2.0,20,1,10.0,12.0
P Kumar,2008,Royal Challengers Bangalore,13,268,44.7,366,11,8.19,24.36
P Kumar,2009,Royal Challengers Bangalore,13,298,49.7,394,13,7.93,22.92
P Kumar,2010,Royal Challengers Bangalore,12,270,45.0,380,10,8.44,27.0
P Kumar,2011,Kings XI Punjab,13,276,46.0,345,10,7.5,27.6
P Kumar,2012,Kings XI Punjab,16,378,63.0,434,9,6.89,42.0
P Kumar,2013,Kings XI Punjab,15,338,56.3,373,12,6.62,28.17
P Kumar,2014,Mumbai Indians,3,72,12.0,78,3,6.5,24.0
P Kumar,2015,Sunrisers Hyderabad,12,216,36.0,329,7,9.14,30.86
P Kumar,2016,Gujarat Lions,16,309,51.5,401,9,7.79,34.33
P Kumar,2017,Gujarat Lions,6,99,16.5,151,6,9.15,16.5
P Negi,2012,Delhi Daredevils,6,132,22.0,152,7,6.91,18.86
P Negi,2013,Delhi Daredevils,1,24,4.0,28,0,7.0,
P Negi,2014,Chennai Super Kings,2,42,7.0,75,0,10.71,
P Negi,2015,Chennai Super Kings,10,180,30.0,252,6,8.4,30.0
P Negi,2016,Delhi Daredevils,5,54,9.0,84,1,9.33,54.0
P Negi,2017,Royal Challengers Bangalore,12,193,32.2,197,16,6.12,12.06
P Negi,2018,Royal Challengers Bangalore,2,24,4.0,49,1,12.25,24.0
P Negi,2019,Royal Challengers Bangalore,4,67,11.2,102,3,9.13,22.33
P Parameswaran,2011,Kochi Tuskers Kerala,5,94,15.7,137,4,8.74,23.5
P Parameswaran,2012,Royal Challengers Bangalore,3,60,10.0,87,5,8.7,12.0
P Prasanth,2011,Kochi Tuskers Kerala,1,6,1.0,18,0,18.0,
P Ray Barman,2019,Royal Challengers Bangalore,1,24,4.0,56,0,14.0,
P Sahu,2016,Kings XI Punjab,5,105,17.5,146,3,8.34,35.0
P Suyal,2013,Mumbai Indians,1,18,3.0,21,1,7.0,18.0
P Suyal,2014,Mumbai Indians,1,18,3.0,35,1,11.67,18.0
P Suyal,2015,Mumbai Indians,3,60,10.0,95,0,9.5,
PC Valthaty,2011,Kings XI Punjab,9,145,24.2,189,7,7.82,20.71
PC Valthaty,2012,Kings XI Punjab,1,6,1.0,16,0,16.0,
PD Collingwood,2010,Delhi Daredevils,6,89,14.8,101,5,6.81,17.8
PH Solanki,2022,Chennai Super Kings,2,36,6.0,38,2,6.33,18.0
PHKD Mendis,2025,Sunrisers Hyderabad,4,42,7.0,60,2,8.57,21.0
PJ Cummins,2014,Kolkata Knight Riders,1,24,4.0,29,1,7.25,24.0
PJ Cummins,2015,Kolkata Knight Riders,3,60,10.0,97,1,9.7,60.0
PJ Cummins,2017,Delhi Daredevils,12,277,46.2,373,15,8.08,18.47
PJ Cummins,2020,Kolkata Knight Riders,14,312,52.0,409,12,7.87,26.0
PJ Cummins,2021,Kolkata Knight Riders,7,161,26.8,237,9,8.83,17.89
PJ Cummins,2022,Kolkata Knight Riders,5,119,19.8,212,7,10.69,17.0
PJ Cummins,2024,Sunrisers Hyderabad,16,366,61.0,566,18,9.28,20.33
PJ Cummins,2025,Sunrisers Hyderabad,14,298,49.7,450,16,9.06,18.63
PJ Sangwan,2008,Delhi Daredevils,7,144,24.0,215,5,8.96,28.8
PJ Sangwan,2009,Delhi Daredevils,13,280,46.7,360,15,7.71,18.67
PJ Sangwan,2010,Delhi Daredevils,8,186,31.0,258,9,8.32,20.67
PJ Sangwan,2012,Kolkata Knight Riders,1,24,4.0,42,1,10.5,24.0
PJ Sangwan,2013,Kolkata Knight Riders,2,24,4.0,51,0,12.75,
PJ Sangwan,2016,Gujarat Lions,2,24,4.0,49,0,12.25,
PJ Sangwan,2017,Gujarat Lions,5,108,18.0,181,5,10.06,21.6
PJ Sangwan,2018,Mumbai Indians,1,12,2.0,19,0,9.5,
PJ Sangwan,2022,Gujarat Titans,3,54,9.0,65,3,7.22,18.0
PM Sarvesh Kumar,2008,Deccan Chargers,2,30,5.0,42,1,8.4,30.0
PP Chawla,2008,Kings XI Punjab,15,281,46.8,389,17,8.31,16.53
PP Chawla,2009,Kings XI Punjab,14,269,44.8,308,12,6.87,22.42
PP Chawla,2010,Kings XI Punjab,14,294,49.0,367,12,7.49,24.5
PP Chawla,2011,Kings XI Punjab,12,248,41.3,336,16,8.13,15.5
PP Chawla,2012,Kings XI Punjab,16,342,57.0,419,16,7.35,21.38
PP Chawla,2013,Kings XI Punjab,16,350,58.3,418,11,7.17,31.82
PP Chawla,2014,Kolkata Knight Riders,11,237,39.5,303,14,7.67,16.93
PP Chawla,2015,Kolkata Knight Riders,13,210,35.0,269,11,7.69,19.09
PP Chawla,2016,Kolkata Knight Riders,11,212,35.3,273,11,7.73,19.27
PP Chawla,2017,Kolkata Knight Riders,6,120,20.0,179,6,8.95,20.0
PP Chawla,2018,Kolkata Knight Riders,15,294,49.0,412,14,8.41,21.0
PP Chawla,2019,Kolkata Knight Riders,13,267,44.5,399,10,8.97,26.7
PP Chawla,2020,Chennai Super Kings,7,126,21.0,191,6,9.1,21.0
PP Chawla,2021,Mumbai Indians,1,24,4.0,38,1,9.5,24.0
PP Chawla,2023,Mumbai Indians,16,366,61.0,495,22,8.11,16.64
PP Chawla,2024,Mumbai Indians,11,210,35.0,312,13,8.91,16.15
PP Ojha,2008,Deccan Chargers,12,222,37.0,284,11,7.68,20.18
PP Ojha,2009,Deccan Chargers,15,321,53.5,348,18,6.5,17.83
PP Ojha,2010,Deccan Chargers,16,353,58.8,429,21,7.29,16.81
PP Ojha,2011,Deccan Chargers,10,221,36.8,267,10,7.25,22.1
PP Ojha,2012,Mumbai Indians,9,180,30.0,220,9,7.33,20.0
PP Ojha,2013,Mumbai Indians,15,314,52.3,381,16,7.28,19.63
PP Ojha,2014,Mumbai Indians,12,276,46.0,380,4,8.26,69.0
PP Ojha,2015,Mumbai Indians,1,12,2.0,23,0,11.5,
PV Tambe,2013,Rajasthan Royals,3,66,11.0,88,1,8.0,66.0
PV Tambe,2014,Rajasthan Royals,13,294,49.0,356,15,7.27,19.6
PV Tambe,2015,Rajasthan Royals,10,204,34.0,266,7,7.82,29.14
PV Tambe,2016,Gujarat Lions,7,96,16.0,143,5,8.94,19.2
PVD Chameera,2022,Lucknow Super Giants,12,264,44.0,384,9,8.73,29.33
PVD Chameera,2024,Kolkata Knight Riders,1,18,3.0,48,0,16.0,
PVD Chameera,2025,Delhi Capitals,6,102,17.0,198,4,11.65,25.5
PVSN Raju,2025,Mumbai Indians,2,24,4.0,53,1,13.25,24.0
PWA Mulder,2025,Sunrisers Hyderabad,1,6,1.0,16,0,16.0,
PWH de Silva,2021,Royal Challengers Bangalore,2,36,6.0,60,0,10.0,
PWH de Silva,2022,Royal Challengers Bangalore,16,342,57.0,430,26,7.54,13.15
PWH de Silva,2023,Royal Challengers Bangalore,8,174,29.0,258,9,8.9,19.33
PWH de Silva,2025,Rajasthan Royals,11,246,41.0,371,11,9.05,22.36
Pankaj Singh,2008,Rajasthan Royals,5,72,12.0,129,0,10.75,
Pankaj Singh,2009,Royal Challengers Bangalore,3,42,7.0,65,2,9.29,21.0
Pankaj Singh,2010,Royal Challengers Bangalore,2,48,8.0,81,2,10.13,24.0
Pankaj Singh,2011,Rajasthan Royals,1,12,2.0,23,0,11.5,
Pankaj Singh,2012,Rajasthan Royals,6,126,21.0,170,7,8.1,18.0
Parvez Rasool,2013,Pune Warriors,2,30,5.0,28,1,5.6,30.0
Parvez Rasool,2014,Sunrisers Hyderabad,3,54,9.0,83,1,9.22,54.0
Parvez Rasool,2015,Sunrisers Hyderabad,2,30,5.0,31,1,6.2,30.0
Parvez Rasool,2016,Royal Challengers Bangalore,4,84,14.0,129,1,9.21,84.0
Prince Yadav,2025,Lucknow Super Giants,6,137,22.8,225,3,9.85,45.67
R Ashwin,2009,Chennai Super Kings,1,24,4.0,13,2,3.25,12.0
R Ashwin,2010,Chennai Super Kings,12,288,48.0,293,13,6.1,22.15
R Ashwin,2011,Chennai Super Kings,16,378,63.0,388,20,6.16,18.9
R Ashwin,2012,Chennai Super Kings,18,395,65.8,431,14,6.55,28.21
R Ashwin,2013,Chennai Super Kings,18,348,58.0,390,15,6.72,23.2
R Ashwin,2014,Chennai Super Kings,16,359,59.8,437,16,7.3,22.44
R Ashwin,2015,Chennai Super Kings,13,234,39.0,228,10,5.85,23.4
R Ashwin,2016,Rising Pune Supergiants,14,264,44.0,319,10,7.25,26.4
R Ashwin,2018,Kings XI Punjab,14,304,50.7,410,10,8.09,30.4
R Ashwin,2019,Kings XI Punjab,14,330,55.0,400,15,7.27,22.0
R Ashwin,2020,Delhi Capitals,15,306,51.0,391,13,7.67,23.54
R Ashwin,2021,Delhi Capitals,13,268,44.7,331,7,7.41,38.29
R Ashwin,2022,Rajasthan Royals,17,402,67.0,503,12,7.51,33.5
R Ashwin,2023,Rajasthan Royals,13,294,49.0,368,14,7.51,21.0
R Ashwin,2024,Rajasthan Royals,14,330,55.0,467,9,8.49,36.67
R Ashwin,2025,Chennai Super Kings,9,186,31.0,283,7,9.13,26.57
R Bhatia,2008,Delhi Daredevils,9,132,22.0,183,6,8.32,22.0
R Bhatia,2009,Delhi Daredevils,7,130,21.7,146,10,6.74,13.0
R Bhatia,2010,Delhi Daredevils,5,96,16.0,132,3,8.25,32.0
R Bhatia,2011,Kolkata Knight Riders,12,192,32.0,210,8,6.56,24.0
R Bhatia,2012,Kolkata Knight Riders,16,319,53.2,389,13,7.32,24.54
R Bhatia,2013,Kolkata Knight Riders,15,263,43.8,332,11,7.57,23.91
R Bhatia,2014,Rajasthan Royals,12,228,38.0,283,12,7.45,19.0
R Bhatia,2015,Rajasthan Royals,2,30,5.0,46,0,9.2,
R Bhatia,2016,Rising Pune Supergiants,10,204,34.0,244,6,7.18,34.0
R Bhatia,2017,Rising Pune Supergiant,3,42,7.0,55,2,7.86,21.0
R Dhawan,2013,Mumbai Indians,5,90,15.0,109,2,7.27,45.0
R Dhawan,2014,Kings XI Punjab,13,284,47.3,365,13,7.71,21.85
R Dhawan,2015,Kings XI Punjab,5,72,12.0,110,1,9.17,72.0
R Dhawan,2016,Kings XI Punjab,2,42,7.0,56,2,8.0,21.0
R Dhawan,2022,Punjab Kings,6,114,19.0,156,6,8.21,19.0
R Dhawan,2023,Punjab Kings,4,42,7.0,60,1,8.57,42.0
R Dhawan,2024,Punjab Kings,1,18,3.0,35,0,11.67,
R Goyal,2023,Mumbai Indians,1,24,4.0,33,0,8.25,
R McLaren,2010,Mumbai Indians,10,204,34.0,270,4,7.94,51.0
R McLaren,2011,Kings XI Punjab,6,108,18.0,178,5,9.89,21.6
R McLaren,2013,Kolkata Knight Riders,2,42,7.0,94,3,13.43,14.0
R Ninan,2011,Royal Challengers Bangalore,2,36,6.0,65,3,10.83,12.0
R Parag,2019,Rajasthan Royals,7,84,14.0,121,2,8.64,42.0
R Parag,2020,Rajasthan Royals,2,12,2.0,27,0,13.5,
R Parag,2021,Rajasthan Royals,6,37,6.2,73,1,11.84,37.0
R Parag,2022,Rajasthan Royals,4,24,4.0,59,1,14.75,24.0
R Parag,2024,Rajasthan Royals,2,18,3.0,27,0,9.0,
R Parag,2025,Rajasthan Royals,9,120,20.0,170,3,8.5,40.0
R Powell,2022,Delhi Capitals,1,6,1.0,17,0,17.0,
R Powell,2023,Delhi Capitals,1,12,2.0,18,1,9.0,12.0
R Rampaul,2013,Royal Challengers Bangalore,10,226,37.7,261,13,6.93,17.38
R Rampaul,2014,Royal Challengers Bangalore,2,36,6.0,37,1,6.17,36.0
R Ravindra,2024,Chennai Super Kings,2,12,2.0,7,0,3.5,
R Sai Kishore,2022,Gujarat Titans,5,96,16.0,121,6,7.56,16.0
R Sai Kishore,2024,Gujarat Titans,5,90,15.0,137,7,9.13,12.86
R Sai Kishore,2025,Gujarat Titans,15,255,42.5,393,19,9.25,13.42
R Sanjay Yadav,2022,Mumbai Indians,1,12,2.0,23,0,11.5,
R Sathish,2010,Mumbai Indians,4,48,8.0,81,2,10.13,24.0
R Sathish,2011,Mumbai Indians,4,31,5.2,41,0,7.94,
R Sathish,2013,Kings XI Punjab,3,24,4.0,51,0,12.75,
R Sathish,2016,Kolkata Knight Riders,3,36,6.0,59,1,9.83,36.0
R Sharma,2010,Deccan Chargers,6,124,20.7,167,5,8.08,24.8
R Sharma,2011,Pune Warriors,14,300,50.0,273,16,5.46,18.75
R Sharma,2012,Pune Warriors,11,222,37.0,300,9,8.11,24.67
R Sharma,2013,Pune Warriors,11,246,41.0,281,9,6.85,27.33
R Sharma,2014,Delhi Daredevils,2,36,6.0,65,1,10.83,36.0
R Shepherd,2022,Sunrisers Hyderabad,3,54,9.0,98,3,10.89,18.0
R Shepherd,2024,Mumbai Indians,5,72,12.0,159,1,13.25,72.0
R Shepherd,2025,Royal Challengers Bengaluru,7,84,14.0,151,6,10.79,14.0
R Shukla,2012,Mumbai Indians,1,18,3.0,31,0,10.33,
R Shukla,2013,Rajasthan Royals,3,48,8.0,79,3,9.88,16.0
R Shukla,2014,Delhi Daredevils,3,54,9.0,98,2,10.89,27.0
R Tewatia,2014,Rajasthan Royals,3,54,9.0,59,2,6.56,27.0
R Tewatia,2015,Rajasthan Royals,1,18,3.0,31,1,10.33,18.0
R Tewatia,2017,Kings XI Punjab,3,54,9.0,49,3,5.44,18.0
R Tewatia,2018,Delhi Daredevils,8,132,22.0,173,6,7.86,22.0
R Tewatia,2019,Delhi Capitals,3,38,6.3,42,2,6.63,19.0
R Tewatia,2020,Rajasthan Royals,14,276,46.0,326,10,7.09,27.6
R Tewatia,2021,Rajasthan Royals,13,222,37.0,340,8,9.19,27.75
R Tewatia,2022,Gujarat Titans,5,36,6.0,76,0,12.67,
R Tewatia,2023,Gujarat Titans,2,13,2.2,15,0,6.92,
R Vinay Kumar,2008,Royal Challengers Bangalore,8,138,23.0,182,5,7.91,27.6
R Vinay Kumar,2009,Royal Challengers Bangalore,11,194,32.3,271,9,8.38,21.56
R Vinay Kumar,2010,Royal Challengers Bangalore,14,277,46.2,396,16,8.58,17.31
R Vinay Kumar,2011,Kochi Tuskers Kerala,13,268,44.7,335,12,7.5,22.33
R Vinay Kumar,2012,Royal Challengers Bangalore,14,335,55.8,480,19,8.6,17.63
R Vinay Kumar,2013,Royal Challengers Bangalore,16,361,60.2,493,23,8.19,15.7
R Vinay Kumar,2014,Kolkata Knight Riders,9,192,32.0,281,7,8.78,27.43
R Vinay Kumar,2015,Mumbai Indians,13,261,43.5,368,7,8.46,37.29
R Vinay Kumar,2016,Mumbai Indians,3,54,9.0,64,3,7.11,18.0
R Vinay Kumar,2017,Mumbai Indians,1,18,3.0,31,2,10.33,9.0
R Vinay Kumar,2018,Kolkata Knight Riders,2,23,3.8,65,2,16.96,11.5
RA Jadeja,2008,Rajasthan Royals,2,13,2.2,21,0,9.69,
RA Jadeja,2009,Rajasthan Royals,10,140,23.3,151,6,6.47,23.33
RA Jadeja,2011,Kochi Tuskers Kerala,14,252,42.0,305,8,7.26,31.5
RA Jadeja,2012,Chennai Super Kings,14,210,35.0,273,12,7.8,17.5
RA Jadeja,2013,Chennai Super Kings,15,259,43.2,323,13,7.48,19.92
RA Jadeja,2014,Chennai Super Kings,16,326,54.3,443,19,8.15,17.16
RA Jadeja,2015,Chennai Super Kings,15,256,42.7,330,11,7.73,23.27
RA Jadeja,2016,Gujarat Lions,14,241,40.2,311,8,7.74,30.13
RA Jadeja,2017,Gujarat Lions,12,228,38.0,349,5,9.18,45.6
RA Jadeja,2018,Chennai Super Kings,14,246,41.0,303,11,7.39,22.36
RA Jadeja,2019,Chennai Super Kings,16,324,54.0,343,15,6.35,21.6
RA Jadeja,2020,Chennai Super Kings,13,218,36.3,318,6,8.75,36.33
RA Jadeja,2021,Chennai Super Kings,16,294,49.0,346,13,7.06,22.62
RA Jadeja,2022,Chennai Super Kings,10,198,33.0,248,5,7.52,39.6
RA Jadeja,2023,Chennai Super Kings,16,342,57.0,431,20,7.56,17.1
RA Jadeja,2024,Chennai Super Kings,14,282,47.0,369,8,7.85,35.25
RA Jadeja,2025,Chennai Super Kings,14,227,37.8,324,10,8.56,22.7
RA Shaikh,2009,Mumbai Indians,1,6,1.0,11,0,11.0,
RA Tripathi,2017,Rising Pune Supergiant,1,6,1.0,12,0,12.0,
RD Chahar,2017,Rising Pune Supergiant,2,42,7.0,58,2,8.29,21.0
RD Chahar,2019,Mumbai Indians,13,282,47.0,308,13,6.55,21.69
RD Chahar,2020,Mumbai Indians,15,318,53.0,433,15,8.17,21.2
RD Chahar,2021,Mumbai Indians,11,258,43.0,318,13,7.4,19.85
RD Chahar,2022,Punjab Kings,13,280,46.7,360,14,7.71,20.0
RD Chahar,2023,Punjab Kings,14,298,49.7,385,8,7.75,37.25
RD Chahar,2024,Punjab Kings,9,186,31.0,279,10,9.0,18.6
RD Chahar,2025,Sunrisers Hyderabad,1,6,1.0,9,0,9.0,
RE van der Merwe,2009,Royal Challengers Bangalore,10,204,34.0,248,9,7.29,22.67
RE van der Merwe,2010,Royal Challengers Bangalore,1,24,4.0,27,2,6.75,12.0
RE van der Merwe,2011,Delhi Daredevils,4,89,14.8,92,5,6.2,17.8
RE van der Merwe,2012,Delhi Daredevils,3,60,10.0,60,2,6.0,30.0
RE van der Merwe,2013,Delhi Daredevils,3,66,11.0,71,3,6.45,22.0
RG More,2015,Chennai Super Kings,2,35,5.8,59,1,10.11,35.0
RG Sharma,2008,Deccan Chargers,1,24,4.0,25,1,6.25,24.0
RG Sharma,2009,Deccan Chargers,12,138,23.0,161,11,7.0,12.55
RG Sharma,2010,Deccan Chargers,9,114,19.0,153,2,8.05,57.0
RG Sharma,2011,Mumbai Indians,3,24,4.0,53,0,13.25,
RG Sharma,2012,Mumbai Indians,1,6,1.0,16,0,16.0,
RG Sharma,2013,Mumbai Indians,2,8,1.3,6,0,4.5,
RG Sharma,2014,Mumbai Indians,2,18,3.0,26,1,8.67,18.0
RG Sharma,2021,Mumbai Indians,2,7,1.2,13,0,11.14,
RJ Gleeson,2024,Chennai Super Kings,2,47,7.8,71,1,9.06,47.0
RJ Gleeson,2025,Mumbai Indians,1,21,3.5,39,1,11.14,21.0
RJ Harris,2009,Deccan Chargers,8,186,31.0,230,6,7.42,31.0
RJ Harris,2010,Deccan Chargers,8,184,30.7,233,14,7.6,13.14
RJ Harris,2011,Kings XI Punjab,13,282,47.0,382,16,8.13,17.63
RJ Harris,2012,Kings XI Punjab,5,108,18.0,130,8,7.22,13.5
RJ Harris,2013,Kings XI Punjab,3,72,12.0,72,1,6.0,72.0
RJ Peterson,2012,Mumbai Indians,4,48,8.0,70,3,8.75,16.0
RJW Topley,2023,Royal Challengers Bangalore,1,12,2.0,14,1,7.0,12.0
RJW Topley,2024,Royal Challengers Bengaluru,4,90,15.0,168,4,11.2,22.5
RJW Topley,2025,Mumbai Indians,1,18,3.0,40,0,13.33,
RN ten Doeschate,2011,Kolkata Knight Riders,1,6,1.0,7,0,7.0,
RN ten Doeschate,2012,Kolkata Knight Riders,1,18,3.0,24,1,8.0,18.0
RN ten Doeschate,2013,Kolkata Knight Riders,3,18,3.0,24,0,8.0,
RN ten Doeschate,2014,Kolkata Knight Riders,4,30,5.0,35,1,7.0,30.0
RN ten Doeschate,2015,Kolkata Knight Riders,1,6,1.0,4,0,4.0,
RP Meredith,2021,Punjab Kings,5,102,17.0,169,4,9.94,25.5
RP Meredith,2022,Mumbai Indians,8,168,28.0,236,8,8.43,21.0
RP Meredith,2023,Mumbai Indians,5,118,19.7,207,7,10.53,16.86
RP Singh,2008,Deccan Chargers,14,308,51.3,442,15,8.61,20.53
RP Singh,2009,Deccan Chargers,16,358,59.7,417,23,6.99,15.57
RP Singh,2010,Deccan Chargers,12,252,42.0,370,13,8.81,19.38
RP Singh,2011,Kochi Tuskers Kerala,14,300,50.0,345,13,6.9,23.08
RP Singh,2012,Mumbai Indians,11,246,41.0,318,10,7.76,24.6
RP Singh,2013,Royal Challengers Bangalore,11,239,39.8,335,13,8.41,18.38
RP Singh,2016,Rising Pune Supergiants,4,72,12.0,111,3,9.25,24.0
RR Bhatkal,2012,Royal Challengers Bangalore,1,12,2.0,35,0,17.5,
RR Bose,2009,Kings XI Punjab,1,12,2.0,24,0,12.0,
RR Powar,2008,Kings XI Punjab,5,72,12.0,91,3,7.58,24.0
RR Powar,2009,Kings XI Punjab,8,126,21.0,132,5,6.29,25.2
RR Powar,2010,Kings XI Punjab,7,138,23.0,160,3,6.96,46.0
RR Powar,2011,Kochi Tuskers Kerala,5,72,12.0,112,2,9.33,36.0
RR Powar,2012,Kings XI Punjab,1,18,3.0,32,0,10.67,
RR Raje,2008,Mumbai Indians,6,98,16.3,137,5,8.39,19.6
RR Raje,2009,Mumbai Indians,4,41,6.8,72,1,10.54,41.0
RS Bopara,2009,Kings XI Punjab,2,8,1.3,5,0,3.75,
RS Bopara,2010,Kings XI Punjab,5,78,13.0,127,5,9.77,15.6
RS Bopara,2015,Sunrisers Hyderabad,7,120,20.0,160,6,8.0,20.0
RS Gavaskar,2010,Kolkata Knight Riders,1,6,1.0,8,0,8.0,
RS Hangargekar,2023,Chennai Super Kings,2,36,6.0,60,3,10.0,12.0
RV Gomez,2011,Kochi Tuskers Kerala,8,90,15.0,124,5,8.27,18.0
RV Gomez,2013,Pune Warriors,1,6,1.0,5,0,5.0,
RV Patel,2021,Delhi Capitals,1,18,3.0,22,0,7.33,
RW Price,2011,Mumbai Indians,1,18,3.0,33,0,11.0,
Ramandeep Singh,2022,Mumbai Indians,3,36,6.0,54,6,9.0,6.0
Ramandeep Singh,2024,Kolkata Knight Riders,1,4,0.7,9,0,13.5,
Rashid Khan,2017,Sunrisers Hyderabad,14,324,54.0,358,17,6.63,19.06
Rashid Khan,2018,Sunrisers Hyderabad,17,408,68.0,458,21,6.74,19.43
Rashid Khan,2019,Sunrisers Hyderabad,15,360,60.0,377,17,6.28,21.18
Rashid Khan,2020,Sunrisers Hyderabad,16,384,64.0,344,20,5.38,19.2
Rashid Khan,2021,Sunrisers Hyderabad,14,336,56.0,375,18,6.7,18.67
Rashid Khan,2022,Gujarat Titans,16,383,63.8,421,19,6.6,20.16
Rashid Khan,2023,Gujarat Titans,17,402,67.0,552,27,8.24,14.89
Rashid Khan,2024,Gujarat Titans,12,262,43.7,367,10,8.4,26.2
Rashid Khan,2025,Gujarat Titans,15,330,55.0,514,9,9.35,36.67
Rasikh Salam,2019,Mumbai Indians,1,24,4.0,42,0,10.5,
Rasikh Salam,2022,Kolkata Knight Riders,2,24,4.0,28,0,7.0,
Rasikh Salam,2024,Delhi Capitals,8,147,24.5,269,9,10.98,16.33
Rasikh Salam,2025,Royal Challengers Bengaluru,2,36,6.0,70,1,11.67,36.0
Ravi Bishnoi,2020,Kings XI Punjab,14,306,51.0,376,12,7.37,25.5
Ravi Bishnoi,2021,Punjab Kings,9,216,36.0,230,12,6.39,18.0
Ravi Bishnoi,2022,Lucknow Super Giants,14,324,54.0,456,13,8.44,24.92
Ravi Bishnoi,2023,Lucknow Super Giants,14,303,50.5,391,16,7.74,18.94
Ravi Bishnoi,2024,Lucknow Super Giants,14,262,43.7,383,10,8.77,26.2
Ravi Bishnoi,2025,Lucknow Super Giants,11,222,37.0,401,9,10.84,24.67
S Aravind,2011,Royal Challengers Bangalore,13,276,46.0,368,21,8.0,13.14
S Aravind,2012,Royal Challengers Bangalore,1,18,3.0,48,0,16.0,
S Aravind,2015,Royal Challengers Bangalore,5,108,18.0,132,8,7.33,13.5
S Aravind,2016,Royal Challengers Bangalore,9,175,29.2,216,11,7.41,15.91
S Aravind,2017,Royal Challengers Bangalore,10,183,30.5,275,5,9.02,36.6
S Badree,2013,Rajasthan Royals,1,24,4.0,34,0,8.5,
S Badree,2014,Chennai Super Kings,4,84,14.0,97,2,6.93,42.0
S Badree,2017,Royal Challengers Bangalore,7,150,25.0,188,9,7.52,16.67
S Dhawan,2011,Deccan Chargers,2,12,2.0,11,1,5.5,12.0
S Dhawan,2012,Deccan Chargers,4,36,6.0,55,3,9.17,12.0
S Dube,2019,Royal Challengers Bangalore,2,10,1.7,8,0,4.8,
S Dube,2020,Royal Challengers Bangalore,5,54,9.0,73,4,8.11,13.5
S Dube,2021,Rajasthan Royals,4,30,5.0,49,0,9.8,
S Dube,2022,Chennai Super Kings,2,12,2.0,36,0,18.0,
S Dube,2024,Chennai Super Kings,1,6,1.0,14,1,14.0,6.0
S Dube,2025,Chennai Super Kings,1,12,2.0,33,0,16.5,
S Gopal,2014,Mumbai Indians,4,84,14.0,113,6,8.07,14.0
S Gopal,2015,Mumbai Indians,1,13,2.2,23,1,10.62,13.0
S Gopal,2016,Mumbai Indians,1,18,3.0,18,0,6.0,
S Gopal,2018,Rajasthan Royals,10,186,31.0,236,11,7.61,16.91
S Gopal,2019,Rajasthan Royals,14,288,48.0,347,20,7.23,14.4
S Gopal,2020,Rajasthan Royals,14,300,50.0,427,10,8.54,30.0
S Gopal,2021,Rajasthan Royals,3,42,7.0,84,0,12.0,
S Gopal,2022,Sunrisers Hyderabad,1,18,3.0,34,1,11.33,18.0
S Gopal,2024,Mumbai Indians,3,42,7.0,67,3,9.57,14.0
S Joseph,2024,Lucknow Super Giants,1,24,4.0,47,0,11.75,
S Kaul,2013,Delhi Daredevils,6,131,21.8,170,4,7.79,32.75
S Kaul,2014,Delhi Daredevils,5,78,13.0,126,2,9.69,39.0
S Kaul,2017,Sunrisers Hyderabad,10,214,35.7,300,16,8.41,13.38
S Kaul,2018,Sunrisers Hyderabad,17,396,66.0,547,21,8.29,18.86
S Kaul,2019,Sunrisers Hyderabad,7,162,27.0,242,6,8.96,27.0
S Kaul,2020,Sunrisers Hyderabad,1,24,4.0,64,2,16.0,12.0
S Kaul,2021,Sunrisers Hyderabad,8,180,30.0,247,7,8.23,25.71
S Kaul,2022,Royal Challengers Bangalore,1,24,4.0,43,0,10.75,
S Kaushik,2016,Gujarat Lions,7,138,23.0,192,6,8.35,23.0
S Kaushik,2017,Gujarat Lions,3,66,11.0,105,0,9.55,
S Ladda,2010,Delhi Daredevils,5,90,15.0,143,4,9.53,22.5
S Ladda,2011,Kolkata Knight Riders,2,24,4.0,42,0,10.5,
S Ladda,2013,Kolkata Knight Riders,1,12,2.0,18,1,9.0,12.0
S Ladda,2016,Gujarat Lions,1,12,2.0,21,0,10.5,
S Lamichhane,2018,Delhi Daredevils,3,72,12.0,82,5,6.83,14.4
S Lamichhane,2019,Delhi Capitals,6,138,23.0,210,8,9.13,17.25
S Midhun,2019,Rajasthan Royals,1,12,2.0,27,0,13.5,
S Nadeem,2011,Delhi Daredevils,5,114,19.0,142,4,7.47,28.5
S Nadeem,2012,Delhi Daredevils,12,270,45.0,318,8,7.07,33.75
S Nadeem,2013,Delhi Daredevils,12,264,44.0,259,9,5.89,29.33
S Nadeem,2014,Delhi Daredevils,11,228,38.0,311,8,8.18,28.5
S Nadeem,2015,Delhi Daredevils,2,42,7.0,43,0,6.14,
S Nadeem,2016,Delhi Daredevils,4,90,15.0,127,2,8.47,45.0
S Nadeem,2017,Delhi Daredevils,7,107,17.8,119,6,6.67,17.83
S Nadeem,2018,Delhi Daredevils,6,90,15.0,161,3,10.73,30.0
S Nadeem,2019,Sunrisers Hyderabad,3,54,9.0,90,2,10.0,27.0
S Nadeem,2020,Sunrisers Hyderabad,7,132,22.0,178,5,8.09,26.4
S Nadeem,2021,Sunrisers Hyderabad,1,24,4.0,36,1,9.0,24.0
S Narwal,2010,Rajasthan Royals,5,94,15.7,185,5,11.81,18.8
S Narwal,2013,Kolkata Knight Riders,1,12,2.0,17,0,8.5,
S Rana,2011,Pune Warriors,1,4,0.7,2,0,3.0,
S Rana,2014,Royal Challengers Bangalore,2,12,2.0,16,0,8.0,
S Randiv,2011,Chennai Super Kings,8,174,29.0,223,6,7.69,29.0
S Sandeep Warrier,2019,Kolkata Knight Riders,3,72,12.0,85,2,7.08,36.0
S Sandeep Warrier,2020,Kolkata Knight Riders,1,18,3.0,34,0,11.33,
S Sandeep Warrier,2021,Kolkata Knight Riders,1,12,2.0,15,0,7.5,
S Sandeep Warrier,2024,Gujarat Titans,5,66,11.0,119,6,10.82,11.0
S Sreesanth,2008,Kings XI Punjab,15,307,51.2,442,19,8.64,16.16
S Sreesanth,2009,Kings XI Punjab,7,138,23.0,192,6,8.35,23.0
S Sreesanth,2010,Kings XI Punjab,6,114,19.0,191,3,10.05,38.0
S Sreesanth,2011,Kochi Tuskers Kerala,9,191,31.8,206,7,6.47,27.29
S Sreesanth,2013,Rajasthan Royals,7,130,21.7,163,5,7.52,26.0
S Sriram,2010,Royal Challengers Bangalore,1,12,2.0,24,0,12.0,
S Sriram,2011,Delhi Daredevils,1,6,1.0,25,0,25.0,
S Tyagi,2009,Chennai Super Kings,8,114,19.0,136,5,7.16,22.8
S Tyagi,2010,Chennai Super Kings,6,95,15.8,159,1,10.04,95.0
S Vidyut,2008,Chennai Super Kings,1,12,2.0,22,1,11.0,12.0
SA Abbott,2015,Royal Challengers Bangalore,2,30,5.0,57,0,11.4,
SA Abbott,2022,Sunrisers Hyderabad,1,24,4.0,47,1,11.75,24.0
SA Yadav,2014,Kolkata Knight Riders,1,6,1.0,8,0,8.0,
SB Bangar,2008,Deccan Chargers,9,150,25.0,219,4,8.76,37.5
SB Jakati,2009,Chennai Super Kings,8,174,29.0,217,13,7.48,13.38
SB Jakati,2010,Chennai Super Kings,11,228,38.0,291,13,7.66,17.54
SB Jakati,2011,Chennai Super Kings,14,265,44.2,336,10,7.61,26.5
SB Jakati,2012,Chennai Super Kings,15,246,41.0,336,9,8.2,27.33
SB Jakati,2014,Royal Challengers Bangalore,1,22,3.7,41,0,11.18,
SB Jakati,2016,Gujarat Lions,6,120,20.0,178,2,8.9,60.0
SB Jakati,2017,Gujarat Lions,2,30,5.0,52,0,10.4,
SB Joshi,2008,Royal Challengers Bangalore,4,55,9.2,82,1,8.95,55.0
SB Styris,2008,Deccan Chargers,8,162,27.0,199,3,7.37,54.0
SB Styris,2009,Deccan Chargers,2,48,8.0,64,5,8.0,9.6
SB Styris,2011,Chennai Super Kings,1,6,1.0,13,0,13.0,
SB Wagh,2010,Rajasthan Royals,1,6,1.0,16,1,16.0,6.0
SB Wagh,2011,Pune Warriors,7,96,16.0,121,4,7.56,24.0
SC Ganguly,2008,Kolkata Knight Riders,7,120,20.0,128,6,6.4,20.0
SC Ganguly,2009,Kolkata Knight Riders,6,72,12.0,97,2,8.08,36.0
SC Ganguly,2010,Kolkata Knight Riders,3,24,4.0,43,0,10.75,
SC Ganguly,2012,Pune Warriors,4,60,10.0,95,2,9.5,30.0
SC Kuggeleijn,2019,Chennai Super Kings,2,48,8.0,71,2,8.88,24.0
SD Chitnis,2008,Mumbai Indians,2,36,6.0,60,2,10.0,18.0
SE Bond,2010,Kolkata Knight Riders,8,186,31.0,224,9,7.23,20.67
SE Rutherford,2019,Delhi Capitals,6,41,6.8,59,1,8.63,41.0
SH Johnson,2024,Gujarat Titans,5,96,16.0,151,4,9.44,24.0
SH Johnson,2025,Kolkata Knight Riders,4,68,11.3,133,1,11.74,68.0
SJ Srivastava,2010,Kings XI Punjab,8,162,27.0,255,6,9.44,27.0
SJ Srivastava,2011,Kings XI Punjab,6,120,20.0,186,8,9.3,15.0
SK Raina,2008,Chennai Super Kings,2,20,3.3,30,1,9.0,20.0
SK Raina,2009,Chennai Super Kings,10,166,27.7,164,7,5.93,23.71
SK Raina,2010,Chennai Super Kings,12,143,23.8,178,6,7.47,23.83
SK Raina,2011,Chennai Super Kings,12,165,27.5,201,4,7.31,41.25
SK Raina,2012,Chennai Super Kings,7,84,14.0,105,2,7.5,42.0
SK Raina,2013,Chennai Super Kings,2,12,2.0,23,1,11.5,12.0
SK Raina,2014,Chennai Super Kings,8,108,18.0,134,1,7.44,108.0
SK Raina,2015,Chennai Super Kings,5,72,12.0,93,2,7.75,36.0
SK Raina,2016,Gujarat Lions,4,60,10.0,82,0,8.2,
SK Raina,2017,Gujarat Lions,6,72,12.0,102,1,8.5,72.0
SK Raina,2019,Chennai Super Kings,1,6,1.0,6,0,6.0,
SK Trivedi,2008,Rajasthan Royals,15,288,48.0,399,13,8.31,22.15
SK Trivedi,2009,Rajasthan Royals,7,120,20.0,152,6,7.6,20.0
SK Trivedi,2010,Rajasthan Royals,10,213,35.5,260,11,7.32,19.36
SK Trivedi,2011,Rajasthan Royals,12,214,35.7,303,10,8.5,21.4
SK Trivedi,2012,Rajasthan Royals,14,312,52.0,380,13,7.31,24.0
SK Trivedi,2013,Rajasthan Royals,17,359,59.8,410,12,6.85,29.92
SK Warne,2008,Rajasthan Royals,15,312,52.0,404,19,7.77,16.42
SK Warne,2009,Rajasthan Royals,13,300,50.0,365,14,7.3,21.43
SK Warne,2010,Rajasthan Royals,14,300,50.0,381,11,7.62,27.27
SK Warne,2011,Rajasthan Royals,12,282,47.0,297,13,6.32,21.69
SL Malinga,2009,Mumbai Indians,13,297,49.5,312,18,6.3,16.5
SL Malinga,2010,Mumbai Indians,13,294,49.0,344,15,7.02,19.6
SL Malinga,2011,Mumbai Indians,16,378,63.0,375,28,5.95,13.5
SL Malinga,2012,Mumbai Indians,14,333,55.5,350,22,6.31,15.14
SL Malinga,2013,Mumbai Indians,17,392,65.3,468,20,7.16,19.6
SL Malinga,2014,Mumbai Indians,10,235,39.2,253,16,6.46,14.69
SL Malinga,2015,Mumbai Indians,15,360,60.0,444,24,7.4,15.0
SL Malinga,2017,Mumbai Indians,12,269,44.8,382,11,8.52,24.45
SL Malinga,2019,Mumbai Indians,12,269,44.8,438,16,9.77,16.81
SM Boland,2016,Rising Pune Supergiants,2,42,7.0,54,2,7.71,21.0
SM Curran,2019,Kings XI Punjab,9,198,33.0,323,10,9.79,19.8
SM Curran,2020,Chennai Super Kings,13,252,42.0,344,13,8.19,19.38
SM Curran,2021,Chennai Super Kings,9,198,33.0,328,9,9.94,22.0
SM Curran,2023,Punjab Kings,14,287,47.8,489,10,10.22,28.7
SM Curran,2024,Punjab Kings,13,246,41.0,416,16,10.15,15.38
SM Curran,2025,Chennai Super Kings,5,72,12.0,133,1,11.08,72.0
SM Harwood,2009,Rajasthan Royals,3,60,10.0,73,3,7.3,20.0
SM Pollock,2008,Mumbai Indians,13,276,46.0,301,11,6.54,25.09
SMSM Senanayake,2013,Kolkata Knight Riders,8,192,32.0,209,9,6.53,21.33
SN Khan,2019,Kings XI Punjab,1,2,0.3,6,0,18.0,
SN Thakur,2015,Kings XI Punjab,1,18,3.0,38,1,12.67,18.0
SN Thakur,2017,Rising Pune Supergiant,12,229,38.2,315,11,8.25,20.82
SN Thakur,2018,Chennai Super Kings,13,280,46.7,431,16,9.24,17.5
SN Thakur,2019,Chennai Super Kings,9,180,30.0,281,8,9.37,22.5
SN Thakur,2020,Chennai Super Kings,9,194,32.3,275,10,8.51,19.4
SN Thakur,2021,Chennai Super Kings,16,359,59.8,527,21,8.81,17.1
SN Thakur,2022,Delhi Capitals,14,290,48.3,473,15,9.79,19.33
SN Thakur,2023,Kolkata Knight Riders,9,126,21.0,220,7,10.48,18.0
SN Thakur,2024,Chennai Super Kings,9,190,31.7,309,5,9.76,38.0
SN Thakur,2025,Lucknow Super Giants,10,204,34.0,375,14,11.03,14.57
SP Narine,2012,Kolkata Knight Riders,15,355,59.2,324,24,5.48,14.79
SP Narine,2013,Kolkata Knight Riders,16,384,64.0,350,22,5.47,17.45
SP Narine,2014,Kolkata Knight Riders,16,384,64.0,407,21,6.36,18.29
SP Narine,2015,Kolkata Knight Riders,8,192,32.0,234,7,7.31,27.43
SP Narine,2016,Kolkata Knight Riders,11,256,42.7,304,11,7.13,23.27
SP Narine,2017,Kolkata Knight Riders,15,354,59.0,412,10,6.98,35.4
SP Narine,2018,Kolkata Knight Riders,16,366,61.0,467,17,7.66,21.53
SP Narine,2019,Kolkata Knight Riders,12,266,44.3,347,10,7.83,26.6
SP Narine,2020,Kolkata Knight Riders,10,228,38.0,302,5,7.95,45.6
SP Narine,2021,Kolkata Knight Riders,14,336,56.0,361,16,6.45,21.0
SP Narine,2022,Kolkata Knight Riders,14,336,56.0,312,9,5.57,37.33
SP Narine,2023,Kolkata Knight Riders,14,288,48.0,383,11,7.98,26.18
SP Narine,2024,Kolkata Knight Riders,14,330,55.0,368,17,6.69,19.41
SP Narine,2025,Kolkata Knight Riders,12,270,45.0,351,12,7.8,22.5
SPD Smith,2012,Pune Warriors,1,2,0.3,5,0,15.0,
SR Tendulkar,2009,Mumbai Indians,4,36,6.0,58,0,9.67,
SR Watson,2008,Rajasthan Royals,15,325,54.2,383,17,7.07,19.12
SR Watson,2010,Rajasthan Royals,6,132,22.0,184,6,8.36,22.0
SR Watson,2011,Rajasthan Royals,10,216,36.0,241,6,6.69,36.0
SR Watson,2012,Rajasthan Royals,7,138,23.0,161,6,7.0,23.0
SR Watson,2013,Rajasthan Royals,13,250,41.7,298,13,7.15,19.23
SR Watson,2014,Rajasthan Royals,9,126,21.0,165,7,7.86,18.0
SR Watson,2015,Rajasthan Royals,10,174,29.0,269,6,9.28,29.0
SR Watson,2016,Royal Challengers Bangalore,16,339,56.5,485,20,8.58,16.95
SR Watson,2017,Royal Challengers Bangalore,8,161,26.8,245,5,9.13,32.2
SR Watson,2018,Chennai Super Kings,11,168,28.0,251,6,8.96,28.0
SS Agarwal,2017,Gujarat Lions,1,24,4.0,42,1,10.5,24.0
SS Cottrell,2020,Kings XI Punjab,6,120,20.0,176,6,8.8,20.0
SS Iyer,2022,Kolkata Knight Riders,1,6,1.0,7,0,7.0,
SS Mundhe,2011,Pune Warriors,1,6,1.0,6,1,6.0,6.0
SS Sarkar,2009,Kolkata Knight Riders,2,25,4.2,34,1,8.16,25.0
SSB Magala,2023,Chennai Super Kings,2,36,6.0,51,1,8.5,36.0
ST Jayasuriya,2008,Mumbai Indians,8,126,21.0,159,4,7.57,31.5
ST Jayasuriya,2009,Mumbai Indians,9,114,19.0,163,7,8.58,16.29
ST Jayasuriya,2010,Mumbai Indians,4,54,9.0,68,2,7.56,27.0
STR Binny,2010,Mumbai Indians,1,6,1.0,9,0,9.0,
STR Binny,2011,Rajasthan Royals,3,24,4.0,44,0,11.0,
STR Binny,2012,Rajasthan Royals,6,60,10.0,78,3,7.8,20.0
STR Binny,2013,Rajasthan Royals,14,144,24.0,162,6,6.75,24.0
STR Binny,2014,Rajasthan Royals,8,54,9.0,64,3,7.11,18.0
STR Binny,2015,Rajasthan Royals,10,114,19.0,140,4,7.37,28.5
STR Binny,2016,Royal Challengers Bangalore,11,102,17.0,134,1,7.88,102.0
STR Binny,2017,Royal Challengers Bangalore,4,36,6.0,50,4,8.33,9.0
STR Binny,2018,Rajasthan Royals,1,12,2.0,33,0,16.5,
STR Binny,2019,Rajasthan Royals,5,42,7.0,44,1,6.29,42.0
SW Tait,2010,Rajasthan Royals,8,187,31.2,264,10,8.47,18.7
SW Tait,2011,Rajasthan Royals,4,89,14.8,127,6,8.56,14.83
SW Tait,2012,Rajasthan Royals,6,137,22.8,151,6,6.61,22.83
SW Tait,2013,Rajasthan Royals,3,60,10.0,98,1,9.8,60.0
SZ Mulani,2024,Mumbai Indians,2,30,5.0,57,0,11.4,
Sachin Baby,2016,Royal Challengers Bangalore,2,10,1.7,8,2,4.8,5.0
Sandeep Sharma,2013,Kings XI Punjab,4,96,16.0,119,8,7.44,12.0
Sandeep Sharma,2014,Kings XI Punjab,11,241,40.2,354,18,8.81,13.39
Sandeep Sharma,2015,Kings XI Punjab,14,300,50.0,350,13,7.0,23.08
Sandeep Sharma,2016,Kings XI Punjab,14,300,50.0,366,15,7.32,20.0
Sandeep Sharma,2017,Kings XI Punjab,13,288,48.0,398,17,8.29,16.94
Sandeep Sharma,2018,Sunrisers Hyderabad,12,264,44.0,333,12,7.57,22.0
Sandeep Sharma,2019,Sunrisers Hyderabad,11,256,42.7,352,12,8.25,21.33
Sandeep Sharma,2020,Sunrisers Hyderabad,13,312,52.0,374,14,7.19,22.29
Sandeep Sharma,2021,Sunrisers Hyderabad,7,141,23.5,203,3,8.64,47.0
Sandeep Sharma,2022,Punjab Kings,5,120,20.0,153,2,7.65,60.0
Sandeep Sharma,2023,Rajasthan Royals,12,276,46.0,396,10,8.61,27.6
Sandeep Sharma,2024,Rajasthan Royals,10,228,38.0,311,13,8.18,17.54
Sandeep Sharma,2025,Rajasthan Royals,10,219,36.5,361,9,9.89,24.33
Shahbaz Ahmed,2020,Royal Challengers Bangalore,2,36,6.0,44,2,7.33,18.0
Shahbaz Ahmed,2021,Royal Challengers Bangalore,6,84,14.0,92,7,6.57,12.0
Shahbaz Ahmed,2022,Royal Challengers Bangalore,14,210,35.0,336,4,9.6,52.5
Shahbaz Ahmed,2023,Royal Challengers Bangalore,5,42,7.0,95,1,13.57,42.0
Shahbaz Ahmed,2024,Sunrisers Hyderabad,15,165,27.5,270,7,9.82,23.57
Shahbaz Ahmed,2025,Lucknow Super Giants,3,51,8.5,102,1,12.0,51.0
Shahid Afridi,2008,Deccan Chargers,10,180,30.0,225,9,7.5,20.0
Shakib Al Hasan,2011,Kolkata Knight Riders,7,153,25.5,175,11,6.86,13.91
Shakib Al Hasan,2012,Kolkata Knight Riders,8,180,30.0,195,12,6.5,15.0
Shakib Al Hasan,2014,Kolkata Knight Riders,13,300,50.0,334,11,6.68,27.27
Shakib Al Hasan,2015,Kolkata Knight Riders,4,84,14.0,123,4,8.79,21.0
Shakib Al Hasan,2016,Kolkata Knight Riders,9,186,31.0,243,5,7.84,37.2
Shakib Al Hasan,2017,Kolkata Knight Riders,1,18,3.0,31,0,10.33,
Shakib Al Hasan,2018,Sunrisers Hyderabad,17,342,57.0,456,14,8.0,24.43
Shakib Al Hasan,2019,Sunrisers Hyderabad,3,65,10.8,95,2,8.77,32.5
Shakib Al Hasan,2021,Kolkata Knight Riders,8,156,26.0,187,4,7.19,39.0
Shashank Singh,2022,Sunrisers Hyderabad,2,12,2.0,20,0,10.0,
Shashank Singh,2024,Punjab Kings,1,6,1.0,5,1,5.0,6.0
Shashank Singh,2025,Punjab Kings,1,12,2.0,27,0,13.5,
Shivam Mavi,2018,Kolkata Knight Riders,9,168,28.0,270,5,9.64,33.6
Shivam Mavi,2020,Kolkata Knight Riders,8,156,26.0,212,9,8.15,17.33
Shivam Mavi,2021,Kolkata Knight Riders,9,193,32.2,233,11,7.24,17.55
Shivam Mavi,2022,Kolkata Knight Riders,6,132,22.0,227,5,10.32,26.4
Shivam Sharma,2014,Kings XI Punjab,4,96,16.0,121,3,7.56,32.0
Shivam Sharma,2015,Kings XI Punjab,1,18,3.0,44,1,14.67,18.0
Shoaib Ahmed,2009,Deccan Chargers,7,102,17.0,152,5,8.94,20.4
Shoaib Akhtar,2008,Kolkata Knight Riders,3,42,7.0,54,5,7.71,8.4
Shoaib Malik,2008,Delhi Daredevils,5,51,8.5,85,2,10.0,25.5
Sikandar Raza,2023,Punjab Kings,6,72,12.0,119,3,9.92,24.0
Sikandar Raza,2024,Punjab Kings,1,12,2.0,22,0,11.0,
Simarjeet Singh,2022,Chennai Super Kings,6,108,18.0,138,4,7.67,27.0
Simarjeet Singh,2024,Chennai Super Kings,4,72,12.0,121,5,10.08,14.4
Simarjeet Singh,2025,Sunrisers Hyderabad,4,60,10.0,141,2,14.1,30.0
Sohail Tanvir,2008,Rajasthan Royals,11,247,41.2,266,22,6.46,11.23
Sumit Kumar,2024,Delhi Capitals,2,20,3.3,38,0,11.4,
Sunny Gupta,2012,Delhi Daredevils,1,18,3.0,47,0,15.67,
Suryansh Shedge,2025,Punjab Kings,1,18,3.0,40,0,13.33,
Suyash Sharma,2023,Kolkata Knight Riders,11,234,39.0,321,10,8.23,23.4
Suyash Sharma,2024,Kolkata Knight Riders,2,24,4.0,51,0,12.75,
Suyash Sharma,2025,Royal Challengers Bengaluru,14,300,50.0,442,8,8.84,37.5
Swapnil Singh,2016,Kings XI Punjab,1,18,3.0,29,0,9.67,
Swapnil Singh,2017,Kings XI Punjab,4,42,7.0,61,1,8.71,42.0
Swapnil Singh,2023,Lucknow Super Giants,2,12,2.0,18,0,9.0,
Swapnil Singh,2024,Royal Challengers Bengaluru,7,90,15.0,133,6,8.87,15.0
T Henderson,2009,Rajasthan Royals,2,36,6.0,40,1,6.67,36.0
T Natarajan,2017,Kings XI Punjab,6,76,12.7,115,2,9.08,38.0
T Natarajan,2020,Sunrisers Hyderabad,16,377,62.8,504,16,8.02,23.56
T Natarajan,2021,Sunrisers Hyderabad,2,48,8.0,69,2,8.63,24.0
T Natarajan,2022,Sunrisers Hyderabad,11,258,43.0,406,18,9.44,14.33
T Natarajan,2023,Sunrisers Hyderabad,12,270,45.0,410,10,9.11,27.0
T Natarajan,2024,Sunrisers Hyderabad,14,308,51.3,465,19,9.06,16.21
T Natarajan,2025,Delhi Capitals,2,25,4.2,53,1,12.72,25.0
T Shamsi,2016,Royal Challengers Bangalore,4,96,16.0,147,3,9.19,32.0
T Shamsi,2021,Rajasthan Royals,1,24,4.0,34,0,8.5,
T Stubbs,2023,Mumbai Indians,1,12,2.0,14,1,7.0,12.0
T Stubbs,2024,Delhi Capitals,2,12,2.0,15,3,7.5,4.0
T Stubbs,2025,Delhi Capitals,2,12,2.0,40,0,20.0,
T Thushara,2009,Chennai Super Kings,2,48,8.0,60,3,7.5,16.0
T Thushara,2010,Chennai Super Kings,4,87,14.5,101,5,6.97,17.4
TA Boult,2015,Sunrisers Hyderabad,7,168,28.0,236,9,8.43,18.67
TA Boult,2016,Sunrisers Hyderabad,1,24,4.0,39,1,9.75,24.0
TA Boult,2017,Kolkata Knight Riders,6,143,23.8,216,5,9.06,28.6
TA Boult,2018,Delhi Daredevils,14,316,52.7,466,18,8.85,17.56
TA Boult,2019,Delhi Capitals,5,114,19.0,163,5,8.58,22.8
TA Boult,2020,Mumbai Indians,15,344,57.3,457,25,7.97,13.76
TA Boult,2021,Mumbai Indians,14,308,51.3,406,13,7.91,23.69
TA Boult,2022,Rajasthan Royals,16,372,62.0,492,16,7.94,23.25
TA Boult,2023,Rajasthan Royals,10,228,38.0,312,13,8.21,17.54
TA Boult,2024,Rajasthan Royals,15,320,53.3,443,16,8.31,20.0
TA Boult,2025,Mumbai Indians,16,346,57.7,517,22,8.97,15.73
TG Southee,2011,Chennai Super Kings,5,114,19.0,166,4,8.74,28.5
TG Southee,2014,Rajasthan Royals,3,60,10.0,76,0,7.6,
TG Southee,2015,Rajasthan Royals,7,168,28.0,247,6,8.82,28.0
TG Southee,2016,Mumbai Indians,11,258,43.0,329,9,7.65,28.67
TG Southee,2017,Mumbai Indians,3,60,10.0,96,3,9.6,20.0
TG Southee,2018,Royal Challengers Bangalore,8,174,29.0,261,5,9.0,34.8
TG Southee,2019,Royal Challengers Bangalore,3,54,9.0,118,1,13.11,54.0
TG Southee,2021,Kolkata Knight Riders,3,72,12.0,95,3,7.92,24.0
TG Southee,2022,Kolkata Knight Riders,9,210,35.0,275,14,7.86,15.0
TG Southee,2023,Kolkata Knight Riders,2,36,6.0,79,2,13.17,18.0
TK Curran,2018,Kolkata Knight Riders,5,61,10.2,118,6,11.61,10.17
TK Curran,2020,Rajasthan Royals,5,109,18.2,208,3,11.45,36.33
TK Curran,2021,Delhi Capitals,3,68,11.3,104,4,9.18,17.0
TL Suman,2009,Deccan Chargers,5,90,15.0,108,5,7.2,18.0
TL Suman,2010,Deccan Chargers,2,12,2.0,24,0,12.0,
TL Suman,2011,Mumbai Indians,3,36,6.0,50,0,8.33,
TL Suman,2013,Pune Warriors,1,12,2.0,15,1,7.5,12.0
TM Dilshan,2008,Delhi Daredevils,1,6,1.0,3,1,3.0,6.0
TM Dilshan,2009,Delhi Daredevils,8,96,16.0,98,0,6.13,
TM Dilshan,2010,Delhi Daredevils,4,49,8.2,70,3,8.57,16.33
TM Dilshan,2011,Royal Challengers Bangalore,6,72,12.0,108,1,9.0,72.0
TM Dilshan,2012,Royal Challengers Bangalore,5,42,7.0,77,0,11.0,
TM Dilshan,2013,Royal Challengers Bangalore,1,6,1.0,10,0,10.0,
TM Head,2017,Royal Challengers Bangalore,5,48,8.0,81,2,10.13,24.0
TM Head,2024,Sunrisers Hyderabad,1,10,1.7,32,0,19.2,
TP Sudhindra,2012,Deccan Chargers,3,70,11.7,136,1,11.66,70.0
TS Mills,2017,Royal Challengers Bangalore,5,107,17.8,153,5,8.58,21.4
TS Mills,2022,Mumbai Indians,5,102,17.0,190,6,11.18,17.0
TU Deshpande,2020,Delhi Capitals,5,102,17.0,192,3,11.29,34.0
TU Deshpande,2022,Chennai Super Kings,2,42,7.0,63,1,9.0,42.0
TU Deshpande,2023,Chennai Super Kings,16,341,56.8,564,21,9.92,16.24
TU Deshpande,2024,Chennai Super Kings,13,288,48.0,424,17,8.83,16.94
TU Deshpande,2025,Rajasthan Royals,10,192,32.0,340,9,10.63,21.33
Tejas Baroka,2017,Gujarat Lions,1,21,3.5,33,0,9.43,
Tilak Varma,2022,Mumbai Indians,2,12,2.0,13,0,6.5,
Tilak Varma,2023,Mumbai Indians,1,6,1.0,7,0,7.0,
Tilak Varma,2024,Mumbai Indians,1,4,0.7,8,0,12.0,
UT Yadav,2010,Delhi Daredevils,7,144,24.0,184,6,7.67,24.0
UT Yadav,2011,Delhi Daredevils,6,108,18.0,169,2,9.39,54.0
UT Yadav,2012,Delhi Daredevils,17,366,61.0,453,19,7.43,19.26
UT Yadav,2013,Delhi Daredevils,16,347,57.8,508,16,8.78,21.69
UT Yadav,2014,Kolkata Knight Riders,12,270,45.0,367,11,8.16,24.55
UT Yadav,2015,Kolkata Knight Riders,12,252,42.0,382,10,9.1,25.2
UT Yadav,2016,Kolkata Knight Riders,9,156,26.0,234,10,9.0,15.6
UT Yadav,2017,Kolkata Knight Riders,14,291,48.5,410,17,8.45,17.12
UT Yadav,2018,Royal Challengers Bangalore,14,319,53.2,418,20,7.86,15.95
UT Yadav,2019,Royal Challengers Bangalore,11,227,37.8,371,8,9.81,28.38
UT Yadav,2020,Royal Challengers Bangalore,2,42,7.0,83,0,11.86,
UT Yadav,2022,Kolkata Knight Riders,12,288,48.0,339,16,7.06,18.0
UT Yadav,2023,Kolkata Knight Riders,8,114,19.0,189,1,9.95,114.0
UT Yadav,2024,Gujarat Titans,7,126,21.0,210,8,10.0,15.75
Umar Gul,2008,Kolkata Knight Riders,6,135,22.5,184,12,8.18,11.25
Umran Malik,2021,Sunrisers Hyderabad,3,72,12.0,96,2,8.0,36.0
Umran Malik,2022,Sunrisers Hyderabad,14,295,49.2,444,22,9.03,13.41
Umran Malik,2023,Sunrisers Hyderabad,8,120,20.0,217,5,10.85,24.0
Umran Malik,2024,Sunrisers Hyderabad,1,6,1.0,15,0,15.0,
V Kaverappa,2024,Punjab Kings,1,24,4.0,36,2,9.0,12.0
V Kohli,2008,Royal Challengers Bangalore,4,46,7.7,61,2,7.96,23.0
V Kohli,2009,Royal Challengers Bangalore,3,36,6.0,46,0,7.67,
V Kohli,2010,Royal Challengers Bangalore,4,32,5.3,50,0,9.38,
V Kohli,2011,Royal Challengers Bangalore,10,102,17.0,139,2,8.18,51.0
V Kohli,2012,Royal Challengers Bangalore,2,18,3.0,49,0,16.33,
V Kohli,2015,Royal Challengers Bangalore,2,11,1.8,10,0,5.45,
V Kohli,2016,Royal Challengers Bangalore,1,6,1.0,13,0,13.0,
V Nigam,2025,Delhi Capitals,13,234,39.0,356,11,9.13,21.27
V Pratap Singh,2012,Deccan Chargers,9,204,34.0,296,10,8.71,20.4
V Puthur,2025,Mumbai Indians,5,72,12.0,109,6,9.08,12.0
V Sehwag,2008,Delhi Daredevils,7,66,11.0,133,3,12.09,22.0
V Sehwag,2009,Delhi Daredevils,1,6,1.0,25,0,25.0,
V Sehwag,2010,Delhi Daredevils,3,34,5.7,23,3,4.06,11.33
V Sehwag,2012,Delhi Daredevils,3,24,4.0,45,0,11.25,
V Sehwag,2013,Delhi Daredevils,1,6,1.0,9,0,9.0,
V Shankar,2014,Chennai Super Kings,1,6,1.0,19,0,19.0,
V Shankar,2018,Delhi Daredevils,4,30,5.0,58,1,11.6,30.0
V Shankar,2019,Sunrisers Hyderabad,5,48,8.0,70,1,8.75,48.0
V Shankar,2020,Sunrisers Hyderabad,5,79,13.2,82,4,6.23,19.75
V Shankar,2021,Sunrisers Hyderabad,5,66,11.0,100,3,9.09,22.0
V Shankar,2022,Gujarat Titans,2,9,1.5,15,0,10.0,
V Viyaskanth,2024,Sunrisers Hyderabad,3,60,10.0,86,1,8.6,60.0
VG Arora,2022,Punjab Kings,5,107,17.8,164,3,9.2,35.67
VG Arora,2023,Kolkata Knight Riders,5,96,16.0,146,5,9.13,19.2
VG Arora,2024,Kolkata Knight Riders,10,180,30.0,276,11,9.2,16.36
VG Arora,2025,Kolkata Knight Riders,12,255,42.5,430,17,10.12,15.0
VR Aaron,2011,Delhi Daredevils,3,72,12.0,82,2,6.83,36.0
VR Aaron,2012,Delhi Daredevils,8,186,31.0,271,8,8.74,23.25
VR Aaron,2014,Royal Challengers Bangalore,10,220,36.7,299,16,8.15,13.75
VR Aaron,2015,Royal Challengers Bangalore,5,104,17.3,177,3,10.21,34.67
VR Aaron,2016,Royal Challengers Bangalore,8,142,23.7,227,2,9.59,71.0
VR Aaron,2017,Kings XI Punjab,6,120,20.0,163,7,8.15,17.14
VR Aaron,2019,Rajasthan Royals,5,72,12.0,116,4,9.67,18.0
VR Aaron,2020,Rajasthan Royals,3,48,8.0,94,0,11.75,
VR Aaron,2022,Gujarat Titans,2,30,5.0,52,2,10.4,15.0
VR Iyer,2021,Kolkata Knight Riders,4,51,8.5,69,3,8.12,17.0
VR Iyer,2022,Kolkata Knight Riders,4,24,4.0,46,0,11.5,
VR Iyer,2024,Kolkata Knight Riders,1,6,1.0,28,0,28.0,
VRV Singh,2008,Kings XI Punjab,13,288,48.0,420,11,8.75,26.18
VRV Singh,2009,Kings XI Punjab,4,54,9.0,82,1,9.11,54.0
VRV Singh,2010,Kings XI Punjab,1,18,3.0,40,0,13.33,
VS Malik,2009,Kings XI Punjab,5,72,12.0,98,2,8.17,36.0
VS Malik,2010,Kings XI Punjab,3,43,7.2,62,1,8.65,43.0
VS Malik,2011,Kings XI Punjab,1,12,2.0,13,0,6.5,
VS Malik,2013,Rajasthan Royals,3,60,10.0,59,2,5.9,30.0
VS Malik,2014,Rajasthan Royals,1,18,3.0,29,1,9.67,18.0
VS Yeligati,2008,Mumbai Indians,2,30,5.0,59,0,11.8,
VY Mahesh,2008,Delhi Daredevils,11,253,42.2,370,16,8.77,15.81
VY Mahesh,2009,Delhi Daredevils,1,12,2.0,25,1,12.5,12.0
VY Mahesh,2010,Delhi Daredevils,1,18,3.0,23,1,7.67,18.0
VY Mahesh,2012,Chennai Super Kings,4,56,9.3,81,3,8.68,18.67
Vijaykumar Vyshak,2023,Royal Challengers Bangalore,7,144,24.0,253,9,10.54,16.0
Vijaykumar Vyshak,2024,Royal Challengers Bengaluru,4,87,14.5,142,4,9.79,21.75
Vijaykumar Vyshak,2025,Punjab Kings,5,102,17.0,181,4,10.65,25.5
Vivrant Sharma,2023,Sunrisers Hyderabad,2,18,3.0,37,0,12.33,
W O'Rourke,2025,Lucknow Super Giants,3,62,10.3,132,6,12.77,10.33
WA Mota,2008,Kings XI Punjab,2,18,3.0,36,1,12.0,18.0
WA Mota,2009,Kings XI Punjab,5,54,9.0,61,3,6.78,18.0
WD Parnell,2011,Pune Warriors,8,176,29.3,213,9,7.26,19.56
WD Parnell,2012,Pune Warriors,6,126,21.0,128,5,6.1,25.2
WD Parnell,2013,Pune Warriors,4,89,14.8,137,6,9.24,14.83
WD Parnell,2014,Delhi Daredevils,8,181,30.2,223,6,7.39,30.17
WD Parnell,2023,Royal Challengers Bangalore,7,151,25.2,236,9,9.38,16.78
WG Jacks,2024,Royal Challengers Bengaluru,5,54,9.0,100,2,11.11,27.0
WG Jacks,2025,Mumbai Indians,8,84,14.0,120,6,8.57,14.0
WPUJC Vaas,2008,Deccan Chargers,5,102,17.0,145,5,8.53,20.4
WPUJC Vaas,2009,Deccan Chargers,2,48,8.0,71,4,8.88,12.0
WPUJC Vaas,2010,Deccan Chargers,6,132,22.0,139,9,6.32,14.67
Washington Sundar,2017,Rising Pune Supergiant,10,180,30.0,185,8,6.17,22.5
Washington Sundar,2018,Royal Challengers Bangalore,7,120,20.0,192,4,9.6,30.0
Washington Sundar,2019,Royal Challengers Bangalore,3,54,9.0,74,4,8.22,13.5
Washington Sundar,2020,Royal Challengers Bangalore,15,300,50.0,298,8,5.96,37.5
Washington Sundar,2021,Royal Challengers Bangalore,6,96,16.0,118,3,7.38,32.0
Washington Sundar,2022,Sunrisers Hyderabad,8,168,28.0,239,6,8.54,28.0
Washington Sundar,2023,Sunrisers Hyderabad,7,106,17.7,146,3,8.26,35.33
Washington Sundar,2024,Sunrisers Hyderabad,2,30,5.0,73,1,14.6,30.0
Washington Sundar,2025,Gujarat Titans,5,65,10.8,111,2,10.25,32.5
XC Bartlett,2025,Punjab Kings,4,60,10.0,96,2,9.6,30.0
Y Gnaneswara Rao,2011,Kochi Tuskers Kerala,1,6,1.0,7,0,7.0,
Y Nagar,2009,Delhi Daredevils,1,12,2.0,20,2,10.0,6.0
Y Nagar,2010,Delhi Daredevils,1,18,3.0,28,1,9.33,18.0
Y Nagar,2011,Delhi Daredevils,5,30,5.0,67,1,13.4,30.0
Y Nagar,2012,Delhi Daredevils,1,6,1.0,10,0,10.0,
Y Prithvi Raj,2019,Kolkata Knight Riders,2,30,5.0,57,1,11.4,30.0
Y Venugopal Rao,2008,Deccan Chargers,7,84,14.0,137,2,9.79,42.0
Y Venugopal Rao,2009,Deccan Chargers,6,90,15.0,122,4,8.13,22.5
Y Venugopal Rao,2010,Deccan Chargers,1,6,1.0,10,0,10.0,
Y Venugopal Rao,2011,Delhi Daredevils,2,12,2.0,26,0,13.0,
Y Venugopal Rao,2012,Delhi Daredevils,2,12,2.0,26,0,13.0,
Y Venugopal Rao,2014,Sunrisers Hyderabad,2,12,2.0,16,0,8.0,
YA Abdulla,2009,Kings XI Punjab,9,168,28.0,241,14,8.61,12.0
YA Abdulla,2010,Kings XI Punjab,2,41,6.8,66,1,9.66,41.0
YBK Jaiswal,2022,Rajasthan Royals,1,1,0.2,6,0,36.0,
YK Pathan,2008,Rajasthan Royals,13,169,28.2,230,8,8.17,21.13
YK Pathan,2009,Rajasthan Royals,11,210,35.0,243,7,6.94,30.0
YK Pathan,2010,Rajasthan Royals,11,204,34.0,246,5,7.24,40.8
YK Pathan,2011,Kolkata Knight Riders,14,234,39.0,238,13,6.1,18.0
YK Pathan,2012,Kolkata Knight Riders,12,132,22.0,182,3,8.27,44.0
YK Pathan,2013,Kolkata Knight Riders,5,54,9.0,73,1,8.11,54.0
YK Pathan,2014,Kolkata Knight Riders,1,6,1.0,10,0,10.0,
YK Pathan,2015,Kolkata Knight Riders,5,60,10.0,97,2,9.7,30.0
YK Pathan,2016,Kolkata Knight Riders,4,36,6.0,33,1,5.5,36.0
YK Pathan,2017,Kolkata Knight Riders,4,24,4.0,41,1,10.25,24.0
YK Pathan,2018,Sunrisers Hyderabad,1,12,2.0,14,1,7.0,12.0
YK Pathan,2019,Sunrisers Hyderabad,1,6,1.0,8,0,8.0,
YS Chahal,2013,Mumbai Indians,1,24,4.0,34,0,8.5,
YS Chahal,2014,Royal Challengers Bangalore,14,330,55.0,386,12,7.02,27.5
YS Chahal,2015,Royal Challengers Bangalore,14,281,46.8,415,23,8.86,12.22
YS Chahal,2016,Royal Challengers Bangalore,13,295,49.2,401,21,8.16,14.05
YS Chahal,2017,Royal Challengers Bangalore,13,261,43.5,333,14,7.66,18.64
YS Chahal,2018,Royal Challengers Bangalore,14,300,50.0,363,12,7.26,25.0
YS Chahal,2019,Royal Challengers Bangalore,14,296,49.3,386,18,7.82,16.44
YS Chahal,2020,Royal Challengers Bangalore,15,343,57.2,405,21,7.08,16.33
YS Chahal,2021,Royal Challengers Bangalore,15,318,53.0,374,18,7.06,17.67
YS Chahal,2022,Rajasthan Royals,17,408,68.0,527,27,7.75,15.11
YS Chahal,2023,Rajasthan Royals,14,317,52.8,432,21,8.18,15.1
YS Chahal,2024,Rajasthan Royals,15,348,58.0,546,18,9.41,19.33
YS Chahal,2025,Punjab Kings,13,270,45.0,430,16,9.56,16.88
Yash Dayal,2022,Gujarat Titans,9,192,32.0,296,11,9.25,17.45
Yash Dayal,2023,Gujarat Titans,5,84,14.0,165,2,11.79,42.0
Yash Dayal,2024,Royal Challengers Bengaluru,14,301,50.2,459,15,9.15,20.07
Yash Dayal,2025,Royal Challengers Bengaluru,15,294,49.0,470,13,9.59,22.62
Yash Thakur,2023,Lucknow Super Giants,9,191,31.8,289,13,9.08,14.69
Yash Thakur,2024,Lucknow Super Giants,10,213,35.5,402,11,11.32,19.36
Yash Thakur,2025,Punjab Kings,2,39,6.5,79,1,12.15,39.0
Yudhvir Singh,2023,Lucknow Super Giants,3,48,8.0,70,3,8.75,16.0
Yudhvir Singh,2024,Lucknow Super Giants,2,24,4.0,52,1,13.0,24.0
Yudhvir Singh,2025,Rajasthan Royals,4,66,11.0,131,4,11.91,16.5
Yuvraj Singh,2008,Kings XI Punjab,6,54,9.0,83,3,9.22,18.0
Yuvraj Singh,2009,Kings XI Punjab,9,120,20.0,142,6,7.1,20.0
Yuvraj Singh,2010,Kings XI Punjab,10,138,23.0,152,5,6.61,27.6
Yuvraj Singh,2011,Pune Warriors,13,174,29.0,192,9,6.62,19.33
Yuvraj Singh,2013,Pune Warriors,10,132,22.0,152,6,6.91,22.0
Yuvraj Singh,2014,Royal Challengers Bangalore,10,136,22.7,187,5,8.25,27.2
Yuvraj Singh,2015,Delhi Daredevils,6,54,9.0,72,1,8.0,54.0
Yuvraj Singh,2016,Sunrisers Hyderabad,5,37,6.2,52,0,8.43,
Yuvraj Singh,2017,Sunrisers Hyderabad,2,12,2.0,22,1,11.0,12.0
Yuvraj Singh,2018,Kings XI Punjab,2,12,2.0,23,0,11.5,
Z Khan,2008,Royal Challengers Bangalore,11,252,42.0,357,13,8.5,19.38
Z Khan,2009,Mumbai Indians,6,126,21.0,142,6,6.76,21.0
Z Khan,2010,Mumbai Indians,14,290,48.3,376,15,7.78,19.33
Z Khan,2011,Royal Challengers Bangalore,15,354,59.0,455,14,7.71,25.29
Z Khan,2012,Royal Challengers Bangalore,15,360,60.0,453,17,7.55,21.18
Z Khan,2013,Royal Challengers Bangalore,2,36,6.0,47,5,7.83,7.2
Z Khan,2014,Mumbai Indians,6,134,22.3,146,5,6.54,26.8
Z Khan,2015,Delhi Daredevils,7,145,24.2,156,7,6.46,20.71
Z Khan,2016,Delhi Daredevils,12,262,43.7,337,10,7.72,26.2
Z Khan,2017,Delhi Daredevils,11,241,40.2,313,10,7.79,24.1
Zeeshan Ansari,2025,Sunrisers Hyderabad,10,203,33.8,333,6,9.84,33.83
