match_id,date,season,match_type,event_name,batting_team,innings,total_runs,total_wickets,overs_played
335982,2008-04-18 00:00:00,2008,T20,Indian Premier League,Kolkata Knight Riders,1,222,159,20
335982,2008-04-18 00:00:00,2008,T20,Indian Premier League,Royal Challengers Bangalore,2,82,505,16
335983,2008-04-19 00:00:00,2008,T20,Indian Premier League,Chennai Super Kings,1,240,349,20
335983,2008-04-19 00:00:00,2008,T20,Indian Premier League,Kings XI Punjab,2,207,199,20
335984,2008-04-19 00:00:00,2008,T20,Indian Premier League,Delhi Daredevils,2,132,88,16
335984,2008-04-19 00:00:00,2008,T20,Indian Premier League,Rajasthan Royals,1,129,527,20
335985,2008-04-20 00:00:00,2008,T20,Indian Premier League,Mumbai Indians,1,165,271,20
335985,2008-04-20 00:00:00,2008,T20,Indian Premier League,Royal Challengers Bangalore,2,166,272,20
335986,2008-04-20 00:00:00,2008,T20,Indian Premier League,Deccan Chargers,1,110,402,19
335986,2008-04-20 00:00:00,2008,T20,Indian Premier League,Kolkata Knight Riders,2,112,375,19
335987,2008-04-21 00:00:00,2008,T20,Indian Premier League,Kings XI Punjab,1,166,386,20
335987,2008-04-21 00:00:00,2008,T20,Indian Premier League,Rajasthan Royals,2,168,344,19
335988,2008-04-22 00:00:00,2008,T20,Indian Premier League,Deccan Chargers,1,142,434,20
335988,2008-04-22 00:00:00,2008,T20,Indian Premier League,Delhi Daredevils,2,143,63,14
335989,2008-04-23 00:00:00,2008,T20,Indian Premier League,Chennai Super Kings,1,208,249,20
335989,2008-04-23 00:00:00,2008,T20,Indian Premier League,Mumbai Indians,2,202,421,20
335990,2008-04-24 00:00:00,2008,T20,Indian Premier League,Deccan Chargers,1,214,314,20
335990,2008-04-24 00:00:00,2008,T20,Indian Premier League,Rajasthan Royals,2,217,279,20
335991,2008-04-25 00:00:00,2008,T20,Indian Premier League,Kings XI Punjab,1,182,351,20
335991,2008-04-25 00:00:00,2008,T20,Indian Premier League,Mumbai Indians,2,116,546,20
335992,2008-04-26 00:00:00,2008,T20,Indian Premier League,Rajasthan Royals,2,138,196,18
335992,2008-04-26 00:00:00,2008,T20,Indian Premier League,Royal Challengers Bangalore,1,135,556,20
335993,2008-04-26 00:00:00,2008,T20,Indian Premier League,Chennai Super Kings,2,152,54,17
335993,2008-04-26 00:00:00,2008,T20,Indian Premier League,Kolkata Knight Riders,1,147,528,20
335994,2008-04-27 00:00:00,2008,T20,Indian Premier League,Deccan Chargers,2,155,0,12
335994,2008-04-27 00:00:00,2008,T20,Indian Premier League,Mumbai Indians,1,154,428,20
335995,2008-04-27 00:00:00,2008,T20,Indian Premier League,Delhi Daredevils,1,158,481,20
335995,2008-04-27 00:00:00,2008,T20,Indian Premier League,Kings XI Punjab,2,162,369,20
335996,2008-04-28 00:00:00,2008,T20,Indian Premier League,Chennai Super Kings,1,178,234,20
335996,2008-04-28 00:00:00,2008,T20,Indian Premier League,Royal Challengers Bangalore,2,165,288,20
335997,2008-04-29 00:00:00,2008,T20,Indian Premier League,Kolkata Knight Riders,1,137,515,20
335997,2008-04-29 00:00:00,2008,T20,Indian Premier League,Mumbai Indians,2,138,286,19
335998,2008-04-30 00:00:00,2008,T20,Indian Premier League,Delhi Daredevils,1,191,178,20
335998,2008-04-30 00:00:00,2008,T20,Indian Premier League,Royal Challengers Bangalore,2,181,340,20
335999,2008-05-01 00:00:00,2008,T20,Indian Premier League,Deccan Chargers,1,164,411,20
335999,2008-05-01 00:00:00,2008,T20,Indian Premier League,Kings XI Punjab,2,167,211,19
336000,2008-05-01 00:00:00,2008,T20,Indian Premier League,Kolkata Knight Riders,2,151,382,20
336000,2008-05-01 00:00:00,2008,T20,Indian Premier League,Rajasthan Royals,1,196,341,20
336001,2008-05-02 00:00:00,2008,T20,Indian Premier League,Chennai Super Kings,1,169,241,20
336001,2008-05-02 00:00:00,2008,T20,Indian Premier League,Delhi Daredevils,2,172,77,19
336002,2008-05-25 00:00:00,2008,T20,Indian Premier League,Deccan Chargers,1,165,228,20
336002,2008-05-25 00:00:00,2008,T20,Indian Premier League,Royal Challengers Bangalore,2,171,251,19
336003,2008-05-03 00:00:00,2008,T20,Indian Premier League,Kings XI Punjab,1,178,332,20
336003,2008-05-03 00:00:00,2008,T20,Indian Premier League,Kolkata Knight Riders,2,169,469,20
336004,2008-05-04 00:00:00,2008,T20,Indian Premier League,Delhi Daredevils,2,133,406,19
336004,2008-05-04 00:00:00,2008,T20,Indian Premier League,Mumbai Indians,1,162,348,20
336005,2008-05-04 00:00:00,2008,T20,Indian Premier League,Chennai Super Kings,1,109,570,19
336005,2008-05-04 00:00:00,2008,T20,Indian Premier League,Rajasthan Royals,2,110,43,15
336006,2008-05-05 00:00:00,2008,T20,Indian Premier League,Kings XI Punjab,2,127,248,19
336006,2008-05-05 00:00:00,2008,T20,Indian Premier League,Royal Challengers Bangalore,1,126,462,20
336007,2008-05-06 00:00:00,2008,T20,Indian Premier League,Chennai Super Kings,1,144,473,20
336007,2008-05-06 00:00:00,2008,T20,Indian Premier League,Deccan Chargers,2,148,151,18
336008,2008-05-07 00:00:00,2008,T20,Indian Premier League,Mumbai Indians,2,104,113,16
336008,2008-05-07 00:00:00,2008,T20,Indian Premier League,Rajasthan Royals,1,103,337,17
336009,2008-05-08 00:00:00,2008,T20,Indian Premier League,Chennai Super Kings,2,188,275,20
336009,2008-05-08 00:00:00,2008,T20,Indian Premier League,Delhi Daredevils,1,187,215,20
336010,2008-05-08 00:00:00,2008,T20,Indian Premier League,Kolkata Knight Riders,1,129,314,16
336010,2008-05-08 00:00:00,2008,T20,Indian Premier League,Royal Challengers Bangalore,2,124,202,16
336011,2008-05-09 00:00:00,2008,T20,Indian Premier League,Deccan Chargers,1,140,268,20
336011,2008-05-09 00:00:00,2008,T20,Indian Premier League,Rajasthan Royals,2,141,26,16
336012,2008-05-28 00:00:00,2008,T20,Indian Premier League,Mumbai Indians,2,126,29,16
336012,2008-05-28 00:00:00,2008,T20,Indian Premier League,Royal Challengers Bangalore,1,122,390,18
336013,2008-05-10 00:00:00,2008,T20,Indian Premier League,Chennai Super Kings,1,181,341,20
336013,2008-05-10 00:00:00,2008,T20,Indian Premier League,Kings XI Punjab,2,163,385,20
336014,2008-05-11 00:00:00,2008,T20,Indian Premier League,Deccan Chargers,2,181,489,20
336014,2008-05-11 00:00:00,2008,T20,Indian Premier League,Kolkata Knight Riders,1,204,200,20
336015,2008-05-11 00:00:00,2008,T20,Indian Premier League,Delhi Daredevils,1,156,339,20
336015,2008-05-11 00:00:00,2008,T20,Indian Premier League,Rajasthan Royals,2,159,329,20
336016,2008-05-12 00:00:00,2008,T20,Indian Premier League,Kings XI Punjab,2,144,59,16
336016,2008-05-12 00:00:00,2008,T20,Indian Premier League,Royal Challengers Bangalore,1,143,426,20
336017,2008-05-13 00:00:00,2008,T20,Indian Premier League,Delhi Daredevils,2,110,498,18
336017,2008-05-13 00:00:00,2008,T20,Indian Premier League,Kolkata Knight Riders,1,133,260,20
336018,2008-05-14 00:00:00,2008,T20,Indian Premier League,Chennai Super Kings,1,156,367,20
336018,2008-05-14 00:00:00,2008,T20,Indian Premier League,Mumbai Indians,2,158,43,14
336019,2008-05-28 00:00:00,2008,T20,Indian Premier League,Kings XI Punjab,1,221,48,20
336019,2008-05-28 00:00:00,2008,T20,Indian Premier League,Rajasthan Royals,2,180,362,20
336020,2008-05-15 00:00:00,2008,T20,Indian Premier League,Deccan Chargers,2,182,351,20
336020,2008-05-15 00:00:00,2008,T20,Indian Premier League,Delhi Daredevils,1,194,167,20
336021,2008-05-16 00:00:00,2008,T20,Indian Premier League,Kolkata Knight Riders,1,67,404,16
336021,2008-05-16 00:00:00,2008,T20,Indian Premier League,Mumbai Indians,2,68,48,6
336022,2008-05-17 00:00:00,2008,T20,Indian Premier League,Delhi Daredevils,1,118,49,11
336022,2008-05-17 00:00:00,2008,T20,Indian Premier League,Kings XI Punjab,2,94,105,8
336023,2008-05-17 00:00:00,2008,T20,Indian Premier League,Rajasthan Royals,1,197,48,20
336023,2008-05-17 00:00:00,2008,T20,Indian Premier League,Royal Challengers Bangalore,2,132,601,20
336024,2008-05-18 00:00:00,2008,T20,Indian Premier League,Deccan Chargers,2,153,420,20
336024,2008-05-18 00:00:00,2008,T20,Indian Premier League,Mumbai Indians,1,178,355,20
336025,2008-05-18 00:00:00,2008,T20,Indian Premier League,Chennai Super Kings,2,55,0,8
336025,2008-05-18 00:00:00,2008,T20,Indian Premier League,Kolkata Knight Riders,1,149,271,20
336026,2008-05-19 00:00:00,2008,T20,Indian Premier League,Delhi Daredevils,2,158,198,19
336026,2008-05-19 00:00:00,2008,T20,Indian Premier League,Royal Challengers Bangalore,1,154,312,20
336027,2008-05-20 00:00:00,2008,T20,Indian Premier League,Kolkata Knight Riders,1,147,319,20
336027,2008-05-20 00:00:00,2008,T20,Indian Premier League,Rajasthan Royals,2,150,273,17
336028,2008-05-21 00:00:00,2008,T20,Indian Premier League,Kings XI Punjab,1,189,193,20
336028,2008-05-21 00:00:00,2008,T20,Indian Premier League,Mumbai Indians,2,188,291,20
336029,2008-05-21 00:00:00,2008,T20,Indian Premier League,Chennai Super Kings,2,112,293,20
336029,2008-05-21 00:00:00,2008,T20,Indian Premier League,Royal Challengers Bangalore,1,126,390,20
336031,2008-05-23 00:00:00,2008,T20,Indian Premier League,Deccan Chargers,1,175,109,20
336031,2008-05-23 00:00:00,2008,T20,Indian Premier League,Kings XI Punjab,2,178,164,20
336032,2008-05-24 00:00:00,2008,T20,Indian Premier League,Delhi Daredevils,2,179,346,20
336032,2008-05-24 00:00:00,2008,T20,Indian Premier League,Mumbai Indians,1,176,235,20
336033,2008-05-24 00:00:00,2008,T20,Indian Premier League,Chennai Super Kings,2,201,254,20
336033,2008-05-24 00:00:00,2008,T20,Indian Premier League,Rajasthan Royals,1,211,126,20
336034,2008-05-03 00:00:00,2008,T20,Indian Premier League,Deccan Chargers,2,153,253,20
336034,2008-05-03 00:00:00,2008,T20,Indian Premier League,Royal Challengers Bangalore,1,156,300,20
336035,2008-05-25 00:00:00,2008,T20,Indian Premier League,Kings XI Punjab,1,174,200,20
336035,2008-05-25 00:00:00,2008,T20,Indian Premier League,Kolkata Knight Riders,2,175,372,20
336036,2008-05-26 00:00:00,2008,T20,Indian Premier League,Mumbai Indians,1,145,208,20
336036,2008-05-26 00:00:00,2008,T20,Indian Premier League,Rajasthan Royals,2,146,388,20
336037,2008-05-27 00:00:00,2008,T20,Indian Premier League,Chennai Super Kings,2,148,196,20
336037,2008-05-27 00:00:00,2008,T20,Indian Premier League,Deccan Chargers,1,147,314,20
336038,2008-05-30 00:00:00,2008,T20,Indian Premier League,Delhi Daredevils,2,87,402,17
336038,2008-05-30 00:00:00,2008,T20,Indian Premier League,Rajasthan Royals,1,192,333,20
336039,2008-05-31 00:00:00,2008,T20,Indian Premier League,Chennai Super Kings,2,116,79,15
336039,2008-05-31 00:00:00,2008,T20,Indian Premier League,Kings XI Punjab,1,112,586,20
336040,2008-06-01 00:00:00,2008,T20,Indian Premier League,Chennai Super Kings,1,163,240,20
336040,2008-06-01 00:00:00,2008,T20,Indian Premier League,Rajasthan Royals,2,164,384,20
392181,2009-04-18 00:00:00,2009,T20,Indian Premier League,Chennai Super Kings,2,146,406,20
392181,2009-04-18 00:00:00,2009,T20,Indian Premier League,Mumbai Indians,1,165,233,20
392182,2009-04-18 00:00:00,2009,T20,Indian Premier League,Rajasthan Royals,2,58,381,16
392182,2009-04-18 00:00:00,2009,T20,Indian Premier League,Royal Challengers Bangalore,1,133,493,20
392183,2009-04-19 00:00:00,2009,T20,Indian Premier League,Delhi Daredevils,2,58,0,5
392183,2009-04-19 00:00:00,2009,T20,Indian Premier League,Kings XI Punjab,1,104,123,12
392184,2009-04-19 00:00:00,2009,T20,Indian Premier League,Deccan Chargers,2,104,116,14
392184,2009-04-19 00:00:00,2009,T20,Indian Premier League,Kolkata Knight Riders,1,101,473,20
392185,2009-04-20 00:00:00,2009,T20,Indian Premier League,Chennai Super Kings,1,179,158,20
392185,2009-04-20 00:00:00,2009,T20,Indian Premier League,Royal Challengers Bangalore,2,87,389,16
392186,2009-04-21 00:00:00,2009,T20,Indian Premier League,Kings XI Punjab,1,158,380,20
392186,2009-04-21 00:00:00,2009,T20,Indian Premier League,Kolkata Knight Riders,2,79,24,10
392188,2009-04-22 00:00:00,2009,T20,Indian Premier League,Deccan Chargers,1,184,266,20
392188,2009-04-22 00:00:00,2009,T20,Indian Premier League,Royal Challengers Bangalore,2,160,444,20
392189,2009-04-23 00:00:00,2009,T20,Indian Premier League,Chennai Super Kings,2,180,311,20
392189,2009-04-23 00:00:00,2009,T20,Indian Premier League,Delhi Daredevils,1,189,341,20
392190,2009-04-23 00:00:00,2009,T20,Indian Premier League,Kolkata Knight Riders,2,150,362,20
392190,2009-04-23 00:00:00,2009,T20,Indian Premier League,Kolkata Knight Riders,3,15,1,1
392190,2009-04-23 00:00:00,2009,T20,Indian Premier League,Rajasthan Royals,1,150,419,20
392190,2009-04-23 00:00:00,2009,T20,Indian Premier League,Rajasthan Royals,4,18,0,1
392191,2009-04-24 00:00:00,2009,T20,Indian Premier League,Kings XI Punjab,2,173,124,19
392191,2009-04-24 00:00:00,2009,T20,Indian Premier League,Royal Challengers Bangalore,1,168,416,20
392192,2009-04-25 00:00:00,2009,T20,Indian Premier League,Deccan Chargers,1,168,251,20
392192,2009-04-25 00:00:00,2009,T20,Indian Premier League,Mumbai Indians,2,156,295,20
392194,2009-04-26 00:00:00,2009,T20,Indian Premier League,Delhi Daredevils,2,150,261,20
392194,2009-04-26 00:00:00,2009,T20,Indian Premier League,Royal Challengers Bangalore,1,149,388,20
392195,2009-04-26 00:00:00,2009,T20,Indian Premier League,Kings XI Punjab,1,139,411,20
392195,2009-04-26 00:00:00,2009,T20,Indian Premier League,Rajasthan Royals,2,112,589,20
392196,2009-04-27 00:00:00,2009,T20,Indian Premier League,Chennai Super Kings,1,165,323,20
392196,2009-04-27 00:00:00,2009,T20,Indian Premier League,Deccan Chargers,2,169,225,20
392197,2009-04-27 00:00:00,2009,T20,Indian Premier League,Kolkata Knight Riders,2,95,248,16
392197,2009-04-27 00:00:00,2009,T20,Indian Premier League,Mumbai Indians,1,187,175,20
392198,2009-04-28 00:00:00,2009,T20,Indian Premier League,Delhi Daredevils,1,143,419,20
392198,2009-04-28 00:00:00,2009,T20,Indian Premier League,Rajasthan Royals,2,147,357,19
392199,2009-04-29 00:00:00,2009,T20,Indian Premier League,Kolkata Knight Riders,1,139,374,20
392199,2009-04-29 00:00:00,2009,T20,Indian Premier League,Royal Challengers Bangalore,2,143,156,20
392200,2009-04-29 00:00:00,2009,T20,Indian Premier League,Kings XI Punjab,1,119,421,20
392200,2009-04-29 00:00:00,2009,T20,Indian Premier League,Mumbai Indians,2,116,452,20
392201,2009-04-30 00:00:00,2009,T20,Indian Premier League,Deccan Chargers,1,148,419,20
392201,2009-04-30 00:00:00,2009,T20,Indian Premier League,Delhi Daredevils,2,150,281,19
392202,2009-04-30 00:00:00,2009,T20,Indian Premier League,Chennai Super Kings,1,164,326,20
392202,2009-04-30 00:00:00,2009,T20,Indian Premier League,Rajasthan Royals,2,126,361,20
392203,2009-05-01 00:00:00,2009,T20,Indian Premier League,Kolkata Knight Riders,2,139,300,20
392203,2009-05-01 00:00:00,2009,T20,Indian Premier League,Mumbai Indians,1,148,358,20
392204,2009-05-01 00:00:00,2009,T20,Indian Premier League,Kings XI Punjab,2,137,203,20
392204,2009-05-01 00:00:00,2009,T20,Indian Premier League,Royal Challengers Bangalore,1,145,482,20
392205,2009-05-02 00:00:00,2009,T20,Indian Premier League,Deccan Chargers,1,141,284,20
392205,2009-05-02 00:00:00,2009,T20,Indian Premier League,Rajasthan Royals,2,142,519,20
392206,2009-05-02 00:00:00,2009,T20,Indian Premier League,Chennai Super Kings,1,163,347,20
392206,2009-05-02 00:00:00,2009,T20,Indian Premier League,Delhi Daredevils,2,145,367,20
392207,2009-05-03 00:00:00,2009,T20,Indian Premier League,Kings XI Punjab,2,154,320,20
392207,2009-05-03 00:00:00,2009,T20,Indian Premier League,Kolkata Knight Riders,1,153,178,20
392208,2009-05-03 00:00:00,2009,T20,Indian Premier League,Mumbai Indians,1,149,328,20
392208,2009-05-03 00:00:00,2009,T20,Indian Premier League,Royal Challengers Bangalore,2,150,96,19
392209,2009-05-04 00:00:00,2009,T20,Indian Premier League,Chennai Super Kings,1,178,145,20
392209,2009-05-04 00:00:00,2009,T20,Indian Premier League,Deccan Chargers,2,100,377,15
392210,2009-05-05 00:00:00,2009,T20,Indian Premier League,Kings XI Punjab,2,133,609,20
392210,2009-05-05 00:00:00,2009,T20,Indian Premier League,Rajasthan Royals,1,211,85,20
392211,2009-05-05 00:00:00,2009,T20,Indian Premier League,Delhi Daredevils,2,157,74,19
392211,2009-05-05 00:00:00,2009,T20,Indian Premier League,Kolkata Knight Riders,1,154,128,20
392212,2009-05-06 00:00:00,2009,T20,Indian Premier League,Deccan Chargers,1,145,334,20
392212,2009-05-06 00:00:00,2009,T20,Indian Premier League,Mumbai Indians,2,126,412,20
392213,2009-05-07 00:00:00,2009,T20,Indian Premier League,Rajasthan Royals,2,107,111,15
392213,2009-05-07 00:00:00,2009,T20,Indian Premier League,Royal Challengers Bangalore,1,105,505,20
392214,2009-05-07 00:00:00,2009,T20,Indian Premier League,Chennai Super Kings,1,185,170,18
392214,2009-05-07 00:00:00,2009,T20,Indian Premier League,Kings XI Punjab,2,174,239,18
392215,2009-05-08 00:00:00,2009,T20,Indian Premier League,Delhi Daredevils,2,118,132,19
392215,2009-05-08 00:00:00,2009,T20,Indian Premier League,Mumbai Indians,1,116,491,20
392216,2009-05-09 00:00:00,2009,T20,Indian Premier League,Deccan Chargers,1,168,316,20
392216,2009-05-09 00:00:00,2009,T20,Indian Premier League,Kings XI Punjab,2,169,383,20
392217,2009-05-09 00:00:00,2009,T20,Indian Premier League,Chennai Super Kings,2,141,187,19
392217,2009-05-09 00:00:00,2009,T20,Indian Premier League,Rajasthan Royals,1,140,341,20
392218,2009-05-10 00:00:00,2009,T20,Indian Premier League,Mumbai Indians,1,157,192,20
392218,2009-05-10 00:00:00,2009,T20,Indian Premier League,Royal Challengers Bangalore,2,141,474,20
392219,2009-05-10 00:00:00,2009,T20,Indian Premier League,Delhi Daredevils,2,125,172,18
392219,2009-05-10 00:00:00,2009,T20,Indian Premier League,Kolkata Knight Riders,1,123,590,20
392220,2009-05-11 00:00:00,2009,T20,Indian Premier League,Deccan Chargers,1,166,336,20
392220,2009-05-11 00:00:00,2009,T20,Indian Premier League,Rajasthan Royals,2,113,480,20
392221,2009-05-12 00:00:00,2009,T20,Indian Premier League,Kolkata Knight Riders,1,173,271,20
392221,2009-05-12 00:00:00,2009,T20,Indian Premier League,Royal Challengers Bangalore,2,176,210,20
392222,2009-05-12 00:00:00,2009,T20,Indian Premier League,Kings XI Punjab,1,119,581,20
392222,2009-05-12 00:00:00,2009,T20,Indian Premier League,Mumbai Indians,2,122,159,17
392223,2009-05-13 00:00:00,2009,T20,Indian Premier League,Deccan Chargers,2,161,320,20
392223,2009-05-13 00:00:00,2009,T20,Indian Premier League,Delhi Daredevils,1,173,351,20
392224,2009-05-14 00:00:00,2009,T20,Indian Premier League,Chennai Super Kings,1,129,323,20
392224,2009-05-14 00:00:00,2009,T20,Indian Premier League,Royal Challengers Bangalore,2,132,420,20
392225,2009-05-14 00:00:00,2009,T20,Indian Premier League,Mumbai Indians,2,143,463,20
392225,2009-05-14 00:00:00,2009,T20,Indian Premier League,Rajasthan Royals,1,145,202,20
392226,2009-05-15 00:00:00,2009,T20,Indian Premier League,Delhi Daredevils,1,120,439,20
392226,2009-05-15 00:00:00,2009,T20,Indian Premier League,Kings XI Punjab,2,123,310,20
392227,2009-05-16 00:00:00,2009,T20,Indian Premier League,Chennai Super Kings,2,151,272,20
392227,2009-05-16 00:00:00,2009,T20,Indian Premier League,Mumbai Indians,1,147,256,20
392228,2009-05-16 00:00:00,2009,T20,Indian Premier League,Deccan Chargers,2,166,164,20
392228,2009-05-16 00:00:00,2009,T20,Indian Premier League,Kolkata Knight Riders,1,160,156,20
392229,2009-05-17 00:00:00,2009,T20,Indian Premier League,Deccan Chargers,2,133,355,20
392229,2009-05-17 00:00:00,2009,T20,Indian Premier League,Kings XI Punjab,1,134,429,20
392230,2009-05-17 00:00:00,2009,T20,Indian Premier League,Delhi Daredevils,1,150,238,20
392230,2009-05-17 00:00:00,2009,T20,Indian Premier League,Rajasthan Royals,2,136,508,20
392231,2009-05-18 00:00:00,2009,T20,Indian Premier League,Chennai Super Kings,1,188,182,20
392231,2009-05-18 00:00:00,2009,T20,Indian Premier League,Kolkata Knight Riders,2,189,159,20
392232,2009-05-19 00:00:00,2009,T20,Indian Premier League,Delhi Daredevils,1,134,478,20
392232,2009-05-19 00:00:00,2009,T20,Indian Premier League,Royal Challengers Bangalore,2,135,180,19
392233,2009-05-20 00:00:00,2009,T20,Indian Premier League,Kolkata Knight Riders,2,102,506,20
392233,2009-05-20 00:00:00,2009,T20,Indian Premier League,Rajasthan Royals,1,101,614,20
392234,2009-05-20 00:00:00,2009,T20,Indian Premier League,Chennai Super Kings,1,116,410,20
392234,2009-05-20 00:00:00,2009,T20,Indian Premier League,Kings XI Punjab,2,92,384,20
392235,2009-05-21 00:00:00,2009,T20,Indian Premier League,Delhi Daredevils,2,166,186,18
392235,2009-05-21 00:00:00,2009,T20,Indian Premier League,Mumbai Indians,1,165,442,20
392236,2009-05-21 00:00:00,2009,T20,Indian Premier League,Deccan Chargers,2,158,233,20
392236,2009-05-21 00:00:00,2009,T20,Indian Premier League,Royal Challengers Bangalore,1,170,229,20
392237,2009-05-22 00:00:00,2009,T20,Indian Premier League,Deccan Chargers,2,154,237,18
392237,2009-05-22 00:00:00,2009,T20,Indian Premier League,Delhi Daredevils,1,153,336,20
392238,2009-05-23 00:00:00,2009,T20,Indian Premier League,Chennai Super Kings,1,146,216,20
392238,2009-05-23 00:00:00,2009,T20,Indian Premier League,Royal Challengers Bangalore,2,149,269,19
392239,2009-05-24 00:00:00,2009,T20,Indian Premier League,Deccan Chargers,1,143,348,20
392239,2009-05-24 00:00:00,2009,T20,Indian Premier League,Royal Challengers Bangalore,2,137,428,20
419106,2010-03-12 00:00:00,2010,T20,Indian Premier League,Deccan Chargers,2,150,285,20
419106,2010-03-12 00:00:00,2010,T20,Indian Premier League,Kolkata Knight Riders,1,161,442,20
419107,2010-03-13 00:00:00,2010,T20,Indian Premier League,Mumbai Indians,1,212,322,20
419107,2010-03-13 00:00:00,2010,T20,Indian Premier League,Rajasthan Royals,2,208,409,20
419108,2010-03-13 00:00:00,2010,T20,Indian Premier League,Delhi Daredevils,2,146,350,20
419108,2010-03-13 00:00:00,2010,T20,Indian Premier League,Kings XI Punjab,1,142,518,20
419109,2010-03-14 00:00:00,2010,T20,Indian Premier League,Kolkata Knight Riders,2,136,89,20
419109,2010-03-14 00:00:00,2010,T20,Indian Premier League,Royal Challengers Bangalore,1,135,443,20
419110,2010-03-14 00:00:00,2010,T20,Indian Premier League,Chennai Super Kings,2,159,563,20
419110,2010-03-14 00:00:00,2010,T20,Indian Premier League,Deccan Chargers,1,190,234,20
419111,2010-03-15 00:00:00,2010,T20,Indian Premier League,Delhi Daredevils,2,142,246,18
419111,2010-03-15 00:00:00,2010,T20,Indian Premier League,Rajasthan Royals,1,141,421,20
419112,2010-03-16 00:00:00,2010,T20,Indian Premier League,Kings XI Punjab,1,203,73,20
419112,2010-03-16 00:00:00,2010,T20,Indian Premier League,Royal Challengers Bangalore,2,204,97,19
419113,2010-03-16 00:00:00,2010,T20,Indian Premier League,Chennai Super Kings,1,164,238,20
419113,2010-03-16 00:00:00,2010,T20,Indian Premier League,Kolkata Knight Riders,2,109,634,20
419114,2010-03-17 00:00:00,2010,T20,Indian Premier League,Delhi Daredevils,2,120,384,17
419114,2010-03-17 00:00:00,2010,T20,Indian Premier League,Mumbai Indians,1,218,284,20
419115,2010-03-18 00:00:00,2010,T20,Indian Premier League,Rajasthan Royals,1,92,358,20
419115,2010-03-18 00:00:00,2010,T20,Indian Premier League,Royal Challengers Bangalore,2,93,0,11
419116,2010-03-19 00:00:00,2010,T20,Indian Premier League,Chennai Super Kings,2,190,261,20
419116,2010-03-19 00:00:00,2010,T20,Indian Premier League,Delhi Daredevils,1,185,283,20
419117,2010-03-19 00:00:00,2010,T20,Indian Premier League,Deccan Chargers,1,170,303,20
419117,2010-03-19 00:00:00,2010,T20,Indian Premier League,Kings XI Punjab,2,164,523,20
419118,2010-03-20 00:00:00,2010,T20,Indian Premier League,Kolkata Knight Riders,2,134,208,20
419118,2010-03-20 00:00:00,2010,T20,Indian Premier League,Rajasthan Royals,1,168,374,20
419119,2010-03-20 00:00:00,2010,T20,Indian Premier League,Mumbai Indians,1,151,484,20
419119,2010-03-20 00:00:00,2010,T20,Indian Premier League,Royal Challengers Bangalore,2,155,100,20
419120,2010-03-21 00:00:00,2010,T20,Indian Premier League,Deccan Chargers,1,171,328,20
419120,2010-03-21 00:00:00,2010,T20,Indian Premier League,Delhi Daredevils,2,161,297,20
419121,2010-03-21 00:00:00,2010,T20,Indian Premier League,Chennai Super Kings,2,136,231,20
419121,2010-03-21 00:00:00,2010,T20,Indian Premier League,Chennai Super Kings,3,9,5,1
419121,2010-03-21 00:00:00,2010,T20,Indian Premier League,Kings XI Punjab,1,136,347,20
419121,2010-03-21 00:00:00,2010,T20,Indian Premier League,Kings XI Punjab,4,10,3,1
419122,2010-03-22 00:00:00,2010,T20,Indian Premier League,Kolkata Knight Riders,1,155,64,20
419122,2010-03-22 00:00:00,2010,T20,Indian Premier League,Mumbai Indians,2,156,117,19
419123,2010-03-23 00:00:00,2010,T20,Indian Premier League,Chennai Super Kings,2,135,382,20
419123,2010-03-23 00:00:00,2010,T20,Indian Premier League,Royal Challengers Bangalore,1,171,280,20
419124,2010-03-24 00:00:00,2010,T20,Indian Premier League,Kings XI Punjab,2,152,359,20
419124,2010-03-24 00:00:00,2010,T20,Indian Premier League,Rajasthan Royals,1,183,237,20
419125,2010-03-25 00:00:00,2010,T20,Indian Premier League,Chennai Super Kings,1,180,204,20
419125,2010-03-25 00:00:00,2010,T20,Indian Premier League,Mumbai Indians,2,181,175,19
419126,2010-03-26 00:00:00,2010,T20,Indian Premier League,Deccan Chargers,1,148,498,20
419126,2010-03-26 00:00:00,2010,T20,Indian Premier League,Rajasthan Royals,2,151,87,16
419127,2010-03-27 00:00:00,2010,T20,Indian Premier League,Kings XI Punjab,2,144,375,20
419127,2010-03-27 00:00:00,2010,T20,Indian Premier League,Kolkata Knight Riders,1,183,280,20
419128,2010-03-25 00:00:00,2010,T20,Indian Premier League,Delhi Daredevils,1,183,287,20
419128,2010-03-25 00:00:00,2010,T20,Indian Premier League,Royal Challengers Bangalore,2,166,338,20
419129,2010-03-28 00:00:00,2010,T20,Indian Premier League,Chennai Super Kings,2,160,285,20
419129,2010-03-28 00:00:00,2010,T20,Indian Premier League,Rajasthan Royals,1,177,236,20
419130,2010-03-28 00:00:00,2010,T20,Indian Premier League,Deccan Chargers,2,131,445,18
419130,2010-03-28 00:00:00,2010,T20,Indian Premier League,Mumbai Indians,1,172,444,20
419131,2010-03-29 00:00:00,2010,T20,Indian Premier League,Delhi Daredevils,1,177,340,20
419131,2010-03-29 00:00:00,2010,T20,Indian Premier League,Kolkata Knight Riders,2,137,467,20
419132,2010-03-30 00:00:00,2010,T20,Indian Premier League,Kings XI Punjab,1,163,450,20
419132,2010-03-30 00:00:00,2010,T20,Indian Premier League,Mumbai Indians,2,164,252,20
419133,2010-03-31 00:00:00,2010,T20,Indian Premier League,Chennai Super Kings,2,162,162,19
419133,2010-03-31 00:00:00,2010,T20,Indian Premier League,Royal Challengers Bangalore,1,161,251,20
419134,2010-03-31 00:00:00,2010,T20,Indian Premier League,Delhi Daredevils,1,188,391,20
419134,2010-03-31 00:00:00,2010,T20,Indian Premier League,Rajasthan Royals,2,121,569,18
419135,2010-04-01 00:00:00,2010,T20,Indian Premier League,Deccan Chargers,2,157,249,20
419135,2010-04-01 00:00:00,2010,T20,Indian Premier League,Kolkata Knight Riders,1,181,319,20
419136,2010-04-02 00:00:00,2010,T20,Indian Premier League,Kings XI Punjab,1,181,260,20
419136,2010-04-02 00:00:00,2010,T20,Indian Premier League,Royal Challengers Bangalore,2,184,203,20
419137,2010-04-03 00:00:00,2010,T20,Indian Premier League,Chennai Super Kings,1,246,174,20
419137,2010-04-03 00:00:00,2010,T20,Indian Premier League,Rajasthan Royals,2,223,215,20
419138,2010-04-03 00:00:00,2010,T20,Indian Premier League,Deccan Chargers,2,115,410,19
419138,2010-04-03 00:00:00,2010,T20,Indian Premier League,Mumbai Indians,1,178,254,20
419139,2010-04-04 00:00:00,2010,T20,Indian Premier League,Kings XI Punjab,2,204,112,19
419139,2010-04-04 00:00:00,2010,T20,Indian Premier League,Kolkata Knight Riders,1,200,121,20
419140,2010-04-04 00:00:00,2010,T20,Indian Premier League,Delhi Daredevils,1,184,346,20
419140,2010-04-04 00:00:00,2010,T20,Indian Premier League,Royal Challengers Bangalore,2,147,312,20
419141,2010-04-05 00:00:00,2010,T20,Indian Premier League,Deccan Chargers,2,157,366,20
419141,2010-04-05 00:00:00,2010,T20,Indian Premier League,Rajasthan Royals,1,159,425,20
419142,2010-04-06 00:00:00,2010,T20,Indian Premier League,Chennai Super Kings,1,165,251,20
419142,2010-04-06 00:00:00,2010,T20,Indian Premier League,Mumbai Indians,2,141,425,20
419143,2010-04-07 00:00:00,2010,T20,Indian Premier League,Kings XI Punjab,1,153,332,20
419143,2010-04-07 00:00:00,2010,T20,Indian Premier League,Rajasthan Royals,2,157,37,15
419144,2010-04-07 00:00:00,2010,T20,Indian Premier League,Delhi Daredevils,2,167,335,20
419144,2010-04-07 00:00:00,2010,T20,Indian Premier League,Kolkata Knight Riders,1,181,154,20
419145,2010-04-08 00:00:00,2010,T20,Indian Premier League,Deccan Chargers,2,186,211,20
419145,2010-04-08 00:00:00,2010,T20,Indian Premier League,Royal Challengers Bangalore,1,184,327,20
419146,2010-04-09 00:00:00,2010,T20,Indian Premier League,Kings XI Punjab,2,158,175,20
419146,2010-04-09 00:00:00,2010,T20,Indian Premier League,Mumbai Indians,1,154,405,20
419147,2010-04-10 00:00:00,2010,T20,Indian Premier League,Chennai Super Kings,1,138,299,20
419147,2010-04-10 00:00:00,2010,T20,Indian Premier League,Deccan Chargers,2,139,260,20
419148,2010-04-10 00:00:00,2010,T20,Indian Premier League,Kolkata Knight Riders,1,160,300,20
419148,2010-04-10 00:00:00,2010,T20,Indian Premier League,Royal Challengers Bangalore,2,162,150,18
419149,2010-04-11 00:00:00,2010,T20,Indian Premier League,Delhi Daredevils,1,111,573,20
419149,2010-04-11 00:00:00,2010,T20,Indian Premier League,Kings XI Punjab,2,112,127,19
419150,2010-04-11 00:00:00,2010,T20,Indian Premier League,Mumbai Indians,1,174,400,20
419150,2010-04-11 00:00:00,2010,T20,Indian Premier League,Rajasthan Royals,2,137,556,20
419151,2010-04-12 00:00:00,2010,T20,Indian Premier League,Deccan Chargers,1,151,427,20
419151,2010-04-12 00:00:00,2010,T20,Indian Premier League,Royal Challengers Bangalore,2,138,335,20
419152,2010-04-13 00:00:00,2010,T20,Indian Premier League,Delhi Daredevils,2,144,451,20
419152,2010-04-13 00:00:00,2010,T20,Indian Premier League,Mumbai Indians,1,183,212,20
419153,2010-04-13 00:00:00,2010,T20,Indian Premier League,Chennai Super Kings,2,143,83,14
419153,2010-04-13 00:00:00,2010,T20,Indian Premier League,Kolkata Knight Riders,1,139,512,20
419154,2010-04-14 00:00:00,2010,T20,Indian Premier League,Rajasthan Royals,1,130,473,20
419154,2010-04-14 00:00:00,2010,T20,Indian Premier League,Royal Challengers Bangalore,2,132,220,16
419155,2010-04-15 00:00:00,2010,T20,Indian Premier League,Chennai Super Kings,1,112,613,20
419155,2010-04-15 00:00:00,2010,T20,Indian Premier League,Delhi Daredevils,2,113,405,19
419156,2010-04-16 00:00:00,2010,T20,Indian Premier League,Deccan Chargers,2,178,276,20
419156,2010-04-16 00:00:00,2010,T20,Indian Premier League,Kings XI Punjab,1,174,178,20
419157,2010-04-17 00:00:00,2010,T20,Indian Premier League,Mumbai Indians,1,191,189,20
419157,2010-04-17 00:00:00,2010,T20,Indian Premier League,Royal Challengers Bangalore,2,134,445,20
419158,2010-04-17 00:00:00,2010,T20,Indian Premier League,Kolkata Knight Riders,2,133,173,17
419158,2010-04-17 00:00:00,2010,T20,Indian Premier League,Rajasthan Royals,1,132,333,20
419159,2010-04-18 00:00:00,2010,T20,Indian Premier League,Chennai Super Kings,2,195,289,20
419159,2010-04-18 00:00:00,2010,T20,Indian Premier League,Kings XI Punjab,1,192,211,20
419160,2010-04-18 00:00:00,2010,T20,Indian Premier League,Deccan Chargers,1,145,430,20
419160,2010-04-18 00:00:00,2010,T20,Indian Premier League,Delhi Daredevils,2,134,541,20
419161,2010-04-19 00:00:00,2010,T20,Indian Premier League,Kolkata Knight Riders,2,135,25,18
419161,2010-04-19 00:00:00,2010,T20,Indian Premier League,Mumbai Indians,1,133,361,20
419162,2010-04-21 00:00:00,2010,T20,Indian Premier League,Mumbai Indians,1,184,377,20
419162,2010-04-21 00:00:00,2010,T20,Indian Premier League,Royal Challengers Bangalore,2,149,491,20
419163,2010-04-22 00:00:00,2010,T20,Indian Premier League,Chennai Super Kings,1,142,393,20
419163,2010-04-22 00:00:00,2010,T20,Indian Premier League,Deccan Chargers,2,104,401,20
419164,2010-04-24 00:00:00,2010,T20,Indian Premier League,Deccan Chargers,1,82,494,19
419164,2010-04-24 00:00:00,2010,T20,Indian Premier League,Royal Challengers Bangalore,2,86,40,14
419165,2010-04-25 00:00:00,2010,T20,Indian Premier League,Chennai Super Kings,1,168,232,20
419165,2010-04-25 00:00:00,2010,T20,Indian Premier League,Mumbai Indians,2,146,331,20
501198,2011-04-08 00:00:00,2011,T20,Indian Premier League,Chennai Super Kings,1,153,196,20
501198,2011-04-08 00:00:00,2011,T20,Indian Premier League,Kolkata Knight Riders,2,151,197,20
501199,2011-04-09 00:00:00,2011,T20,Indian Premier League,Deccan Chargers,1,137,385,20
501199,2011-04-09 00:00:00,2011,T20,Indian Premier League,Rajasthan Royals,2,141,119,19
501200,2011-04-09 00:00:00,2011,T20,Indian Premier League,Kochi Tuskers Kerala,1,161,176,20
501200,2011-04-09 00:00:00,2011,T20,Indian Premier League,Royal Challengers Bangalore,2,162,262,19
501201,2011-04-10 00:00:00,2011,T20,Indian Premier League,Delhi Daredevils,1,95,436,18
501201,2011-04-10 00:00:00,2011,T20,Indian Premier League,Mumbai Indians,2,99,170,17
501202,2011-04-10 00:00:00,2011,T20,Indian Premier League,Kings XI Punjab,1,112,641,20
501202,2011-04-10 00:00:00,2011,T20,Indian Premier League,Pune Warriors,2,113,148,14
501203,2011-04-11 00:00:00,2011,T20,Indian Premier League,Deccan Chargers,2,154,418,20
501203,2011-04-11 00:00:00,2011,T20,Indian Premier League,Kolkata Knight Riders,1,163,145,20
501204,2011-04-12 00:00:00,2011,T20,Indian Premier League,Delhi Daredevils,1,151,399,20
501204,2011-04-12 00:00:00,2011,T20,Indian Premier League,Rajasthan Royals,2,152,230,19
501205,2011-04-12 00:00:00,2011,T20,Indian Premier League,Mumbai Indians,2,143,87,19
501205,2011-04-12 00:00:00,2011,T20,Indian Premier League,Royal Challengers Bangalore,1,140,259,20
501206,2011-04-13 00:00:00,2011,T20,Indian Premier League,Chennai Super Kings,1,188,277,20
501206,2011-04-13 00:00:00,2011,T20,Indian Premier League,Kings XI Punjab,2,193,199,20
501207,2011-04-13 00:00:00,2011,T20,Indian Premier League,Kochi Tuskers Kerala,1,148,512,20
501207,2011-04-13 00:00:00,2011,T20,Indian Premier League,Pune Warriors,2,151,334,19
501208,2011-04-14 00:00:00,2011,T20,Indian Premier League,Deccan Chargers,1,175,212,20
501208,2011-04-14 00:00:00,2011,T20,Indian Premier League,Royal Challengers Bangalore,2,142,530,20
501209,2011-04-15 00:00:00,2011,T20,Indian Premier League,Kolkata Knight Riders,2,160,105,19
501209,2011-04-15 00:00:00,2011,T20,Indian Premier League,Rajasthan Royals,1,159,226,20
501210,2011-04-15 00:00:00,2011,T20,Indian Premier League,Kochi Tuskers Kerala,2,184,45,19
501210,2011-04-15 00:00:00,2011,T20,Indian Premier League,Mumbai Indians,1,182,77,20
501211,2011-04-16 00:00:00,2011,T20,Indian Premier League,Chennai Super Kings,1,183,168,20
501211,2011-04-16 00:00:00,2011,T20,Indian Premier League,Royal Challengers Bangalore,2,162,464,20
501212,2011-04-16 00:00:00,2011,T20,Indian Premier League,Deccan Chargers,1,165,306,20
501212,2011-04-16 00:00:00,2011,T20,Indian Premier League,Kings XI Punjab,2,166,34,18
501213,2011-04-17 00:00:00,2011,T20,Indian Premier League,Delhi Daredevils,2,190,272,20
501213,2011-04-17 00:00:00,2011,T20,Indian Premier League,Pune Warriors,1,187,302,20
501214,2011-04-17 00:00:00,2011,T20,Indian Premier League,Kolkata Knight Riders,2,85,134,14
501214,2011-04-17 00:00:00,2011,T20,Indian Premier League,Rajasthan Royals,1,81,306,16
501215,2011-04-18 00:00:00,2011,T20,Indian Premier League,Chennai Super Kings,1,131,184,17
501215,2011-04-18 00:00:00,2011,T20,Indian Premier League,Kochi Tuskers Kerala,2,135,109,15
501216,2011-04-19 00:00:00,2011,T20,Indian Premier League,Deccan Chargers,1,168,205,20
501216,2011-04-19 00:00:00,2011,T20,Indian Premier League,Delhi Daredevils,2,152,393,20
501218,2011-04-20 00:00:00,2011,T20,Indian Premier League,Mumbai Indians,2,124,182,20
501218,2011-04-20 00:00:00,2011,T20,Indian Premier League,Pune Warriors,1,118,456,18
501219,2011-04-20 00:00:00,2011,T20,Indian Premier League,Kochi Tuskers Kerala,1,132,339,20
501219,2011-04-20 00:00:00,2011,T20,Indian Premier League,Kolkata Knight Riders,2,126,435,20
501220,2011-04-21 00:00:00,2011,T20,Indian Premier League,Kings XI Punjab,1,195,230,20
501220,2011-04-21 00:00:00,2011,T20,Indian Premier League,Rajasthan Royals,2,147,440,20
501221,2011-04-22 00:00:00,2011,T20,Indian Premier League,Chennai Super Kings,2,156,395,20
501221,2011-04-22 00:00:00,2011,T20,Indian Premier League,Mumbai Indians,1,164,284,20
501222,2011-04-22 00:00:00,2011,T20,Indian Premier League,Kolkata Knight Riders,1,171,164,20
501222,2011-04-22 00:00:00,2011,T20,Indian Premier League,Royal Challengers Bangalore,2,175,40,19
501223,2011-04-23 00:00:00,2011,T20,Indian Premier League,Delhi Daredevils,1,231,138,20
501223,2011-04-23 00:00:00,2011,T20,Indian Premier League,Kings XI Punjab,2,202,261,20
501224,2011-04-24 00:00:00,2011,T20,Indian Premier League,Deccan Chargers,2,135,457,20
501224,2011-04-24 00:00:00,2011,T20,Indian Premier League,Mumbai Indians,1,172,298,20
501225,2011-04-24 00:00:00,2011,T20,Indian Premier League,Kochi Tuskers Kerala,1,109,396,20
501225,2011-04-24 00:00:00,2011,T20,Indian Premier League,Rajasthan Royals,2,111,25,15
501226,2011-04-25 00:00:00,2011,T20,Indian Premier League,Chennai Super Kings,1,142,186,20
501226,2011-04-25 00:00:00,2011,T20,Indian Premier League,Pune Warriors,2,117,468,20
501227,2011-04-26 00:00:00,2011,T20,Indian Premier League,Delhi Daredevils,1,160,322,20
501227,2011-04-26 00:00:00,2011,T20,Indian Premier League,Royal Challengers Bangalore,2,161,413,20
501228,2011-04-27 00:00:00,2011,T20,Indian Premier League,Chennai Super Kings,2,145,144,20
501228,2011-04-27 00:00:00,2011,T20,Indian Premier League,Pune Warriors,1,141,435,20
501229,2011-04-27 00:00:00,2011,T20,Indian Premier League,Deccan Chargers,1,129,368,20
501229,2011-04-27 00:00:00,2011,T20,Indian Premier League,Kochi Tuskers Kerala,2,74,591,17
501230,2011-04-28 00:00:00,2011,T20,Indian Premier League,Delhi Daredevils,2,131,393,20
501230,2011-04-28 00:00:00,2011,T20,Indian Premier League,Kolkata Knight Riders,1,148,317,20
501231,2011-04-29 00:00:00,2011,T20,Indian Premier League,Mumbai Indians,1,94,411,20
501231,2011-04-29 00:00:00,2011,T20,Indian Premier League,Rajasthan Royals,2,95,131,19
501232,2011-04-29 00:00:00,2011,T20,Indian Premier League,Pune Warriors,2,155,215,20
501232,2011-04-29 00:00:00,2011,T20,Indian Premier League,Royal Challengers Bangalore,1,181,185,20
501233,2011-04-30 00:00:00,2011,T20,Indian Premier League,Delhi Daredevils,1,157,376,20
501233,2011-04-30 00:00:00,2011,T20,Indian Premier League,Kochi Tuskers Kerala,2,119,419,19
501234,2011-04-30 00:00:00,2011,T20,Indian Premier League,Kings XI Punjab,1,119,361,20
501234,2011-04-30 00:00:00,2011,T20,Indian Premier League,Kolkata Knight Riders,2,120,187,18
501235,2011-05-01 00:00:00,2011,T20,Indian Premier League,Pune Warriors,1,143,296,20
501235,2011-05-01 00:00:00,2011,T20,Indian Premier League,Rajasthan Royals,2,144,261,20
501236,2011-05-01 00:00:00,2011,T20,Indian Premier League,Chennai Super Kings,1,165,175,20
501236,2011-05-01 00:00:00,2011,T20,Indian Premier League,Deccan Chargers,2,146,227,20
501237,2011-05-02 00:00:00,2011,T20,Indian Premier League,Kings XI Punjab,2,136,321,20
501237,2011-05-02 00:00:00,2011,T20,Indian Premier League,Mumbai Indians,1,159,179,20
501238,2011-05-02 00:00:00,2011,T20,Indian Premier League,Delhi Daredevils,1,140,344,20
501238,2011-05-02 00:00:00,2011,T20,Indian Premier League,Kochi Tuskers Kerala,2,141,149,15
501239,2011-05-03 00:00:00,2011,T20,Indian Premier League,Deccan Chargers,2,149,339,20
501239,2011-05-03 00:00:00,2011,T20,Indian Premier League,Kolkata Knight Riders,1,169,203,20
501240,2011-05-04 00:00:00,2011,T20,Indian Premier League,Chennai Super Kings,2,149,108,19
501240,2011-05-04 00:00:00,2011,T20,Indian Premier League,Rajasthan Royals,1,147,195,20
501241,2011-05-04 00:00:00,2011,T20,Indian Premier League,Mumbai Indians,1,160,323,20
501241,2011-05-04 00:00:00,2011,T20,Indian Premier League,Pune Warriors,2,139,364,20
501242,2011-05-05 00:00:00,2011,T20,Indian Premier League,Kochi Tuskers Kerala,1,156,303,20
501242,2011-05-05 00:00:00,2011,T20,Indian Premier League,Kolkata Knight Riders,2,139,177,20
501243,2011-05-05 00:00:00,2011,T20,Indian Premier League,Deccan Chargers,1,175,262,20
501243,2011-05-05 00:00:00,2011,T20,Indian Premier League,Delhi Daredevils,2,179,385,19
501244,2011-05-06 00:00:00,2011,T20,Indian Premier League,Kings XI Punjab,2,120,655,20
501244,2011-05-06 00:00:00,2011,T20,Indian Premier League,Royal Challengers Bangalore,1,205,189,20
501245,2011-05-07 00:00:00,2011,T20,Indian Premier League,Chennai Super Kings,1,114,248,20
501245,2011-05-07 00:00:00,2011,T20,Indian Premier League,Kolkata Knight Riders,2,61,81,10
501246,2011-05-07 00:00:00,2011,T20,Indian Premier League,Delhi Daredevils,2,146,571,20
501246,2011-05-07 00:00:00,2011,T20,Indian Premier League,Mumbai Indians,1,178,204,20
501247,2011-05-08 00:00:00,2011,T20,Indian Premier League,Kochi Tuskers Kerala,1,125,379,20
501247,2011-05-08 00:00:00,2011,T20,Indian Premier League,Royal Challengers Bangalore,2,128,58,14
501248,2011-05-08 00:00:00,2011,T20,Indian Premier League,Kings XI Punjab,1,119,306,20
501248,2011-05-08 00:00:00,2011,T20,Indian Premier League,Pune Warriors,2,120,183,18
501249,2011-05-09 00:00:00,2011,T20,Indian Premier League,Chennai Super Kings,1,196,113,20
501249,2011-05-09 00:00:00,2011,T20,Indian Premier League,Rajasthan Royals,2,133,375,20
501250,2011-05-10 00:00:00,2011,T20,Indian Premier League,Deccan Chargers,1,136,277,20
501250,2011-05-10 00:00:00,2011,T20,Indian Premier League,Pune Warriors,2,137,165,19
501251,2011-05-10 00:00:00,2011,T20,Indian Premier League,Kings XI Punjab,1,163,252,20
501251,2011-05-10 00:00:00,2011,T20,Indian Premier League,Mumbai Indians,2,87,288,13
501252,2011-05-11 00:00:00,2011,T20,Indian Premier League,Rajasthan Royals,1,146,229,20
501252,2011-05-11 00:00:00,2011,T20,Indian Premier League,Royal Challengers Bangalore,2,151,64,17
501253,2011-05-12 00:00:00,2011,T20,Indian Premier League,Chennai Super Kings,1,176,271,20
501253,2011-05-12 00:00:00,2011,T20,Indian Premier League,Delhi Daredevils,2,158,309,20
501254,2011-05-13 00:00:00,2011,T20,Indian Premier League,Kings XI Punjab,2,181,243,19
501254,2011-05-13 00:00:00,2011,T20,Indian Premier League,Kochi Tuskers Kerala,1,178,175,20
501255,2011-05-14 00:00:00,2011,T20,Indian Premier League,Kolkata Knight Riders,1,89,177,13
501255,2011-05-14 00:00:00,2011,T20,Indian Premier League,Royal Challengers Bangalore,2,105,165,13
501256,2011-05-14 00:00:00,2011,T20,Indian Premier League,Deccan Chargers,1,135,366,20
501256,2011-05-14 00:00:00,2011,T20,Indian Premier League,Mumbai Indians,2,125,435,20
501257,2011-05-15 00:00:00,2011,T20,Indian Premier League,Delhi Daredevils,2,141,323,20
501257,2011-05-15 00:00:00,2011,T20,Indian Premier League,Kings XI Punjab,1,170,214,20
501258,2011-05-15 00:00:00,2011,T20,Indian Premier League,Kochi Tuskers Kerala,2,98,65,8
501258,2011-05-15 00:00:00,2011,T20,Indian Premier League,Rajasthan Royals,1,97,518,19
501259,2011-05-16 00:00:00,2011,T20,Indian Premier League,Deccan Chargers,2,138,169,20
501259,2011-05-16 00:00:00,2011,T20,Indian Premier League,Pune Warriors,1,136,518,20
501260,2011-05-17 00:00:00,2011,T20,Indian Premier League,Kings XI Punjab,1,232,104,20
501260,2011-05-17 00:00:00,2011,T20,Indian Premier League,Royal Challengers Bangalore,2,121,424,17
501261,2011-05-18 00:00:00,2011,T20,Indian Premier League,Chennai Super Kings,1,152,324,20
501261,2011-05-18 00:00:00,2011,T20,Indian Premier League,Kochi Tuskers Kerala,2,141,256,20
501262,2011-05-19 00:00:00,2011,T20,Indian Premier League,Kolkata Knight Riders,2,119,165,17
501262,2011-05-19 00:00:00,2011,T20,Indian Premier League,Pune Warriors,1,118,386,20
501263,2011-05-20 00:00:00,2011,T20,Indian Premier League,Mumbai Indians,1,133,283,20
501263,2011-05-20 00:00:00,2011,T20,Indian Premier League,Rajasthan Royals,2,134,0,14
501264,2011-05-21 00:00:00,2011,T20,Indian Premier League,Deccan Chargers,1,198,65,20
501264,2011-05-21 00:00:00,2011,T20,Indian Premier League,Kings XI Punjab,2,116,416,19
501265,2011-05-21 00:00:00,2011,T20,Indian Premier League,Delhi Daredevils,1,56,79,11
501266,2011-05-22 00:00:00,2011,T20,Indian Premier League,Chennai Super Kings,1,128,501,20
501266,2011-05-22 00:00:00,2011,T20,Indian Premier League,Royal Challengers Bangalore,2,129,169,18
501267,2011-05-22 00:00:00,2011,T20,Indian Premier League,Kolkata Knight Riders,1,175,331,20
501267,2011-05-22 00:00:00,2011,T20,Indian Premier League,Mumbai Indians,2,178,324,20
501268,2011-05-24 00:00:00,2011,T20,Indian Premier League,Chennai Super Kings,2,177,309,20
501268,2011-05-24 00:00:00,2011,T20,Indian Premier League,Royal Challengers Bangalore,1,175,243,20
501269,2011-05-25 00:00:00,2011,T20,Indian Premier League,Kolkata Knight Riders,1,147,492,20
501269,2011-05-25 00:00:00,2011,T20,Indian Premier League,Mumbai Indians,2,148,265,20
501270,2011-05-27 00:00:00,2011,T20,Indian Premier League,Mumbai Indians,2,142,488,20
501270,2011-05-27 00:00:00,2011,T20,Indian Premier League,Royal Challengers Bangalore,1,185,154,20
501271,2011-05-28 00:00:00,2011,T20,Indian Premier League,Chennai Super Kings,1,205,63,20
501271,2011-05-28 00:00:00,2011,T20,Indian Premier League,Royal Challengers Bangalore,2,147,559,20
548306,2012-04-04 00:00:00,2012,T20,Indian Premier League,Chennai Super Kings,1,112,454,20
548306,2012-04-04 00:00:00,2012,T20,Indian Premier League,Mumbai Indians,2,115,108,17
548307,2012-04-05 00:00:00,2012,T20,Indian Premier League,Delhi Daredevils,2,100,54,12
548307,2012-04-05 00:00:00,2012,T20,Indian Premier League,Kolkata Knight Riders,1,97,309,12
548308,2012-04-06 00:00:00,2012,T20,Indian Premier League,Mumbai Indians,2,101,507,20
548308,2012-04-06 00:00:00,2012,T20,Indian Premier League,Pune Warriors,1,129,459,20
548309,2012-04-06 00:00:00,2012,T20,Indian Premier League,Kings XI Punjab,2,160,452,20
548309,2012-04-06 00:00:00,2012,T20,Indian Premier League,Rajasthan Royals,1,191,148,20
548310,2012-04-07 00:00:00,2012,T20,Indian Premier League,Delhi Daredevils,2,137,376,20
548310,2012-04-07 00:00:00,2012,T20,Indian Premier League,Royal Challengers Bangalore,1,157,421,20
548311,2012-04-07 00:00:00,2012,T20,Indian Premier League,Chennai Super Kings,1,193,401,20
548311,2012-04-07 00:00:00,2012,T20,Indian Premier League,Deccan Chargers,2,119,311,18
548312,2012-04-08 00:00:00,2012,T20,Indian Premier League,Kolkata Knight Riders,2,142,596,20
548312,2012-04-08 00:00:00,2012,T20,Indian Premier League,Rajasthan Royals,1,164,303,20
548313,2012-04-08 00:00:00,2012,T20,Indian Premier League,Kings XI Punjab,2,144,425,20
548313,2012-04-08 00:00:00,2012,T20,Indian Premier League,Pune Warriors,1,166,269,20
548314,2012-04-09 00:00:00,2012,T20,Indian Premier League,Deccan Chargers,1,138,390,20
548314,2012-04-09 00:00:00,2012,T20,Indian Premier League,Mumbai Indians,2,142,291,20
548315,2012-04-10 00:00:00,2012,T20,Indian Premier League,Kolkata Knight Riders,1,165,245,20
548315,2012-04-10 00:00:00,2012,T20,Indian Premier League,Royal Challengers Bangalore,2,123,585,20
548316,2012-04-10 00:00:00,2012,T20,Indian Premier League,Chennai Super Kings,1,110,464,20
548316,2012-04-10 00:00:00,2012,T20,Indian Premier League,Delhi Daredevils,2,111,104,14
548317,2012-04-11 00:00:00,2012,T20,Indian Premier League,Mumbai Indians,1,197,294,20
548317,2012-04-11 00:00:00,2012,T20,Indian Premier League,Rajasthan Royals,2,170,412,20
548318,2012-04-12 00:00:00,2012,T20,Indian Premier League,Chennai Super Kings,2,208,204,20
548318,2012-04-12 00:00:00,2012,T20,Indian Premier League,Royal Challengers Bangalore,1,205,164,20
548319,2012-04-12 00:00:00,2012,T20,Indian Premier League,Kings XI Punjab,2,116,202,18
548319,2012-04-12 00:00:00,2012,T20,Indian Premier League,Pune Warriors,1,115,446,19
548320,2012-04-13 00:00:00,2012,T20,Indian Premier League,Kolkata Knight Riders,2,137,204,20
548320,2012-04-13 00:00:00,2012,T20,Indian Premier League,Rajasthan Royals,1,131,281,20
548321,2012-04-19 00:00:00,2012,T20,Indian Premier League,Deccan Chargers,1,157,336,20
548321,2012-04-19 00:00:00,2012,T20,Indian Premier League,Delhi Daredevils,2,162,395,20
548322,2012-04-14 00:00:00,2012,T20,Indian Premier League,Chennai Super Kings,1,155,222,20
548322,2012-04-14 00:00:00,2012,T20,Indian Premier League,Pune Warriors,2,156,211,20
548323,2012-04-15 00:00:00,2012,T20,Indian Premier League,Kings XI Punjab,1,134,357,20
548323,2012-04-15 00:00:00,2012,T20,Indian Premier League,Kolkata Knight Riders,2,132,395,20
548324,2012-04-15 00:00:00,2012,T20,Indian Premier League,Rajasthan Royals,1,195,69,20
548324,2012-04-15 00:00:00,2012,T20,Indian Premier League,Royal Challengers Bangalore,2,136,438,20
548325,2012-04-16 00:00:00,2012,T20,Indian Premier League,Delhi Daredevils,2,93,127,15
548325,2012-04-16 00:00:00,2012,T20,Indian Premier League,Mumbai Indians,1,92,541,20
548326,2012-04-17 00:00:00,2012,T20,Indian Premier League,Deccan Chargers,1,196,101,20
548326,2012-04-17 00:00:00,2012,T20,Indian Premier League,Rajasthan Royals,2,197,216,20
548327,2012-04-17 00:00:00,2012,T20,Indian Premier League,Pune Warriors,1,182,199,20
548327,2012-04-17 00:00:00,2012,T20,Indian Premier League,Royal Challengers Bangalore,2,186,273,20
548328,2012-04-18 00:00:00,2012,T20,Indian Premier League,Kings XI Punjab,1,124,283,20
548328,2012-04-18 00:00:00,2012,T20,Indian Premier League,Kolkata Knight Riders,2,127,107,17
548329,2012-05-10 00:00:00,2012,T20,Indian Premier League,Deccan Chargers,1,187,200,20
548329,2012-05-10 00:00:00,2012,T20,Indian Premier League,Delhi Daredevils,2,193,103,17
548330,2012-04-19 00:00:00,2012,T20,Indian Premier League,Chennai Super Kings,1,164,85,20
548330,2012-04-19 00:00:00,2012,T20,Indian Premier League,Pune Warriors,2,151,438,20
548331,2012-04-20 00:00:00,2012,T20,Indian Premier League,Kings XI Punjab,1,163,352,20
548331,2012-04-20 00:00:00,2012,T20,Indian Premier League,Royal Challengers Bangalore,2,166,342,20
548332,2012-04-21 00:00:00,2012,T20,Indian Premier League,Chennai Super Kings,2,147,123,20
548332,2012-04-21 00:00:00,2012,T20,Indian Premier League,Rajasthan Royals,1,146,179,20
548333,2012-04-21 00:00:00,2012,T20,Indian Premier League,Delhi Daredevils,2,172,336,20
548333,2012-04-21 00:00:00,2012,T20,Indian Premier League,Pune Warriors,1,192,146,20
548334,2012-04-22 00:00:00,2012,T20,Indian Premier League,Kings XI Punjab,2,164,195,20
548334,2012-04-22 00:00:00,2012,T20,Indian Premier League,Mumbai Indians,1,163,224,20
548335,2012-04-22 00:00:00,2012,T20,Indian Premier League,Deccan Chargers,1,126,232,20
548335,2012-04-22 00:00:00,2012,T20,Indian Premier League,Kolkata Knight Riders,2,127,314,20
548336,2012-04-23 00:00:00,2012,T20,Indian Premier League,Rajasthan Royals,2,143,283,20
548336,2012-04-23 00:00:00,2012,T20,Indian Premier League,Royal Challengers Bangalore,1,189,228,20
548337,2012-04-24 00:00:00,2012,T20,Indian Premier League,Delhi Daredevils,2,148,112,16
548337,2012-04-24 00:00:00,2012,T20,Indian Premier League,Pune Warriors,1,146,232,20
548339,2012-04-25 00:00:00,2012,T20,Indian Premier League,Kings XI Punjab,1,168,221,20
548339,2012-04-25 00:00:00,2012,T20,Indian Premier League,Mumbai Indians,2,171,272,20
548341,2012-04-26 00:00:00,2012,T20,Indian Premier League,Deccan Chargers,1,177,258,20
548341,2012-04-26 00:00:00,2012,T20,Indian Premier League,Pune Warriors,2,159,381,20
548342,2012-04-27 00:00:00,2012,T20,Indian Premier League,Delhi Daredevils,1,207,124,20
548342,2012-04-27 00:00:00,2012,T20,Indian Premier League,Mumbai Indians,2,170,477,20
548343,2012-04-28 00:00:00,2012,T20,Indian Premier League,Chennai Super Kings,2,149,370,20
548343,2012-04-28 00:00:00,2012,T20,Indian Premier League,Kings XI Punjab,1,156,211,20
548344,2012-04-28 00:00:00,2012,T20,Indian Premier League,Kolkata Knight Riders,1,190,74,20
548344,2012-04-28 00:00:00,2012,T20,Indian Premier League,Royal Challengers Bangalore,2,143,362,20
548345,2012-04-29 00:00:00,2012,T20,Indian Premier League,Delhi Daredevils,1,152,312,20
548345,2012-04-29 00:00:00,2012,T20,Indian Premier League,Rajasthan Royals,2,151,46,20
548346,2012-04-29 00:00:00,2012,T20,Indian Premier League,Deccan Chargers,1,100,382,19
548346,2012-04-29 00:00:00,2012,T20,Indian Premier League,Mumbai Indians,2,101,303,19
548347,2012-04-30 00:00:00,2012,T20,Indian Premier League,Chennai Super Kings,1,139,323,20
548347,2012-04-30 00:00:00,2012,T20,Indian Premier League,Kolkata Knight Riders,2,140,188,20
548348,2012-05-01 00:00:00,2012,T20,Indian Premier League,Deccan Chargers,1,186,228,20
548348,2012-05-01 00:00:00,2012,T20,Indian Premier League,Pune Warriors,2,173,235,20
548349,2012-05-01 00:00:00,2012,T20,Indian Premier League,Delhi Daredevils,2,144,151,16
548349,2012-05-01 00:00:00,2012,T20,Indian Premier League,Rajasthan Royals,1,141,283,20
548350,2012-05-02 00:00:00,2012,T20,Indian Premier League,Kings XI Punjab,2,163,210,20
548350,2012-05-02 00:00:00,2012,T20,Indian Premier League,Royal Challengers Bangalore,1,158,182,20
548351,2012-05-03 00:00:00,2012,T20,Indian Premier League,Mumbai Indians,1,120,325,20
548351,2012-05-03 00:00:00,2012,T20,Indian Premier League,Pune Warriors,2,119,366,20
548352,2012-05-04 00:00:00,2012,T20,Indian Premier League,Chennai Super Kings,1,160,264,20
548352,2012-05-04 00:00:00,2012,T20,Indian Premier League,Deccan Chargers,2,150,234,20
548353,2012-05-05 00:00:00,2012,T20,Indian Premier League,Kolkata Knight Riders,1,150,141,20
548353,2012-05-05 00:00:00,2012,T20,Indian Premier League,Pune Warriors,2,143,483,20
548354,2012-05-05 00:00:00,2012,T20,Indian Premier League,Kings XI Punjab,2,134,453,20
548354,2012-05-05 00:00:00,2012,T20,Indian Premier League,Rajasthan Royals,1,177,264,20
548355,2012-05-06 00:00:00,2012,T20,Indian Premier League,Chennai Super Kings,1,173,246,20
548355,2012-05-06 00:00:00,2012,T20,Indian Premier League,Mumbai Indians,2,174,210,20
548356,2012-05-06 00:00:00,2012,T20,Indian Premier League,Deccan Chargers,1,181,57,20
548356,2012-05-06 00:00:00,2012,T20,Indian Premier League,Royal Challengers Bangalore,2,185,157,19
548357,2012-05-07 00:00:00,2012,T20,Indian Premier League,Delhi Daredevils,1,153,312,20
548357,2012-05-07 00:00:00,2012,T20,Indian Premier League,Kolkata Knight Riders,2,154,136,19
548358,2012-05-08 00:00:00,2012,T20,Indian Premier League,Pune Warriors,1,125,295,20
548358,2012-05-08 00:00:00,2012,T20,Indian Premier League,Rajasthan Royals,2,126,170,17
548359,2012-05-08 00:00:00,2012,T20,Indian Premier League,Deccan Chargers,2,145,430,20
548359,2012-05-08 00:00:00,2012,T20,Indian Premier League,Kings XI Punjab,1,170,253,20
548360,2012-05-09 00:00:00,2012,T20,Indian Premier League,Mumbai Indians,1,141,386,20
548360,2012-05-09 00:00:00,2012,T20,Indian Premier League,Royal Challengers Bangalore,2,142,61,18
548361,2012-05-10 00:00:00,2012,T20,Indian Premier League,Chennai Super Kings,2,127,308,19
548361,2012-05-10 00:00:00,2012,T20,Indian Premier League,Rajasthan Royals,1,126,367,20
548362,2012-05-11 00:00:00,2012,T20,Indian Premier League,Pune Warriors,2,138,550,20
548362,2012-05-11 00:00:00,2012,T20,Indian Premier League,Royal Challengers Bangalore,1,173,141,20
548363,2012-05-12 00:00:00,2012,T20,Indian Premier League,Kolkata Knight Riders,2,155,302,20
548363,2012-05-12 00:00:00,2012,T20,Indian Premier League,Mumbai Indians,1,182,110,20
548364,2012-05-12 00:00:00,2012,T20,Indian Premier League,Chennai Super Kings,2,115,32,16
548364,2012-05-12 00:00:00,2012,T20,Indian Premier League,Delhi Daredevils,1,114,466,20
548365,2012-05-13 00:00:00,2012,T20,Indian Premier League,Pune Warriors,2,125,586,20
548365,2012-05-13 00:00:00,2012,T20,Indian Premier League,Rajasthan Royals,1,170,146,20
548366,2012-05-13 00:00:00,2012,T20,Indian Premier League,Deccan Chargers,1,190,190,20
548366,2012-05-13 00:00:00,2012,T20,Indian Premier League,Kings XI Punjab,2,194,373,20
548367,2012-05-14 00:00:00,2012,T20,Indian Premier League,Mumbai Indians,2,173,483,20
548367,2012-05-14 00:00:00,2012,T20,Indian Premier League,Royal Challengers Bangalore,1,171,409,20
548368,2012-05-14 00:00:00,2012,T20,Indian Premier League,Chennai Super Kings,2,160,180,20
548368,2012-05-14 00:00:00,2012,T20,Indian Premier League,Kolkata Knight Riders,1,158,178,20
548369,2012-05-15 00:00:00,2012,T20,Indian Premier League,Delhi Daredevils,2,140,393,19
548369,2012-05-15 00:00:00,2012,T20,Indian Premier League,Kings XI Punjab,1,136,461,20
548370,2012-05-16 00:00:00,2012,T20,Indian Premier League,Kolkata Knight Riders,1,140,446,20
548370,2012-05-16 00:00:00,2012,T20,Indian Premier League,Mumbai Indians,2,108,250,20
548371,2012-05-17 00:00:00,2012,T20,Indian Premier League,Chennai Super Kings,1,120,368,20
548371,2012-05-17 00:00:00,2012,T20,Indian Premier League,Kings XI Punjab,2,123,156,17
548372,2012-05-17 00:00:00,2012,T20,Indian Premier League,Delhi Daredevils,2,194,418,20
548372,2012-05-17 00:00:00,2012,T20,Indian Premier League,Royal Challengers Bangalore,1,215,111,20
548373,2012-05-18 00:00:00,2012,T20,Indian Premier League,Deccan Chargers,2,128,169,19
548373,2012-05-18 00:00:00,2012,T20,Indian Premier League,Rajasthan Royals,1,126,355,20
548374,2012-05-19 00:00:00,2012,T20,Indian Premier League,Delhi Daredevils,2,145,127,19
548374,2012-05-19 00:00:00,2012,T20,Indian Premier League,Kings XI Punjab,1,141,468,20
548375,2012-05-19 00:00:00,2012,T20,Indian Premier League,Kolkata Knight Riders,1,136,206,20
548375,2012-05-19 00:00:00,2012,T20,Indian Premier League,Pune Warriors,2,102,376,20
548376,2012-05-20 00:00:00,2012,T20,Indian Premier League,Deccan Chargers,1,132,388,20
548376,2012-05-20 00:00:00,2012,T20,Indian Premier League,Royal Challengers Bangalore,2,123,404,20
548377,2012-05-20 00:00:00,2012,T20,Indian Premier League,Mumbai Indians,2,163,0,19
548377,2012-05-20 00:00:00,2012,T20,Indian Premier League,Rajasthan Royals,1,162,334,20
548378,2012-05-22 00:00:00,2012,T20,Indian Premier League,Delhi Daredevils,2,144,352,20
548378,2012-05-22 00:00:00,2012,T20,Indian Premier League,Kolkata Knight Riders,1,162,199,20
548379,2012-05-23 00:00:00,2012,T20,Indian Premier League,Chennai Super Kings,1,187,342,20
548379,2012-05-23 00:00:00,2012,T20,Indian Premier League,Mumbai Indians,2,149,468,20
548380,2012-05-25 00:00:00,2012,T20,Indian Premier League,Chennai Super Kings,1,222,158,20
548380,2012-05-25 00:00:00,2012,T20,Indian Premier League,Delhi Daredevils,2,136,321,17
548381,2012-05-27 00:00:00,2012,T20,Indian Premier League,Chennai Super Kings,1,190,80,20
548381,2012-05-27 00:00:00,2012,T20,Indian Premier League,Kolkata Knight Riders,2,192,197,20
597998,2013-04-03 00:00:00,2013,T20,Indian Premier League,Delhi Daredevils,1,128,430,20
597998,2013-04-03 00:00:00,2013,T20,Indian Premier League,Kolkata Knight Riders,2,129,242,19
597999,2013-04-04 00:00:00,2013,T20,Indian Premier League,Mumbai Indians,2,154,190,20
597999,2013-04-04 00:00:00,2013,T20,Indian Premier League,Royal Challengers Bangalore,1,156,395,20
598000,2013-04-05 00:00:00,2013,T20,Indian Premier League,Pune Warriors,2,104,291,19
598000,2013-04-05 00:00:00,2013,T20,Indian Premier League,Sunrisers Hyderabad,1,126,251,20
598001,2013-04-06 00:00:00,2013,T20,Indian Premier League,Delhi Daredevils,2,160,180,20
598001,2013-04-06 00:00:00,2013,T20,Indian Premier League,Rajasthan Royals,1,165,203,20
598002,2013-04-06 00:00:00,2013,T20,Indian Premier League,Chennai Super Kings,2,139,489,20
598002,2013-04-06 00:00:00,2013,T20,Indian Premier League,Mumbai Indians,1,148,506,20
598003,2013-04-07 00:00:00,2013,T20,Indian Premier League,Kings XI Punjab,2,100,82,13
598003,2013-04-07 00:00:00,2013,T20,Indian Premier League,Pune Warriors,1,99,485,20
598004,2013-04-07 00:00:00,2013,T20,Indian Premier League,Royal Challengers Bangalore,1,130,376,20
598004,2013-04-07 00:00:00,2013,T20,Indian Premier League,Royal Challengers Bangalore,4,15,0,1
598004,2013-04-07 00:00:00,2013,T20,Indian Premier League,Sunrisers Hyderabad,2,130,390,20
598004,2013-04-07 00:00:00,2013,T20,Indian Premier League,Sunrisers Hyderabad,3,20,0,1
598005,2013-04-08 00:00:00,2013,T20,Indian Premier League,Kolkata Knight Riders,2,125,543,19
598005,2013-04-08 00:00:00,2013,T20,Indian Premier League,Rajasthan Royals,1,144,307,20
598006,2013-04-09 00:00:00,2013,T20,Indian Premier League,Delhi Daredevils,2,165,455,20
598006,2013-04-09 00:00:00,2013,T20,Indian Premier League,Mumbai Indians,1,209,291,20
598007,2013-04-10 00:00:00,2013,T20,Indian Premier League,Chennai Super Kings,2,139,0,18
598007,2013-04-10 00:00:00,2013,T20,Indian Premier League,Kings XI Punjab,1,138,416,20
598008,2013-04-11 00:00:00,2013,T20,Indian Premier League,Kolkata Knight Riders,1,154,299,20
598008,2013-04-11 00:00:00,2013,T20,Indian Premier League,Royal Challengers Bangalore,2,158,156,18
598009,2013-04-11 00:00:00,2013,T20,Indian Premier League,Pune Warriors,2,148,139,19
598009,2013-04-11 00:00:00,2013,T20,Indian Premier League,Rajasthan Royals,1,145,289,20
598010,2013-04-12 00:00:00,2013,T20,Indian Premier League,Delhi Daredevils,1,114,479,20
598010,2013-04-12 00:00:00,2013,T20,Indian Premier League,Sunrisers Hyderabad,2,115,332,20
598011,2013-04-13 00:00:00,2013,T20,Indian Premier League,Mumbai Indians,1,183,185,20
598011,2013-04-13 00:00:00,2013,T20,Indian Premier League,Pune Warriors,2,142,601,20
598012,2013-04-13 00:00:00,2013,T20,Indian Premier League,Chennai Super Kings,2,166,350,20
598012,2013-04-13 00:00:00,2013,T20,Indian Premier League,Royal Challengers Bangalore,1,165,249,20
598013,2013-04-14 00:00:00,2013,T20,Indian Premier League,Kolkata Knight Riders,1,180,131,20
598013,2013-04-14 00:00:00,2013,T20,Indian Premier League,Sunrisers Hyderabad,2,132,248,20
598014,2013-04-14 00:00:00,2013,T20,Indian Premier League,Kings XI Punjab,1,124,486,19
598014,2013-04-14 00:00:00,2013,T20,Indian Premier League,Rajasthan Royals,2,126,273,20
598015,2013-04-15 00:00:00,2013,T20,Indian Premier League,Chennai Super Kings,2,135,425,20
598015,2013-04-15 00:00:00,2013,T20,Indian Premier League,Pune Warriors,1,159,130,20
598016,2013-04-16 00:00:00,2013,T20,Indian Premier League,Kings XI Punjab,1,157,371,20
598016,2013-04-16 00:00:00,2013,T20,Indian Premier League,Kolkata Knight Riders,2,153,387,20
598017,2013-04-16 00:00:00,2013,T20,Indian Premier League,Delhi Daredevils,1,152,278,20
598017,2013-04-16 00:00:00,2013,T20,Indian Premier League,Delhi Daredevils,4,11,7,1
598017,2013-04-16 00:00:00,2013,T20,Indian Premier League,Royal Challengers Bangalore,2,152,285,20
598017,2013-04-16 00:00:00,2013,T20,Indian Premier League,Royal Challengers Bangalore,3,15,0,1
598018,2013-04-17 00:00:00,2013,T20,Indian Premier League,Pune Warriors,2,108,316,19
598018,2013-04-17 00:00:00,2013,T20,Indian Premier League,Sunrisers Hyderabad,1,119,583,20
598019,2013-04-17 00:00:00,2013,T20,Indian Premier League,Mumbai Indians,2,92,469,19
598019,2013-04-17 00:00:00,2013,T20,Indian Premier League,Rajasthan Royals,1,179,156,20
598020,2013-04-18 00:00:00,2013,T20,Indian Premier League,Chennai Super Kings,1,169,150,20
598020,2013-04-18 00:00:00,2013,T20,Indian Premier League,Delhi Daredevils,2,83,469,18
598021,2013-04-19 00:00:00,2013,T20,Indian Premier League,Kings XI Punjab,1,123,355,20
598021,2013-04-19 00:00:00,2013,T20,Indian Premier League,Sunrisers Hyderabad,2,127,266,19
598022,2013-04-20 00:00:00,2013,T20,Indian Premier League,Chennai Super Kings,2,124,308,20
598022,2013-04-20 00:00:00,2013,T20,Indian Premier League,Kolkata Knight Riders,1,119,469,20
598023,2013-04-20 00:00:00,2013,T20,Indian Premier League,Rajasthan Royals,1,117,371,20
598023,2013-04-20 00:00:00,2013,T20,Indian Premier League,Royal Challengers Bangalore,2,123,194,18
598024,2013-04-21 00:00:00,2013,T20,Indian Premier League,Delhi Daredevils,2,165,10,17
598024,2013-04-21 00:00:00,2013,T20,Indian Premier League,Mumbai Indians,1,161,226,20
598025,2013-04-21 00:00:00,2013,T20,Indian Premier League,Kings XI Punjab,2,186,313,20
598025,2013-04-21 00:00:00,2013,T20,Indian Premier League,Pune Warriors,1,185,117,20
598026,2013-04-22 00:00:00,2013,T20,Indian Premier League,Chennai Super Kings,2,186,203,20
598026,2013-04-22 00:00:00,2013,T20,Indian Premier League,Rajasthan Royals,1,185,214,20
598027,2013-04-23 00:00:00,2013,T20,Indian Premier League,Pune Warriors,2,133,477,20
598027,2013-04-23 00:00:00,2013,T20,Indian Premier League,Royal Challengers Bangalore,1,263,80,20
598028,2013-05-16 00:00:00,2013,T20,Indian Premier League,Delhi Daredevils,2,164,392,20
598028,2013-05-16 00:00:00,2013,T20,Indian Premier League,Kings XI Punjab,1,171,156,20
598029,2013-04-24 00:00:00,2013,T20,Indian Premier League,Kolkata Knight Riders,1,159,255,20
598029,2013-04-24 00:00:00,2013,T20,Indian Premier League,Mumbai Indians,2,162,241,20
598030,2013-04-25 00:00:00,2013,T20,Indian Premier League,Chennai Super Kings,2,160,205,20
598030,2013-04-25 00:00:00,2013,T20,Indian Premier League,Sunrisers Hyderabad,1,159,431,20
598031,2013-04-26 00:00:00,2013,T20,Indian Premier League,Kings XI Punjab,1,149,249,20
598031,2013-04-26 00:00:00,2013,T20,Indian Premier League,Kolkata Knight Riders,2,150,264,19
598032,2013-04-27 00:00:00,2013,T20,Indian Premier League,Rajasthan Royals,2,146,125,18
598032,2013-04-27 00:00:00,2013,T20,Indian Premier League,Sunrisers Hyderabad,1,144,726,20
598033,2013-04-27 00:00:00,2013,T20,Indian Premier League,Mumbai Indians,1,194,262,20
598033,2013-04-27 00:00:00,2013,T20,Indian Premier League,Royal Challengers Bangalore,2,136,470,20
598034,2013-04-28 00:00:00,2013,T20,Indian Premier League,Chennai Super Kings,1,200,93,20
598034,2013-04-28 00:00:00,2013,T20,Indian Premier League,Kolkata Knight Riders,2,186,259,20
598035,2013-04-28 00:00:00,2013,T20,Indian Premier League,Delhi Daredevils,1,164,268,20
598035,2013-04-28 00:00:00,2013,T20,Indian Premier League,Pune Warriors,2,149,145,20
598036,2013-04-29 00:00:00,2013,T20,Indian Premier League,Rajasthan Royals,2,173,236,20
598036,2013-04-29 00:00:00,2013,T20,Indian Premier League,Royal Challengers Bangalore,1,171,272,20
598037,2013-04-29 00:00:00,2013,T20,Indian Premier League,Kings XI Punjab,2,170,576,20
598037,2013-04-29 00:00:00,2013,T20,Indian Premier League,Mumbai Indians,1,174,239,20
598038,2013-04-30 00:00:00,2013,T20,Indian Premier League,Chennai Super Kings,1,164,223,20
598038,2013-04-30 00:00:00,2013,T20,Indian Premier League,Pune Warriors,2,127,603,20
598039,2013-05-01 00:00:00,2013,T20,Indian Premier League,Mumbai Indians,1,129,286,20
598039,2013-05-01 00:00:00,2013,T20,Indian Premier League,Sunrisers Hyderabad,2,130,168,18
598040,2013-05-01 00:00:00,2013,T20,Indian Premier League,Delhi Daredevils,2,137,176,18
598040,2013-05-01 00:00:00,2013,T20,Indian Premier League,Kolkata Knight Riders,1,136,516,20
598041,2013-05-02 00:00:00,2013,T20,Indian Premier League,Chennai Super Kings,1,186,215,20
598041,2013-05-02 00:00:00,2013,T20,Indian Premier League,Kings XI Punjab,2,171,265,20
598042,2013-05-02 00:00:00,2013,T20,Indian Premier League,Pune Warriors,2,170,374,20
598042,2013-05-02 00:00:00,2013,T20,Indian Premier League,Royal Challengers Bangalore,1,187,157,20
598043,2013-05-03 00:00:00,2013,T20,Indian Premier League,Kolkata Knight Riders,2,133,137,18
598043,2013-05-03 00:00:00,2013,T20,Indian Premier League,Rajasthan Royals,1,132,329,20
598044,2013-05-04 00:00:00,2013,T20,Indian Premier League,Delhi Daredevils,1,80,370,20
598044,2013-05-04 00:00:00,2013,T20,Indian Premier League,Sunrisers Hyderabad,2,81,172,14
598045,2013-05-14 00:00:00,2013,T20,Indian Premier League,Kings XI Punjab,2,176,123,19
598045,2013-05-14 00:00:00,2013,T20,Indian Premier League,Royal Challengers Bangalore,1,174,126,20
598046,2013-05-05 00:00:00,2013,T20,Indian Premier League,Chennai Super Kings,2,79,487,16
598046,2013-05-05 00:00:00,2013,T20,Indian Premier League,Mumbai Indians,1,139,306,20
598047,2013-05-05 00:00:00,2013,T20,Indian Premier League,Pune Warriors,1,178,128,20
598047,2013-05-05 00:00:00,2013,T20,Indian Premier League,Rajasthan Royals,2,182,125,20
598048,2013-04-09 00:00:00,2013,T20,Indian Premier League,Royal Challengers Bangalore,2,162,191,18
598048,2013-04-09 00:00:00,2013,T20,Indian Premier League,Sunrisers Hyderabad,1,161,285,20
598049,2013-05-07 00:00:00,2013,T20,Indian Premier League,Delhi Daredevils,1,154,349,20
598049,2013-05-07 00:00:00,2013,T20,Indian Premier League,Rajasthan Royals,2,155,26,18
598050,2013-05-07 00:00:00,2013,T20,Indian Premier League,Kolkata Knight Riders,2,105,404,19
598050,2013-05-07 00:00:00,2013,T20,Indian Premier League,Mumbai Indians,1,170,149,20
598051,2013-05-08 00:00:00,2013,T20,Indian Premier League,Chennai Super Kings,1,223,133,20
598051,2013-05-08 00:00:00,2013,T20,Indian Premier League,Sunrisers Hyderabad,2,146,496,20
598052,2013-05-09 00:00:00,2013,T20,Indian Premier League,Kings XI Punjab,1,145,218,20
598052,2013-05-09 00:00:00,2013,T20,Indian Premier League,Rajasthan Royals,2,147,170,19
598053,2013-05-09 00:00:00,2013,T20,Indian Premier League,Kolkata Knight Riders,1,152,302,20
598053,2013-05-09 00:00:00,2013,T20,Indian Premier League,Pune Warriors,2,106,409,20
598054,2013-05-10 00:00:00,2013,T20,Indian Premier League,Delhi Daredevils,2,179,374,20
598054,2013-05-10 00:00:00,2013,T20,Indian Premier League,Royal Challengers Bangalore,1,183,248,20
598055,2013-05-11 00:00:00,2013,T20,Indian Premier League,Mumbai Indians,2,116,297,19
598055,2013-05-11 00:00:00,2013,T20,Indian Premier League,Pune Warriors,1,112,340,20
598056,2013-05-11 00:00:00,2013,T20,Indian Premier League,Kings XI Punjab,2,120,397,20
598056,2013-05-11 00:00:00,2013,T20,Indian Premier League,Sunrisers Hyderabad,1,150,439,20
598057,2013-05-12 00:00:00,2013,T20,Indian Premier League,Kolkata Knight Riders,2,116,288,20
598057,2013-05-12 00:00:00,2013,T20,Indian Premier League,Royal Challengers Bangalore,1,115,295,20
598058,2013-05-12 00:00:00,2013,T20,Indian Premier League,Chennai Super Kings,1,141,164,20
598058,2013-05-12 00:00:00,2013,T20,Indian Premier League,Rajasthan Royals,2,144,298,18
598059,2013-04-23 00:00:00,2013,T20,Indian Premier League,Delhi Daredevils,1,120,432,20
598059,2013-04-23 00:00:00,2013,T20,Indian Premier League,Kings XI Punjab,2,121,305,17
598060,2013-05-13 00:00:00,2013,T20,Indian Premier League,Mumbai Indians,2,184,187,20
598060,2013-05-13 00:00:00,2013,T20,Indian Premier League,Sunrisers Hyderabad,1,178,157,20
598061,2013-05-15 00:00:00,2013,T20,Indian Premier League,Kolkata Knight Riders,2,163,367,20
598061,2013-05-15 00:00:00,2013,T20,Indian Premier League,Pune Warriors,1,170,138,20
598062,2013-05-14 00:00:00,2013,T20,Indian Premier League,Chennai Super Kings,1,168,222,20
598062,2013-05-14 00:00:00,2013,T20,Indian Premier League,Delhi Daredevils,2,135,528,20
598063,2013-05-15 00:00:00,2013,T20,Indian Premier League,Mumbai Indians,1,166,271,20
598063,2013-05-15 00:00:00,2013,T20,Indian Premier League,Rajasthan Royals,2,152,525,20
598064,2013-05-06 00:00:00,2013,T20,Indian Premier League,Kings XI Punjab,2,194,307,18
598064,2013-05-06 00:00:00,2013,T20,Indian Premier League,Royal Challengers Bangalore,1,190,107,20
598065,2013-05-17 00:00:00,2013,T20,Indian Premier League,Rajasthan Royals,2,113,344,20
598065,2013-05-17 00:00:00,2013,T20,Indian Premier League,Sunrisers Hyderabad,1,136,445,20
598066,2013-05-18 00:00:00,2013,T20,Indian Premier League,Kings XI Punjab,1,183,280,20
598066,2013-05-18 00:00:00,2013,T20,Indian Premier League,Mumbai Indians,2,133,427,20
598067,2013-05-19 00:00:00,2013,T20,Indian Premier League,Delhi Daredevils,2,134,485,20
598067,2013-05-19 00:00:00,2013,T20,Indian Premier League,Pune Warriors,1,172,253,20
598068,2013-05-18 00:00:00,2013,T20,Indian Premier League,Chennai Super Kings,2,82,126,8
598068,2013-05-18 00:00:00,2013,T20,Indian Premier League,Royal Challengers Bangalore,1,106,31,8
598069,2013-05-19 00:00:00,2013,T20,Indian Premier League,Kolkata Knight Riders,1,130,303,20
598069,2013-05-19 00:00:00,2013,T20,Indian Premier League,Sunrisers Hyderabad,2,132,139,19
598070,2013-05-21 00:00:00,2013,T20,Indian Premier League,Chennai Super Kings,1,192,77,20
598070,2013-05-21 00:00:00,2013,T20,Indian Premier League,Mumbai Indians,2,144,323,19
598071,2013-05-22 00:00:00,2013,T20,Indian Premier League,Rajasthan Royals,2,135,411,20
598071,2013-05-22 00:00:00,2013,T20,Indian Premier League,Sunrisers Hyderabad,1,132,353,20
598072,2013-05-24 00:00:00,2013,T20,Indian Premier League,Mumbai Indians,2,169,171,20
598072,2013-05-24 00:00:00,2013,T20,Indian Premier League,Rajasthan Royals,1,165,342,20
598073,2013-05-26 00:00:00,2013,T20,Indian Premier League,Chennai Super Kings,2,125,755,20
598073,2013-05-26 00:00:00,2013,T20,Indian Premier League,Mumbai Indians,1,148,471,20
729279,2014-04-16 00:00:00,2014,T20,Indian Premier League,Kolkata Knight Riders,1,163,167,20
729279,2014-04-16 00:00:00,2014,T20,Indian Premier League,Mumbai Indians,2,122,247,20
729281,2014-04-17 00:00:00,2014,T20,Indian Premier League,Delhi Daredevils,1,145,395,20
729281,2014-04-17 00:00:00,2014,T20,Indian Premier League,Royal Challengers Bangalore,2,146,144,17
729283,2014-04-18 00:00:00,2014,T20,Indian Premier League,Chennai Super Kings,1,205,80,20
729283,2014-04-18 00:00:00,2014,T20,Indian Premier League,Kings XI Punjab,2,206,304,19
729285,2014-04-18 00:00:00,2014,T20,Indian Premier League,Rajasthan Royals,2,135,338,20
729285,2014-04-18 00:00:00,2014,T20,Indian Premier League,Sunrisers Hyderabad,1,133,256,20
729287,2014-04-19 00:00:00,2014,T20,Indian Premier League,Mumbai Indians,1,115,374,20
729287,2014-04-19 00:00:00,2014,T20,Indian Premier League,Royal Challengers Bangalore,2,116,259,18
729289,2014-04-19 00:00:00,2014,T20,Indian Premier League,Delhi Daredevils,2,167,347,20
729289,2014-04-19 00:00:00,2014,T20,Indian Premier League,Kolkata Knight Riders,1,166,327,20
729291,2014-04-20 00:00:00,2014,T20,Indian Premier League,Kings XI Punjab,2,193,237,19
729291,2014-04-20 00:00:00,2014,T20,Indian Premier League,Rajasthan Royals,1,191,281,20
729293,2014-04-21 00:00:00,2014,T20,Indian Premier League,Chennai Super Kings,1,177,231,20
729293,2014-04-21 00:00:00,2014,T20,Indian Premier League,Delhi Daredevils,2,84,365,16
729295,2014-04-22 00:00:00,2014,T20,Indian Premier League,Kings XI Punjab,1,193,193,20
729295,2014-04-22 00:00:00,2014,T20,Indian Premier League,Sunrisers Hyderabad,2,121,512,20
729297,2014-04-23 00:00:00,2014,T20,Indian Premier League,Chennai Super Kings,1,140,418,20
729297,2014-04-23 00:00:00,2014,T20,Indian Premier League,Rajasthan Royals,2,133,546,20
729299,2014-04-24 00:00:00,2014,T20,Indian Premier League,Kolkata Knight Riders,1,150,397,20
729299,2014-04-24 00:00:00,2014,T20,Indian Premier League,Royal Challengers Bangalore,2,148,190,20
729301,2014-04-25 00:00:00,2014,T20,Indian Premier League,Delhi Daredevils,2,180,145,20
729301,2014-04-25 00:00:00,2014,T20,Indian Premier League,Sunrisers Hyderabad,1,184,83,20
729303,2014-04-25 00:00:00,2014,T20,Indian Premier League,Chennai Super Kings,2,142,170,19
729303,2014-04-25 00:00:00,2014,T20,Indian Premier League,Mumbai Indians,1,141,274,20
729305,2014-04-26 00:00:00,2014,T20,Indian Premier League,Rajasthan Royals,2,71,141,13
729305,2014-04-26 00:00:00,2014,T20,Indian Premier League,Royal Challengers Bangalore,1,70,470,15
729307,2014-04-26 00:00:00,2014,T20,Indian Premier League,Kings XI Punjab,1,132,455,20
729307,2014-04-26 00:00:00,2014,T20,Indian Premier League,Kolkata Knight Riders,2,109,448,19
729309,2014-04-27 00:00:00,2014,T20,Indian Premier League,Delhi Daredevils,2,126,154,19
729309,2014-04-27 00:00:00,2014,T20,Indian Premier League,Mumbai Indians,1,125,417,20
729311,2014-04-27 00:00:00,2014,T20,Indian Premier League,Chennai Super Kings,2,146,142,20
729311,2014-04-27 00:00:00,2014,T20,Indian Premier League,Sunrisers Hyderabad,1,145,330,20
729313,2014-04-28 00:00:00,2014,T20,Indian Premier League,Kings XI Punjab,2,127,329,19
729313,2014-04-28 00:00:00,2014,T20,Indian Premier League,Royal Challengers Bangalore,1,124,579,20
729315,2014-04-29 00:00:00,2014,T20,Indian Premier League,Kolkata Knight Riders,2,152,306,20
729315,2014-04-29 00:00:00,2014,T20,Indian Premier League,Kolkata Knight Riders,3,11,7,1
729315,2014-04-29 00:00:00,2014,T20,Indian Premier League,Rajasthan Royals,1,152,225,20
729315,2014-04-29 00:00:00,2014,T20,Indian Premier League,Rajasthan Royals,4,11,0,1
729317,2014-04-30 00:00:00,2014,T20,Indian Premier League,Mumbai Indians,2,157,381,20
729317,2014-04-30 00:00:00,2014,T20,Indian Premier League,Sunrisers Hyderabad,1,172,231,20
733971,2014-05-02 00:00:00,2014,T20,Indian Premier League,Chennai Super Kings,1,148,146,17
733971,2014-05-02 00:00:00,2014,T20,Indian Premier League,Kolkata Knight Riders,2,114,392,17
733973,2014-05-03 00:00:00,2014,T20,Indian Premier League,Kings XI Punjab,1,168,294,20
733973,2014-05-03 00:00:00,2014,T20,Indian Premier League,Mumbai Indians,2,170,315,20
733975,2014-05-03 00:00:00,2014,T20,Indian Premier League,Delhi Daredevils,1,152,258,20
733975,2014-05-03 00:00:00,2014,T20,Indian Premier League,Rajasthan Royals,2,156,173,19
733977,2014-05-04 00:00:00,2014,T20,Indian Premier League,Royal Challengers Bangalore,2,158,405,20
733977,2014-05-04 00:00:00,2014,T20,Indian Premier League,Sunrisers Hyderabad,1,155,297,20
733979,2014-05-05 00:00:00,2014,T20,Indian Premier League,Kolkata Knight Riders,2,160,219,20
733979,2014-05-05 00:00:00,2014,T20,Indian Premier League,Rajasthan Royals,1,170,168,20
733981,2014-05-05 00:00:00,2014,T20,Indian Premier League,Chennai Super Kings,2,181,60,20
733981,2014-05-05 00:00:00,2014,T20,Indian Premier League,Delhi Daredevils,1,178,317,20
733983,2014-05-06 00:00:00,2014,T20,Indian Premier League,Mumbai Indians,1,187,326,20
733983,2014-05-06 00:00:00,2014,T20,Indian Premier League,Royal Challengers Bangalore,2,168,321,20
733985,2014-05-07 00:00:00,2014,T20,Indian Premier League,Delhi Daredevils,1,160,343,20
733985,2014-05-07 00:00:00,2014,T20,Indian Premier League,Kolkata Knight Riders,2,161,47,19
733987,2014-05-07 00:00:00,2014,T20,Indian Premier League,Chennai Super Kings,2,187,325,20
733987,2014-05-07 00:00:00,2014,T20,Indian Premier League,Kings XI Punjab,1,231,231,20
733989,2014-05-08 00:00:00,2014,T20,Indian Premier League,Rajasthan Royals,2,102,514,20
733989,2014-05-08 00:00:00,2014,T20,Indian Premier League,Sunrisers Hyderabad,1,134,405,20
733991,2014-05-09 00:00:00,2014,T20,Indian Premier League,Kings XI Punjab,1,198,339,20
733991,2014-05-09 00:00:00,2014,T20,Indian Premier League,Royal Challengers Bangalore,2,166,580,20
733993,2014-05-10 00:00:00,2014,T20,Indian Premier League,Delhi Daredevils,1,143,308,20
733993,2014-05-10 00:00:00,2014,T20,Indian Premier League,Sunrisers Hyderabad,2,44,27,5
733995,2014-05-10 00:00:00,2014,T20,Indian Premier League,Chennai Super Kings,2,160,229,20
733995,2014-05-10 00:00:00,2014,T20,Indian Premier League,Mumbai Indians,1,157,204,20
733997,2014-05-11 00:00:00,2014,T20,Indian Premier League,Kings XI Punjab,1,149,346,20
733997,2014-05-11 00:00:00,2014,T20,Indian Premier League,Kolkata Knight Riders,2,150,68,18
733999,2014-05-11 00:00:00,2014,T20,Indian Premier League,Rajasthan Royals,2,191,295,19
733999,2014-05-11 00:00:00,2014,T20,Indian Premier League,Royal Challengers Bangalore,1,190,280,20
734001,2014-05-12 00:00:00,2014,T20,Indian Premier League,Mumbai Indians,2,160,141,19
734001,2014-05-12 00:00:00,2014,T20,Indian Premier League,Sunrisers Hyderabad,1,157,166,20
734003,2014-05-13 00:00:00,2014,T20,Indian Premier League,Chennai Super Kings,2,149,313,20
734003,2014-05-13 00:00:00,2014,T20,Indian Premier League,Rajasthan Royals,1,148,249,20
734005,2014-05-13 00:00:00,2014,T20,Indian Premier League,Delhi Daredevils,2,170,416,20
734005,2014-05-13 00:00:00,2014,T20,Indian Premier League,Royal Challengers Bangalore,1,186,261,20
734007,2014-05-14 00:00:00,2014,T20,Indian Premier League,Kings XI Punjab,2,211,276,19
734007,2014-05-14 00:00:00,2014,T20,Indian Premier League,Sunrisers Hyderabad,1,205,162,20
734009,2014-05-14 00:00:00,2014,T20,Indian Premier League,Kolkata Knight Riders,2,142,120,19
734009,2014-05-14 00:00:00,2014,T20,Indian Premier League,Mumbai Indians,1,141,283,20
734011,2014-05-15 00:00:00,2014,T20,Indian Premier League,Delhi Daredevils,2,139,586,20
734011,2014-05-15 00:00:00,2014,T20,Indian Premier League,Rajasthan Royals,1,201,208,20
734013,2014-05-18 00:00:00,2014,T20,Indian Premier League,Chennai Super Kings,1,138,251,20
734013,2014-05-18 00:00:00,2014,T20,Indian Premier League,Royal Challengers Bangalore,2,142,171,20
734015,2014-05-18 00:00:00,2014,T20,Indian Premier League,Kolkata Knight Riders,2,146,194,20
734015,2014-05-18 00:00:00,2014,T20,Indian Premier League,Sunrisers Hyderabad,1,142,393,20
734017,2014-05-19 00:00:00,2014,T20,Indian Premier League,Mumbai Indians,1,178,66,20
734017,2014-05-19 00:00:00,2014,T20,Indian Premier League,Rajasthan Royals,2,153,573,20
734019,2014-05-19 00:00:00,2014,T20,Indian Premier League,Delhi Daredevils,1,164,240,20
734019,2014-05-19 00:00:00,2014,T20,Indian Premier League,Kings XI Punjab,2,165,330,20
734021,2014-05-20 00:00:00,2014,T20,Indian Premier League,Royal Challengers Bangalore,1,160,291,20
734021,2014-05-20 00:00:00,2014,T20,Indian Premier League,Sunrisers Hyderabad,2,161,76,20
734023,2014-05-20 00:00:00,2014,T20,Indian Premier League,Chennai Super Kings,1,154,216,20
734023,2014-05-20 00:00:00,2014,T20,Indian Premier League,Kolkata Knight Riders,2,156,106,18
734025,2014-05-21 00:00:00,2014,T20,Indian Premier League,Kings XI Punjab,1,156,350,20
734025,2014-05-21 00:00:00,2014,T20,Indian Premier League,Mumbai Indians,2,159,134,19
734027,2014-05-22 00:00:00,2014,T20,Indian Premier League,Kolkata Knight Riders,1,195,315,20
734027,2014-05-22 00:00:00,2014,T20,Indian Premier League,Royal Challengers Bangalore,2,165,248,20
734029,2014-05-22 00:00:00,2014,T20,Indian Premier League,Chennai Super Kings,1,185,252,20
734029,2014-05-22 00:00:00,2014,T20,Indian Premier League,Sunrisers Hyderabad,2,189,79,20
734031,2014-05-23 00:00:00,2014,T20,Indian Premier League,Delhi Daredevils,2,158,239,20
734031,2014-05-23 00:00:00,2014,T20,Indian Premier League,Mumbai Indians,1,173,257,20
734033,2014-05-23 00:00:00,2014,T20,Indian Premier League,Kings XI Punjab,1,179,270,20
734033,2014-05-23 00:00:00,2014,T20,Indian Premier League,Rajasthan Royals,2,163,409,20
734035,2014-05-24 00:00:00,2014,T20,Indian Premier League,Chennai Super Kings,2,160,131,18
734035,2014-05-24 00:00:00,2014,T20,Indian Premier League,Royal Challengers Bangalore,1,154,368,20
734037,2014-05-24 00:00:00,2014,T20,Indian Premier League,Kolkata Knight Riders,2,161,187,15
734037,2014-05-24 00:00:00,2014,T20,Indian Premier League,Sunrisers Hyderabad,1,160,307,20
734039,2014-05-25 00:00:00,2014,T20,Indian Premier League,Delhi Daredevils,1,115,390,19
734039,2014-05-25 00:00:00,2014,T20,Indian Premier League,Kings XI Punjab,2,119,148,14
734041,2014-05-25 00:00:00,2014,T20,Indian Premier League,Mumbai Indians,2,195,247,15
734041,2014-05-25 00:00:00,2014,T20,Indian Premier League,Rajasthan Royals,1,189,155,20
734043,2014-05-27 00:00:00,2014,T20,Indian Premier League,Kings XI Punjab,2,135,435,20
734043,2014-05-27 00:00:00,2014,T20,Indian Premier League,Kolkata Knight Riders,1,163,352,20
734045,2014-05-28 00:00:00,2014,T20,Indian Premier League,Chennai Super Kings,2,176,216,19
734045,2014-05-28 00:00:00,2014,T20,Indian Premier League,Mumbai Indians,1,173,173,20
734047,2014-05-30 00:00:00,2014,T20,Indian Premier League,Chennai Super Kings,2,202,489,20
734047,2014-05-30 00:00:00,2014,T20,Indian Premier League,Kings XI Punjab,1,226,129,20
734049,2014-06-01 00:00:00,2014,T20,Indian Premier League,Kings XI Punjab,1,199,224,20
734049,2014-06-01 00:00:00,2014,T20,Indian Premier League,Kolkata Knight Riders,2,200,318,20
829705,2015-04-08 00:00:00,2015,T20,Indian Premier League,Kolkata Knight Riders,2,170,164,19
829705,2015-04-08 00:00:00,2015,T20,Indian Premier League,Mumbai Indians,1,168,296,20
829707,2015-04-09 00:00:00,2015,T20,Indian Premier League,Chennai Super Kings,1,150,387,20
829707,2015-04-09 00:00:00,2015,T20,Indian Premier League,Delhi Daredevils,2,149,453,20
829709,2015-04-10 00:00:00,2015,T20,Indian Premier League,Kings XI Punjab,2,136,480,20
829709,2015-04-10 00:00:00,2015,T20,Indian Premier League,Rajasthan Royals,1,162,476,20
829711,2015-04-11 00:00:00,2015,T20,Indian Premier League,Chennai Super Kings,1,209,124,20
829711,2015-04-11 00:00:00,2015,T20,Indian Premier League,Sunrisers Hyderabad,2,164,312,20
829713,2015-04-11 00:00:00,2015,T20,Indian Premier League,Kolkata Knight Riders,1,177,159,20
829713,2015-04-11 00:00:00,2015,T20,Indian Premier League,Royal Challengers Bangalore,2,179,328,19
829715,2015-04-12 00:00:00,2015,T20,Indian Premier League,Delhi Daredevils,1,184,180,20
829715,2015-04-12 00:00:00,2015,T20,Indian Premier League,Rajasthan Royals,2,186,357,20
829717,2015-04-12 00:00:00,2015,T20,Indian Premier League,Kings XI Punjab,1,177,268,20
829717,2015-04-12 00:00:00,2015,T20,Indian Premier League,Mumbai Indians,2,159,501,20
829719,2015-04-13 00:00:00,2015,T20,Indian Premier League,Royal Challengers Bangalore,1,166,310,20
829719,2015-04-13 00:00:00,2015,T20,Indian Premier League,Sunrisers Hyderabad,2,172,116,18
829721,2015-04-14 00:00:00,2015,T20,Indian Premier League,Mumbai Indians,1,164,250,20
829721,2015-04-14 00:00:00,2015,T20,Indian Premier League,Rajasthan Royals,2,165,161,20
829723,2015-04-30 00:00:00,2015,T20,Indian Premier League,Chennai Super Kings,1,165,524,20
829723,2015-04-30 00:00:00,2015,T20,Indian Premier League,Kolkata Knight Riders,2,169,234,20
829725,2015-04-15 00:00:00,2015,T20,Indian Premier League,Delhi Daredevils,2,169,214,20
829725,2015-04-15 00:00:00,2015,T20,Indian Premier League,Kings XI Punjab,1,165,216,20
829727,2015-04-16 00:00:00,2015,T20,Indian Premier League,Rajasthan Royals,2,131,143,20
829727,2015-04-16 00:00:00,2015,T20,Indian Premier League,Sunrisers Hyderabad,1,127,346,20
829729,2015-04-17 00:00:00,2015,T20,Indian Premier League,Chennai Super Kings,2,189,161,17
829729,2015-04-17 00:00:00,2015,T20,Indian Premier League,Mumbai Indians,1,183,432,20
829731,2015-04-18 00:00:00,2015,T20,Indian Premier League,Delhi Daredevils,1,167,215,20
829731,2015-04-18 00:00:00,2015,T20,Indian Premier League,Sunrisers Hyderabad,2,163,282,20
829733,2015-04-18 00:00:00,2015,T20,Indian Premier League,Kings XI Punjab,1,155,434,20
829733,2015-04-18 00:00:00,2015,T20,Indian Premier League,Kolkata Knight Riders,2,159,372,18
829735,2015-04-19 00:00:00,2015,T20,Indian Premier League,Chennai Super Kings,1,156,356,20
829735,2015-04-19 00:00:00,2015,T20,Indian Premier League,Rajasthan Royals,2,157,16,19
829737,2015-04-19 00:00:00,2015,T20,Indian Premier League,Mumbai Indians,1,209,182,20
829737,2015-04-19 00:00:00,2015,T20,Indian Premier League,Royal Challengers Bangalore,2,191,383,20
829739,2015-04-20 00:00:00,2015,T20,Indian Premier League,Delhi Daredevils,1,146,376,20
829739,2015-04-20 00:00:00,2015,T20,Indian Premier League,Kolkata Knight Riders,2,147,224,19
829741,2015-04-21 00:00:00,2015,T20,Indian Premier League,Kings XI Punjab,2,191,334,20
829741,2015-04-21 00:00:00,2015,T20,Indian Premier League,Kings XI Punjab,3,15,8,1
829741,2015-04-21 00:00:00,2015,T20,Indian Premier League,Rajasthan Royals,1,191,155,20
829741,2015-04-21 00:00:00,2015,T20,Indian Premier League,Rajasthan Royals,4,6,5,1
829743,2015-04-22 00:00:00,2015,T20,Indian Premier League,Kolkata Knight Riders,2,101,115,12
829743,2015-04-22 00:00:00,2015,T20,Indian Premier League,Sunrisers Hyderabad,1,176,78,20
829745,2015-04-22 00:00:00,2015,T20,Indian Premier League,Chennai Super Kings,1,181,331,20
829745,2015-04-22 00:00:00,2015,T20,Indian Premier League,Royal Challengers Bangalore,2,154,410,20
829747,2015-04-23 00:00:00,2015,T20,Indian Premier League,Delhi Daredevils,1,190,166,20
829747,2015-04-23 00:00:00,2015,T20,Indian Premier League,Mumbai Indians,2,153,427,20
829749,2015-04-24 00:00:00,2015,T20,Indian Premier League,Rajasthan Royals,1,130,387,20
829749,2015-04-24 00:00:00,2015,T20,Indian Premier League,Royal Challengers Bangalore,2,134,71,17
829751,2015-04-25 00:00:00,2015,T20,Indian Premier League,Mumbai Indians,1,157,329,20
829751,2015-04-25 00:00:00,2015,T20,Indian Premier League,Sunrisers Hyderabad,2,137,330,20
829753,2015-04-25 00:00:00,2015,T20,Indian Premier League,Chennai Super Kings,1,192,178,20
829753,2015-04-25 00:00:00,2015,T20,Indian Premier League,Kings XI Punjab,2,95,542,20
829757,2015-04-26 00:00:00,2015,T20,Indian Premier League,Delhi Daredevils,1,95,451,19
829757,2015-04-26 00:00:00,2015,T20,Indian Premier League,Royal Challengers Bangalore,2,99,0,11
829759,2015-04-27 00:00:00,2015,T20,Indian Premier League,Kings XI Punjab,2,130,452,20
829759,2015-04-27 00:00:00,2015,T20,Indian Premier League,Sunrisers Hyderabad,1,150,300,20
829761,2015-05-07 00:00:00,2015,T20,Indian Premier League,Delhi Daredevils,2,158,246,20
829761,2015-05-07 00:00:00,2015,T20,Indian Premier League,Kolkata Knight Riders,1,171,280,20
829763,2015-04-29 00:00:00,2015,T20,Indian Premier League,Royal Challengers Bangalore,1,200,375,20
829765,2015-04-28 00:00:00,2015,T20,Indian Premier League,Chennai Super Kings,1,134,352,20
829765,2015-04-28 00:00:00,2015,T20,Indian Premier League,Kolkata Knight Riders,2,132,432,20
829767,2015-05-01 00:00:00,2015,T20,Indian Premier League,Delhi Daredevils,2,119,10,14
829767,2015-05-01 00:00:00,2015,T20,Indian Premier League,Kings XI Punjab,1,118,608,20
829769,2015-05-01 00:00:00,2015,T20,Indian Premier League,Mumbai Indians,1,187,260,20
829769,2015-05-01 00:00:00,2015,T20,Indian Premier League,Rajasthan Royals,2,179,261,20
829771,2015-05-02 00:00:00,2015,T20,Indian Premier League,Kolkata Knight Riders,1,111,81,10
829771,2015-05-02 00:00:00,2015,T20,Indian Premier League,Royal Challengers Bangalore,2,115,85,10
829773,2015-05-02 00:00:00,2015,T20,Indian Premier League,Chennai Super Kings,2,170,398,20
829773,2015-05-02 00:00:00,2015,T20,Indian Premier League,Sunrisers Hyderabad,1,192,226,20
829775,2015-05-03 00:00:00,2015,T20,Indian Premier League,Kings XI Punjab,2,149,305,20
829775,2015-05-03 00:00:00,2015,T20,Indian Premier League,Mumbai Indians,1,172,68,20
829777,2015-05-03 00:00:00,2015,T20,Indian Premier League,Delhi Daredevils,2,175,403,20
829777,2015-05-03 00:00:00,2015,T20,Indian Premier League,Rajasthan Royals,1,189,92,20
829779,2015-05-04 00:00:00,2015,T20,Indian Premier League,Chennai Super Kings,1,148,319,20
829779,2015-05-04 00:00:00,2015,T20,Indian Premier League,Royal Challengers Bangalore,2,124,402,20
829781,2015-05-04 00:00:00,2015,T20,Indian Premier League,Kolkata Knight Riders,1,167,290,20
829781,2015-05-04 00:00:00,2015,T20,Indian Premier League,Sunrisers Hyderabad,2,132,562,20
829783,2015-05-05 00:00:00,2015,T20,Indian Premier League,Delhi Daredevils,1,152,379,20
829783,2015-05-05 00:00:00,2015,T20,Indian Premier League,Mumbai Indians,2,153,444,20
829785,2015-05-06 00:00:00,2015,T20,Indian Premier League,Kings XI Punjab,2,88,438,14
829785,2015-05-06 00:00:00,2015,T20,Indian Premier League,Royal Challengers Bangalore,1,226,90,20
829787,2015-05-07 00:00:00,2015,T20,Indian Premier League,Rajasthan Royals,2,194,413,20
829787,2015-05-07 00:00:00,2015,T20,Indian Premier League,Sunrisers Hyderabad,1,201,216,20
829789,2015-05-08 00:00:00,2015,T20,Indian Premier League,Chennai Super Kings,1,158,261,20
829789,2015-05-08 00:00:00,2015,T20,Indian Premier League,Mumbai Indians,2,159,168,20
829791,2015-05-09 00:00:00,2015,T20,Indian Premier League,Kings XI Punjab,1,183,194,20
829791,2015-05-09 00:00:00,2015,T20,Indian Premier League,Kolkata Knight Riders,2,184,377,20
829793,2015-05-09 00:00:00,2015,T20,Indian Premier League,Delhi Daredevils,2,157,300,20
829793,2015-05-09 00:00:00,2015,T20,Indian Premier League,Sunrisers Hyderabad,1,163,289,20
829795,2015-05-10 00:00:00,2015,T20,Indian Premier League,Mumbai Indians,2,196,268,20
829795,2015-05-10 00:00:00,2015,T20,Indian Premier League,Royal Challengers Bangalore,1,235,106,20
829797,2015-05-10 00:00:00,2015,T20,Indian Premier League,Chennai Super Kings,1,157,266,20
829797,2015-05-10 00:00:00,2015,T20,Indian Premier League,Rajasthan Royals,2,145,371,20
829799,2015-05-11 00:00:00,2015,T20,Indian Premier League,Kings XI Punjab,2,180,429,20
829799,2015-05-11 00:00:00,2015,T20,Indian Premier League,Sunrisers Hyderabad,1,185,192,20
829801,2015-05-12 00:00:00,2015,T20,Indian Premier League,Chennai Super Kings,1,119,279,20
829801,2015-05-12 00:00:00,2015,T20,Indian Premier League,Delhi Daredevils,2,120,188,17
829803,2015-05-13 00:00:00,2015,T20,Indian Premier League,Kings XI Punjab,1,106,158,10
829803,2015-05-13 00:00:00,2015,T20,Indian Premier League,Royal Challengers Bangalore,2,84,129,10
829805,2015-05-14 00:00:00,2015,T20,Indian Premier League,Kolkata Knight Riders,2,166,331,20
829805,2015-05-14 00:00:00,2015,T20,Indian Premier League,Mumbai Indians,1,171,345,20
829807,2015-05-15 00:00:00,2015,T20,Indian Premier League,Royal Challengers Bangalore,2,83,56,6
829807,2015-05-15 00:00:00,2015,T20,Indian Premier League,Sunrisers Hyderabad,1,135,68,11
829809,2015-05-16 00:00:00,2015,T20,Indian Premier League,Chennai Super Kings,2,134,218,17
829809,2015-05-16 00:00:00,2015,T20,Indian Premier League,Kings XI Punjab,1,130,485,20
829811,2015-05-16 00:00:00,2015,T20,Indian Premier League,Kolkata Knight Riders,2,190,506,20
829811,2015-05-16 00:00:00,2015,T20,Indian Premier League,Rajasthan Royals,1,199,239,20
829813,2015-05-17 00:00:00,2015,T20,Indian Premier League,Delhi Daredevils,1,187,239,20
829813,2015-05-17 00:00:00,2015,T20,Indian Premier League,Royal Challengers Bangalore,2,2,0,2
829815,2015-05-17 00:00:00,2015,T20,Indian Premier League,Mumbai Indians,2,114,4,14
829815,2015-05-17 00:00:00,2015,T20,Indian Premier League,Sunrisers Hyderabad,1,113,570,20
829817,2015-05-19 00:00:00,2015,T20,Indian Premier League,Chennai Super Kings,2,162,413,19
829817,2015-05-19 00:00:00,2015,T20,Indian Premier League,Mumbai Indians,1,187,186,20
829819,2015-05-20 00:00:00,2015,T20,Indian Premier League,Rajasthan Royals,2,109,432,19
829819,2015-05-20 00:00:00,2015,T20,Indian Premier League,Royal Challengers Bangalore,1,180,180,20
829821,2015-05-22 00:00:00,2015,T20,Indian Premier League,Chennai Super Kings,2,140,269,20
829821,2015-05-22 00:00:00,2015,T20,Indian Premier League,Royal Challengers Bangalore,1,139,365,20
829823,2015-05-24 00:00:00,2015,T20,Indian Premier League,Chennai Super Kings,2,161,305,20
829823,2015-05-24 00:00:00,2015,T20,Indian Premier League,Mumbai Indians,1,202,227,20
980901,2016-04-09 00:00:00,2016,T20,Indian Premier League,Mumbai Indians,1,121,592,20
980901,2016-04-09 00:00:00,2016,T20,Indian Premier League,Rising Pune Supergiants,2,126,31,15
980903,2016-04-10 00:00:00,2016,T20,Indian Premier League,Delhi Daredevils,1,98,509,18
980903,2016-04-10 00:00:00,2016,T20,Indian Premier League,Kolkata Knight Riders,2,99,29,15
980905,2016-04-11 00:00:00,2016,T20,Indian Premier League,Gujarat Lions,2,162,241,18
980905,2016-04-11 00:00:00,2016,T20,Indian Premier League,Kings XI Punjab,1,161,245,20
980907,2016-04-12 00:00:00,2016,T20,Indian Premier League,Royal Challengers Bangalore,1,227,180,20
980907,2016-04-12 00:00:00,2016,T20,Indian Premier League,Sunrisers Hyderabad,2,182,383,20
980909,2016-04-13 00:00:00,2016,T20,Indian Premier League,Kolkata Knight Riders,1,187,178,20
980909,2016-04-13 00:00:00,2016,T20,Indian Premier League,Mumbai Indians,2,188,187,20
980911,2016-04-14 00:00:00,2016,T20,Indian Premier League,Gujarat Lions,2,164,110,19
980911,2016-04-14 00:00:00,2016,T20,Indian Premier League,Rising Pune Supergiants,1,163,194,20
980913,2016-04-15 00:00:00,2016,T20,Indian Premier League,Delhi Daredevils,2,113,77,14
980913,2016-04-15 00:00:00,2016,T20,Indian Premier League,Kings XI Punjab,1,111,506,20
980915,2016-04-16 00:00:00,2016,T20,Indian Premier League,Kolkata Knight Riders,2,146,67,19
980915,2016-04-16 00:00:00,2016,T20,Indian Premier League,Sunrisers Hyderabad,1,142,388,20
980917,2016-04-16 00:00:00,2016,T20,Indian Premier League,Gujarat Lions,2,147,336,20
980917,2016-04-16 00:00:00,2016,T20,Indian Premier League,Mumbai Indians,1,143,463,20
980919,2016-04-17 00:00:00,2016,T20,Indian Premier League,Kings XI Punjab,2,153,105,19
980919,2016-04-17 00:00:00,2016,T20,Indian Premier League,Rising Pune Supergiants,1,152,272,20
980921,2016-04-17 00:00:00,2016,T20,Indian Premier League,Delhi Daredevils,2,192,207,20
980921,2016-04-17 00:00:00,2016,T20,Indian Premier League,Royal Challengers Bangalore,1,191,231,20
980923,2016-04-18 00:00:00,2016,T20,Indian Premier League,Mumbai Indians,1,142,393,20
980923,2016-04-18 00:00:00,2016,T20,Indian Premier League,Sunrisers Hyderabad,2,145,168,18
980925,2016-04-19 00:00:00,2016,T20,Indian Premier League,Kings XI Punjab,1,138,365,20
980925,2016-04-19 00:00:00,2016,T20,Indian Premier League,Kolkata Knight Riders,2,141,130,18
980927,2016-04-20 00:00:00,2016,T20,Indian Premier League,Mumbai Indians,2,171,201,18
980927,2016-04-20 00:00:00,2016,T20,Indian Premier League,Royal Challengers Bangalore,1,170,272,20
980929,2016-04-21 00:00:00,2016,T20,Indian Premier League,Gujarat Lions,1,135,337,20
980929,2016-04-21 00:00:00,2016,T20,Indian Premier League,Sunrisers Hyderabad,2,137,0,15
980931,2016-04-22 00:00:00,2016,T20,Indian Premier League,Rising Pune Supergiants,2,172,317,20
980931,2016-04-22 00:00:00,2016,T20,Indian Premier League,Royal Challengers Bangalore,1,185,113,20
980933,2016-04-23 00:00:00,2016,T20,Indian Premier League,Delhi Daredevils,1,164,308,20
980933,2016-04-23 00:00:00,2016,T20,Indian Premier League,Mumbai Indians,2,154,282,20
980935,2016-04-23 00:00:00,2016,T20,Indian Premier League,Kings XI Punjab,1,143,375,20
980935,2016-04-23 00:00:00,2016,T20,Indian Premier League,Sunrisers Hyderabad,2,146,140,18
980937,2016-04-24 00:00:00,2016,T20,Indian Premier League,Gujarat Lions,2,182,192,20
980937,2016-04-24 00:00:00,2016,T20,Indian Premier League,Royal Challengers Bangalore,1,180,190,20
980939,2016-04-24 00:00:00,2016,T20,Indian Premier League,Kolkata Knight Riders,2,162,393,20
980939,2016-04-24 00:00:00,2016,T20,Indian Premier League,Rising Pune Supergiants,1,160,206,20
980941,2016-04-25 00:00:00,2016,T20,Indian Premier League,Kings XI Punjab,2,164,291,20
980941,2016-04-25 00:00:00,2016,T20,Indian Premier League,Mumbai Indians,1,189,184,20
980943,2016-04-26 00:00:00,2016,T20,Indian Premier League,Rising Pune Supergiants,2,94,83,11
980943,2016-04-26 00:00:00,2016,T20,Indian Premier League,Sunrisers Hyderabad,1,118,501,20
980945,2016-04-27 00:00:00,2016,T20,Indian Premier League,Delhi Daredevils,2,171,388,20
980945,2016-04-27 00:00:00,2016,T20,Indian Premier League,Gujarat Lions,1,172,240,20
980947,2016-04-28 00:00:00,2016,T20,Indian Premier League,Kolkata Knight Riders,1,174,224,20
980947,2016-04-28 00:00:00,2016,T20,Indian Premier League,Mumbai Indians,2,178,270,18
980949,2016-04-29 00:00:00,2016,T20,Indian Premier League,Gujarat Lions,2,196,189,20
980949,2016-04-29 00:00:00,2016,T20,Indian Premier League,Rising Pune Supergiants,1,195,155,20
980951,2016-04-30 00:00:00,2016,T20,Indian Premier League,Delhi Daredevils,1,186,392,20
980951,2016-04-30 00:00:00,2016,T20,Indian Premier League,Kolkata Knight Riders,2,159,374,19
980953,2016-04-30 00:00:00,2016,T20,Indian Premier League,Royal Challengers Bangalore,2,179,258,20
980953,2016-04-30 00:00:00,2016,T20,Indian Premier League,Sunrisers Hyderabad,1,194,175,20
980955,2016-05-01 00:00:00,2016,T20,Indian Premier League,Gujarat Lions,2,131,554,20
980955,2016-05-01 00:00:00,2016,T20,Indian Premier League,Kings XI Punjab,1,154,374,20
980957,2016-05-01 00:00:00,2016,T20,Indian Premier League,Mumbai Indians,2,161,132,19
980957,2016-05-01 00:00:00,2016,T20,Indian Premier League,Rising Pune Supergiants,1,159,257,20
980959,2016-05-02 00:00:00,2016,T20,Indian Premier League,Kolkata Knight Riders,2,189,350,20
980959,2016-05-02 00:00:00,2016,T20,Indian Premier League,Royal Challengers Bangalore,1,185,249,20
980961,2016-05-03 00:00:00,2016,T20,Indian Premier League,Delhi Daredevils,2,150,42,18
980961,2016-05-03 00:00:00,2016,T20,Indian Premier League,Gujarat Lions,1,149,391,20
980963,2016-05-04 00:00:00,2016,T20,Indian Premier League,Kings XI Punjab,2,157,454,20
980963,2016-05-04 00:00:00,2016,T20,Indian Premier League,Kolkata Knight Riders,1,164,67,20
980965,2016-05-05 00:00:00,2016,T20,Indian Premier League,Delhi Daredevils,1,162,361,20
980965,2016-05-05 00:00:00,2016,T20,Indian Premier League,Rising Pune Supergiants,2,166,118,20
980967,2016-05-06 00:00:00,2016,T20,Indian Premier League,Gujarat Lions,1,126,424,20
980967,2016-05-06 00:00:00,2016,T20,Indian Premier League,Sunrisers Hyderabad,2,129,290,19
980969,2016-05-07 00:00:00,2016,T20,Indian Premier League,Rising Pune Supergiants,1,191,211,20
980969,2016-05-07 00:00:00,2016,T20,Indian Premier League,Royal Challengers Bangalore,2,195,125,20
980971,2016-05-07 00:00:00,2016,T20,Indian Premier League,Delhi Daredevils,2,172,177,20
980971,2016-05-07 00:00:00,2016,T20,Indian Premier League,Kings XI Punjab,1,181,242,20
980973,2016-05-08 00:00:00,2016,T20,Indian Premier League,Mumbai Indians,2,92,592,17
980973,2016-05-08 00:00:00,2016,T20,Indian Premier League,Sunrisers Hyderabad,1,177,119,20
980975,2016-05-08 00:00:00,2016,T20,Indian Premier League,Gujarat Lions,2,164,177,18
980975,2016-05-08 00:00:00,2016,T20,Indian Premier League,Kolkata Knight Riders,1,158,412,20
980977,2016-05-09 00:00:00,2016,T20,Indian Premier League,Kings XI Punjab,2,174,218,20
980977,2016-05-09 00:00:00,2016,T20,Indian Premier League,Royal Challengers Bangalore,1,175,248,20
980979,2016-05-10 00:00:00,2016,T20,Indian Premier League,Rising Pune Supergiants,2,133,348,20
980979,2016-05-10 00:00:00,2016,T20,Indian Premier League,Sunrisers Hyderabad,1,137,229,20
980981,2016-05-11 00:00:00,2016,T20,Indian Premier League,Mumbai Indians,2,153,248,19
980981,2016-05-11 00:00:00,2016,T20,Indian Premier League,Royal Challengers Bangalore,1,151,305,20
980983,2016-05-12 00:00:00,2016,T20,Indian Premier League,Delhi Daredevils,2,150,203,19
980983,2016-05-12 00:00:00,2016,T20,Indian Premier League,Sunrisers Hyderabad,1,146,218,20
980985,2016-05-13 00:00:00,2016,T20,Indian Premier League,Kings XI Punjab,2,127,119,17
980985,2016-05-13 00:00:00,2016,T20,Indian Premier League,Mumbai Indians,1,124,448,20
980987,2016-05-14 00:00:00,2016,T20,Indian Premier League,Gujarat Lions,2,104,572,19
980987,2016-05-14 00:00:00,2016,T20,Indian Premier League,Royal Challengers Bangalore,1,248,103,20
980989,2016-05-14 00:00:00,2016,T20,Indian Premier League,Kolkata Knight Riders,2,66,64,5
980989,2016-05-14 00:00:00,2016,T20,Indian Premier League,Rising Pune Supergiants,1,103,300,18
980991,2016-05-15 00:00:00,2016,T20,Indian Premier League,Kings XI Punjab,1,179,169,20
980991,2016-05-15 00:00:00,2016,T20,Indian Premier League,Sunrisers Hyderabad,2,180,145,20
980993,2016-05-15 00:00:00,2016,T20,Indian Premier League,Delhi Daredevils,2,126,452,20
980993,2016-05-15 00:00:00,2016,T20,Indian Premier League,Mumbai Indians,1,206,146,20
980995,2016-05-16 00:00:00,2016,T20,Indian Premier League,Kolkata Knight Riders,1,183,282,20
980995,2016-05-16 00:00:00,2016,T20,Indian Premier League,Royal Challengers Bangalore,2,186,70,19
980997,2016-05-17 00:00:00,2016,T20,Indian Premier League,Delhi Daredevils,1,121,359,20
980997,2016-05-17 00:00:00,2016,T20,Indian Premier League,Rising Pune Supergiants,2,76,47,11
980999,2016-05-18 00:00:00,2016,T20,Indian Premier League,Kings XI Punjab,2,120,403,14
980999,2016-05-18 00:00:00,2016,T20,Indian Premier League,Royal Challengers Bangalore,1,211,57,15
981001,2016-05-19 00:00:00,2016,T20,Indian Premier League,Gujarat Lions,2,125,257,14
981001,2016-05-19 00:00:00,2016,T20,Indian Premier League,Kolkata Knight Riders,1,124,443,20
981003,2016-05-20 00:00:00,2016,T20,Indian Premier League,Delhi Daredevils,2,161,203,20
981003,2016-05-20 00:00:00,2016,T20,Indian Premier League,Sunrisers Hyderabad,1,158,319,20
981005,2016-05-21 00:00:00,2016,T20,Indian Premier League,Kings XI Punjab,1,172,216,20
981005,2016-05-21 00:00:00,2016,T20,Indian Premier League,Rising Pune Supergiants,2,173,353,20
981007,2016-05-21 00:00:00,2016,T20,Indian Premier League,Gujarat Lions,2,173,244,18
981007,2016-05-21 00:00:00,2016,T20,Indian Premier League,Mumbai Indians,1,172,379,20
981009,2016-05-22 00:00:00,2016,T20,Indian Premier League,Kolkata Knight Riders,1,171,322,20
981009,2016-05-22 00:00:00,2016,T20,Indian Premier League,Sunrisers Hyderabad,2,149,329,20
981011,2016-05-22 00:00:00,2016,T20,Indian Premier League,Delhi Daredevils,1,138,424,20
981011,2016-05-22 00:00:00,2016,T20,Indian Premier League,Royal Challengers Bangalore,2,139,271,19
981013,2016-05-24 00:00:00,2016,T20,Indian Premier League,Gujarat Lions,1,158,458,20
981013,2016-05-24 00:00:00,2016,T20,Indian Premier League,Royal Challengers Bangalore,2,159,514,19
981015,2016-05-25 00:00:00,2016,T20,Indian Premier League,Kolkata Knight Riders,2,140,361,20
981015,2016-05-25 00:00:00,2016,T20,Indian Premier League,Sunrisers Hyderabad,1,162,321,20
981017,2016-05-27 00:00:00,2016,T20,Indian Premier League,Gujarat Lions,1,162,413,20
981017,2016-05-27 00:00:00,2016,T20,Indian Premier League,Sunrisers Hyderabad,2,163,384,20
981019,2016-05-29 00:00:00,2016,T20,Indian Premier League,Royal Challengers Bangalore,2,200,206,20
981019,2016-05-29 00:00:00,2016,T20,Indian Premier League,Sunrisers Hyderabad,1,208,280,20
1082591,2017-04-05 00:00:00,2017,T20,Indian Premier League,Royal Challengers Bangalore,2,172,351,20
1082591,2017-04-05 00:00:00,2017,T20,Indian Premier League,Sunrisers Hyderabad,1,207,215,20
1082592,2017-04-06 00:00:00,2017,T20,Indian Premier League,Mumbai Indians,1,184,413,20
1082592,2017-04-06 00:00:00,2017,T20,Indian Premier League,Rising Pune Supergiant,2,187,192,20
1082593,2017-04-07 00:00:00,2017,T20,Indian Premier League,Gujarat Lions,1,183,238,20
1082593,2017-04-07 00:00:00,2017,T20,Indian Premier League,Kolkata Knight Riders,2,184,0,15
1082594,2017-04-08 00:00:00,2017,T20,Indian Premier League,Kings XI Punjab,2,164,299,19
1082594,2017-04-08 00:00:00,2017,T20,Indian Premier League,Rising Pune Supergiant,1,163,358,20
1082595,2017-04-08 00:00:00,2017,T20,Indian Premier League,Delhi Daredevils,2,142,431,20
1082595,2017-04-08 00:00:00,2017,T20,Indian Premier League,Royal Challengers Bangalore,1,157,339,20
1082596,2017-04-09 00:00:00,2017,T20,Indian Premier League,Gujarat Lions,1,135,384,20
1082596,2017-04-09 00:00:00,2017,T20,Indian Premier League,Sunrisers Hyderabad,2,140,78,16
1082597,2017-04-09 00:00:00,2017,T20,Indian Premier League,Kolkata Knight Riders,1,178,367,20
1082597,2017-04-09 00:00:00,2017,T20,Indian Premier League,Mumbai Indians,2,180,289,20
1082598,2017-04-10 00:00:00,2017,T20,Indian Premier League,Kings XI Punjab,2,150,92,15
1082598,2017-04-10 00:00:00,2017,T20,Indian Premier League,Royal Challengers Bangalore,1,148,359,20
1082599,2017-04-11 00:00:00,2017,T20,Indian Premier League,Delhi Daredevils,1,205,232,20
1082599,2017-04-11 00:00:00,2017,T20,Indian Premier League,Rising Pune Supergiant,2,108,395,17
1082600,2017-04-12 00:00:00,2017,T20,Indian Premier League,Mumbai Indians,2,159,282,19
1082600,2017-04-12 00:00:00,2017,T20,Indian Premier League,Sunrisers Hyderabad,1,158,210,20
1082601,2017-04-13 00:00:00,2017,T20,Indian Premier League,Kings XI Punjab,1,170,332,20
1082601,2017-04-13 00:00:00,2017,T20,Indian Premier League,Kolkata Knight Riders,2,171,110,17
1082602,2017-04-14 00:00:00,2017,T20,Indian Premier League,Mumbai Indians,2,145,501,19
1082602,2017-04-14 00:00:00,2017,T20,Indian Premier League,Royal Challengers Bangalore,1,142,146,20
1082603,2017-04-14 00:00:00,2017,T20,Indian Premier League,Gujarat Lions,2,172,136,18
1082603,2017-04-14 00:00:00,2017,T20,Indian Premier League,Rising Pune Supergiant,1,171,379,20
1082604,2017-04-15 00:00:00,2017,T20,Indian Premier League,Kolkata Knight Riders,1,172,270,20
1082604,2017-04-15 00:00:00,2017,T20,Indian Premier League,Sunrisers Hyderabad,2,155,304,20
1082605,2017-04-15 00:00:00,2017,T20,Indian Premier League,Delhi Daredevils,1,188,315,20
1082605,2017-04-15 00:00:00,2017,T20,Indian Premier League,Kings XI Punjab,2,137,481,20
1082606,2017-04-16 00:00:00,2017,T20,Indian Premier League,Gujarat Lions,1,176,241,20
1082606,2017-04-16 00:00:00,2017,T20,Indian Premier League,Mumbai Indians,2,177,251,20
1082607,2017-04-16 00:00:00,2017,T20,Indian Premier League,Rising Pune Supergiant,1,161,264,20
1082607,2017-04-16 00:00:00,2017,T20,Indian Premier League,Royal Challengers Bangalore,2,134,369,20
1082608,2017-04-17 00:00:00,2017,T20,Indian Premier League,Delhi Daredevils,1,168,271,20
1082608,2017-04-17 00:00:00,2017,T20,Indian Premier League,Kolkata Knight Riders,2,169,387,20
1082609,2017-04-17 00:00:00,2017,T20,Indian Premier League,Kings XI Punjab,2,154,524,20
1082609,2017-04-17 00:00:00,2017,T20,Indian Premier League,Sunrisers Hyderabad,1,159,273,20
1082610,2017-04-18 00:00:00,2017,T20,Indian Premier League,Gujarat Lions,2,192,394,20
1082610,2017-04-18 00:00:00,2017,T20,Indian Premier League,Royal Challengers Bangalore,1,213,72,20
1082611,2017-04-19 00:00:00,2017,T20,Indian Premier League,Delhi Daredevils,2,176,286,20
1082611,2017-04-19 00:00:00,2017,T20,Indian Premier League,Sunrisers Hyderabad,1,191,159,20
1082612,2017-04-20 00:00:00,2017,T20,Indian Premier League,Kings XI Punjab,1,198,199,20
1082612,2017-04-20 00:00:00,2017,T20,Indian Premier League,Mumbai Indians,2,199,78,16
1082613,2017-04-21 00:00:00,2017,T20,Indian Premier League,Gujarat Lions,2,188,310,19
1082613,2017-04-21 00:00:00,2017,T20,Indian Premier League,Kolkata Knight Riders,1,187,171,20
1082614,2017-04-22 00:00:00,2017,T20,Indian Premier League,Delhi Daredevils,2,128,633,20
1082614,2017-04-22 00:00:00,2017,T20,Indian Premier League,Mumbai Indians,1,142,424,20
1082615,2017-04-22 00:00:00,2017,T20,Indian Premier League,Rising Pune Supergiant,2,179,228,20
1082615,2017-04-22 00:00:00,2017,T20,Indian Premier League,Sunrisers Hyderabad,1,176,144,20
1082616,2017-04-23 00:00:00,2017,T20,Indian Premier League,Gujarat Lions,2,162,448,20
1082616,2017-04-23 00:00:00,2017,T20,Indian Premier League,Kings XI Punjab,1,188,278,20
1082617,2017-04-23 00:00:00,2017,T20,Indian Premier League,Kolkata Knight Riders,1,131,478,20
1082617,2017-04-23 00:00:00,2017,T20,Indian Premier League,Royal Challengers Bangalore,2,49,261,10
1082618,2017-04-24 00:00:00,2017,T20,Indian Premier League,Mumbai Indians,2,157,333,20
1082618,2017-04-24 00:00:00,2017,T20,Indian Premier League,Rising Pune Supergiant,1,160,207,20
1082620,2017-04-26 00:00:00,2017,T20,Indian Premier League,Kolkata Knight Riders,2,184,111,19
1082620,2017-04-26 00:00:00,2017,T20,Indian Premier League,Rising Pune Supergiant,1,182,154,20
1082621,2017-04-27 00:00:00,2017,T20,Indian Premier League,Gujarat Lions,2,135,150,14
1082621,2017-04-27 00:00:00,2017,T20,Indian Premier League,Royal Challengers Bangalore,1,134,529,20
1082622,2017-04-28 00:00:00,2017,T20,Indian Premier League,Delhi Daredevils,1,160,206,20
1082622,2017-04-28 00:00:00,2017,T20,Indian Premier League,Kolkata Knight Riders,2,161,129,17
1082623,2017-04-28 00:00:00,2017,T20,Indian Premier League,Kings XI Punjab,2,181,421,20
1082623,2017-04-28 00:00:00,2017,T20,Indian Premier League,Sunrisers Hyderabad,1,207,116,20
1082624,2017-04-29 00:00:00,2017,T20,Indian Premier League,Rising Pune Supergiant,1,157,217,20
1082624,2017-04-29 00:00:00,2017,T20,Indian Premier League,Royal Challengers Bangalore,2,96,527,20
1082625,2017-04-29 00:00:00,2017,T20,Indian Premier League,Gujarat Lions,1,153,528,20
1082625,2017-04-29 00:00:00,2017,T20,Indian Premier League,Gujarat Lions,4,6,0,1
1082625,2017-04-29 00:00:00,2017,T20,Indian Premier League,Mumbai Indians,2,153,296,20
1082625,2017-04-29 00:00:00,2017,T20,Indian Premier League,Mumbai Indians,3,11,3,1
1082626,2017-04-30 00:00:00,2017,T20,Indian Premier League,Delhi Daredevils,1,67,495,18
1082626,2017-04-30 00:00:00,2017,T20,Indian Premier League,Kings XI Punjab,2,68,0,8
1082627,2017-04-30 00:00:00,2017,T20,Indian Premier League,Kolkata Knight Riders,2,161,359,20
1082627,2017-04-30 00:00:00,2017,T20,Indian Premier League,Sunrisers Hyderabad,1,209,71,20
1082628,2017-05-01 00:00:00,2017,T20,Indian Premier League,Mumbai Indians,2,165,336,20
1082628,2017-05-01 00:00:00,2017,T20,Indian Premier League,Royal Challengers Bangalore,1,162,341,20
1082629,2017-05-01 00:00:00,2017,T20,Indian Premier League,Gujarat Lions,1,161,391,20
1082629,2017-05-01 00:00:00,2017,T20,Indian Premier League,Rising Pune Supergiant,2,167,464,20
1082630,2017-05-02 00:00:00,2017,T20,Indian Premier League,Delhi Daredevils,2,189,231,20
1082630,2017-05-02 00:00:00,2017,T20,Indian Premier League,Sunrisers Hyderabad,1,185,220,20
1082631,2017-05-03 00:00:00,2017,T20,Indian Premier League,Kolkata Knight Riders,1,155,442,20
1082631,2017-05-03 00:00:00,2017,T20,Indian Premier League,Rising Pune Supergiant,2,158,325,20
1082632,2017-05-04 00:00:00,2017,T20,Indian Premier League,Delhi Daredevils,2,214,143,18
1082632,2017-05-04 00:00:00,2017,T20,Indian Premier League,Gujarat Lions,1,208,352,20
1082633,2017-05-05 00:00:00,2017,T20,Indian Premier League,Kings XI Punjab,1,138,432,20
1082633,2017-05-05 00:00:00,2017,T20,Indian Premier League,Royal Challengers Bangalore,2,119,535,19
1082634,2017-05-06 00:00:00,2017,T20,Indian Premier League,Rising Pune Supergiant,1,148,304,20
1082634,2017-05-06 00:00:00,2017,T20,Indian Premier League,Sunrisers Hyderabad,2,136,325,20
1082635,2017-05-06 00:00:00,2017,T20,Indian Premier League,Delhi Daredevils,2,66,444,14
1082635,2017-05-06 00:00:00,2017,T20,Indian Premier League,Mumbai Indians,1,212,161,20
1082636,2017-05-07 00:00:00,2017,T20,Indian Premier League,Kolkata Knight Riders,2,159,125,16
1082636,2017-05-07 00:00:00,2017,T20,Indian Premier League,Royal Challengers Bangalore,1,158,371,20
1082637,2017-05-07 00:00:00,2017,T20,Indian Premier League,Gujarat Lions,2,192,151,20
1082637,2017-05-07 00:00:00,2017,T20,Indian Premier League,Kings XI Punjab,1,189,148,20
1082638,2017-05-08 00:00:00,2017,T20,Indian Premier League,Mumbai Indians,1,138,364,20
1082638,2017-05-08 00:00:00,2017,T20,Indian Premier League,Sunrisers Hyderabad,2,140,170,19
1082639,2017-05-09 00:00:00,2017,T20,Indian Premier League,Kings XI Punjab,1,167,313,20
1082639,2017-05-09 00:00:00,2017,T20,Indian Premier League,Kolkata Knight Riders,2,153,276,20
1082640,2017-05-10 00:00:00,2017,T20,Indian Premier League,Delhi Daredevils,2,197,453,20
1082640,2017-05-10 00:00:00,2017,T20,Indian Premier League,Gujarat Lions,1,195,310,20
1082641,2017-05-11 00:00:00,2017,T20,Indian Premier League,Kings XI Punjab,1,230,185,20
1082641,2017-05-11 00:00:00,2017,T20,Indian Premier League,Mumbai Indians,2,223,283,20
1082642,2017-05-12 00:00:00,2017,T20,Indian Premier League,Delhi Daredevils,1,168,405,20
1082642,2017-05-12 00:00:00,2017,T20,Indian Premier League,Rising Pune Supergiant,2,161,351,20
1082643,2017-05-13 00:00:00,2017,T20,Indian Premier League,Gujarat Lions,1,154,249,20
1082643,2017-05-13 00:00:00,2017,T20,Indian Premier League,Sunrisers Hyderabad,2,158,189,19
1082644,2017-05-13 00:00:00,2017,T20,Indian Premier League,Kolkata Knight Riders,2,164,526,20
1082644,2017-05-13 00:00:00,2017,T20,Indian Premier League,Mumbai Indians,1,173,220,20
1082645,2017-05-14 00:00:00,2017,T20,Indian Premier League,Kings XI Punjab,1,73,463,16
1082645,2017-05-14 00:00:00,2017,T20,Indian Premier League,Rising Pune Supergiant,2,78,40,12
1082646,2017-05-14 00:00:00,2017,T20,Indian Premier League,Delhi Daredevils,2,151,406,20
1082646,2017-05-14 00:00:00,2017,T20,Indian Premier League,Royal Challengers Bangalore,1,161,243,20
1082647,2017-05-16 00:00:00,2017,T20,Indian Premier League,Mumbai Indians,2,142,514,20
1082647,2017-05-16 00:00:00,2017,T20,Indian Premier League,Rising Pune Supergiant,1,162,283,20
1082648,2017-05-17 00:00:00,2017,T20,Indian Premier League,Kolkata Knight Riders,2,48,93,6
1082648,2017-05-17 00:00:00,2017,T20,Indian Premier League,Sunrisers Hyderabad,1,128,252,20
1082649,2017-05-19 00:00:00,2017,T20,Indian Premier League,Kolkata Knight Riders,1,107,497,19
1082649,2017-05-19 00:00:00,2017,T20,Indian Premier League,Mumbai Indians,2,111,231,15
1082650,2017-05-21 00:00:00,2017,T20,Indian Premier League,Mumbai Indians,1,129,505,20
1082650,2017-05-21 00:00:00,2017,T20,Indian Premier League,Rising Pune Supergiant,2,128,194,20
1136561,2018-04-07 00:00:00,2018,T20,Indian Premier League,Chennai Super Kings,2,169,507,20
1136561,2018-04-07 00:00:00,2018,T20,Indian Premier League,Mumbai Indians,1,165,290,20
1136562,2018-04-08 00:00:00,2018,T20,Indian Premier League,Delhi Daredevils,1,166,357,20
1136562,2018-04-08 00:00:00,2018,T20,Indian Premier League,Kings XI Punjab,2,167,261,19
1136563,2018-04-08 00:00:00,2018,T20,Indian Premier League,Kolkata Knight Riders,2,177,344,19
1136563,2018-04-08 00:00:00,2018,T20,Indian Premier League,Royal Challengers Bangalore,1,176,267,20
1136564,2018-04-09 00:00:00,2018,T20,Indian Premier League,Rajasthan Royals,1,125,418,20
1136564,2018-04-09 00:00:00,2018,T20,Indian Premier League,Sunrisers Hyderabad,2,127,91,16
1136565,2018-04-10 00:00:00,2018,T20,Indian Premier League,Chennai Super Kings,2,205,250,20
1136565,2018-04-10 00:00:00,2018,T20,Indian Premier League,Kolkata Knight Riders,1,202,428,20
1136566,2018-04-11 00:00:00,2018,T20,Indian Premier League,Delhi Daredevils,2,60,62,6
1136566,2018-04-11 00:00:00,2018,T20,Indian Premier League,Rajasthan Royals,1,153,262,18
1136567,2018-04-12 00:00:00,2018,T20,Indian Premier League,Mumbai Indians,1,147,434,20
1136567,2018-04-12 00:00:00,2018,T20,Indian Premier League,Sunrisers Hyderabad,2,151,377,20
1136568,2018-04-13 00:00:00,2018,T20,Indian Premier League,Kings XI Punjab,1,155,473,20
1136568,2018-04-13 00:00:00,2018,T20,Indian Premier League,Royal Challengers Bangalore,2,159,323,20
1136569,2018-04-14 00:00:00,2018,T20,Indian Premier League,Delhi Daredevils,2,195,184,20
1136569,2018-04-14 00:00:00,2018,T20,Indian Premier League,Mumbai Indians,1,194,218,20
1136570,2018-04-14 00:00:00,2018,T20,Indian Premier League,Kolkata Knight Riders,1,138,372,20
1136570,2018-04-14 00:00:00,2018,T20,Indian Premier League,Sunrisers Hyderabad,2,139,280,19
1136571,2018-04-15 00:00:00,2018,T20,Indian Premier League,Rajasthan Royals,1,217,241,20
1136571,2018-04-15 00:00:00,2018,T20,Indian Premier League,Royal Challengers Bangalore,2,198,350,20
1136572,2018-04-15 00:00:00,2018,T20,Indian Premier League,Chennai Super Kings,2,193,362,20
1136572,2018-04-15 00:00:00,2018,T20,Indian Premier League,Kings XI Punjab,1,197,235,20
1136573,2018-04-16 00:00:00,2018,T20,Indian Premier League,Delhi Daredevils,2,129,363,15
1136573,2018-04-16 00:00:00,2018,T20,Indian Premier League,Kolkata Knight Riders,1,200,320,20
1136574,2018-04-17 00:00:00,2018,T20,Indian Premier League,Mumbai Indians,1,213,360,20
1136574,2018-04-17 00:00:00,2018,T20,Indian Premier League,Royal Challengers Bangalore,2,167,447,20
1136575,2018-04-18 00:00:00,2018,T20,Indian Premier League,Kolkata Knight Riders,2,163,217,19
1136575,2018-04-18 00:00:00,2018,T20,Indian Premier League,Rajasthan Royals,1,160,307,20
1136576,2018-04-19 00:00:00,2018,T20,Indian Premier League,Kings XI Punjab,1,193,153,20
1136576,2018-04-19 00:00:00,2018,T20,Indian Premier League,Sunrisers Hyderabad,2,178,286,20
1136577,2018-04-20 00:00:00,2018,T20,Indian Premier League,Chennai Super Kings,1,204,229,20
1136577,2018-04-20 00:00:00,2018,T20,Indian Premier League,Rajasthan Royals,2,140,465,19
1136578,2018-04-21 00:00:00,2018,T20,Indian Premier League,Kings XI Punjab,2,126,11,12
1136578,2018-04-21 00:00:00,2018,T20,Indian Premier League,Kolkata Knight Riders,1,191,340,20
1136579,2018-04-21 00:00:00,2018,T20,Indian Premier League,Delhi Daredevils,1,174,271,20
1136579,2018-04-21 00:00:00,2018,T20,Indian Premier League,Royal Challengers Bangalore,2,176,243,18
1136580,2018-04-22 00:00:00,2018,T20,Indian Premier League,Chennai Super Kings,1,182,204,20
1136580,2018-04-22 00:00:00,2018,T20,Indian Premier League,Sunrisers Hyderabad,2,178,405,20
1136581,2018-04-22 00:00:00,2018,T20,Indian Premier League,Mumbai Indians,1,167,249,20
1136581,2018-04-22 00:00:00,2018,T20,Indian Premier League,Rajasthan Royals,2,168,303,20
1136582,2018-04-23 00:00:00,2018,T20,Indian Premier League,Delhi Daredevils,2,139,454,20
1136582,2018-04-23 00:00:00,2018,T20,Indian Premier League,Kings XI Punjab,1,143,394,20
1136583,2018-04-24 00:00:00,2018,T20,Indian Premier League,Mumbai Indians,2,87,421,19
1136583,2018-04-24 00:00:00,2018,T20,Indian Premier League,Sunrisers Hyderabad,1,118,559,19
1136584,2018-04-25 00:00:00,2018,T20,Indian Premier League,Chennai Super Kings,2,207,394,20
1136584,2018-04-25 00:00:00,2018,T20,Indian Premier League,Royal Challengers Bangalore,1,205,238,20
1136585,2018-04-26 00:00:00,2018,T20,Indian Premier League,Kings XI Punjab,2,119,323,20
1136585,2018-04-26 00:00:00,2018,T20,Indian Premier League,Sunrisers Hyderabad,1,132,369,20
1136586,2018-04-27 00:00:00,2018,T20,Indian Premier League,Delhi Daredevils,1,219,164,20
1136586,2018-04-27 00:00:00,2018,T20,Indian Premier League,Kolkata Knight Riders,2,164,572,20
1136587,2018-04-28 00:00:00,2018,T20,Indian Premier League,Chennai Super Kings,1,169,191,20
1136587,2018-04-28 00:00:00,2018,T20,Indian Premier League,Mumbai Indians,2,170,86,20
1136588,2018-04-29 00:00:00,2018,T20,Indian Premier League,Rajasthan Royals,2,140,278,20
1136588,2018-04-29 00:00:00,2018,T20,Indian Premier League,Sunrisers Hyderabad,1,151,221,20
1136589,2018-04-29 00:00:00,2018,T20,Indian Premier League,Kolkata Knight Riders,2,176,142,20
1136589,2018-04-29 00:00:00,2018,T20,Indian Premier League,Royal Challengers Bangalore,1,175,220,20
1136590,2018-04-30 00:00:00,2018,T20,Indian Premier League,Chennai Super Kings,1,211,157,20
1136590,2018-04-30 00:00:00,2018,T20,Indian Premier League,Delhi Daredevils,2,198,387,20
1136591,2018-05-01 00:00:00,2018,T20,Indian Premier League,Mumbai Indians,2,153,494,20
1136591,2018-05-01 00:00:00,2018,T20,Indian Premier League,Royal Challengers Bangalore,1,167,259,20
1136592,2018-05-02 00:00:00,2018,T20,Indian Premier League,Delhi Daredevils,1,196,211,18
1136592,2018-05-02 00:00:00,2018,T20,Indian Premier League,Rajasthan Royals,2,146,100,12
1136593,2018-05-03 00:00:00,2018,T20,Indian Premier League,Chennai Super Kings,1,177,244,20
1136593,2018-05-03 00:00:00,2018,T20,Indian Premier League,Kolkata Knight Riders,2,180,306,18
1136594,2018-05-04 00:00:00,2018,T20,Indian Premier League,Kings XI Punjab,1,174,233,20
1136594,2018-05-04 00:00:00,2018,T20,Indian Premier League,Mumbai Indians,2,176,190,19
1136595,2018-05-05 00:00:00,2018,T20,Indian Premier League,Chennai Super Kings,2,128,239,18
1136595,2018-05-05 00:00:00,2018,T20,Indian Premier League,Royal Challengers Bangalore,1,127,481,20
1136596,2018-05-05 00:00:00,2018,T20,Indian Premier League,Delhi Daredevils,1,163,249,20
1136596,2018-05-05 00:00:00,2018,T20,Indian Premier League,Sunrisers Hyderabad,2,164,143,20
1136597,2018-05-06 00:00:00,2018,T20,Indian Premier League,Kolkata Knight Riders,2,168,320,20
1136597,2018-05-06 00:00:00,2018,T20,Indian Premier League,Mumbai Indians,1,181,184,20
1136598,2018-05-06 00:00:00,2018,T20,Indian Premier League,Kings XI Punjab,2,155,267,19
1136598,2018-05-06 00:00:00,2018,T20,Indian Premier League,Rajasthan Royals,1,152,442,20
1136599,2018-05-07 00:00:00,2018,T20,Indian Premier League,Royal Challengers Bangalore,2,141,360,20
1136599,2018-05-07 00:00:00,2018,T20,Indian Premier League,Sunrisers Hyderabad,1,146,345,20
1136600,2018-05-08 00:00:00,2018,T20,Indian Premier League,Kings XI Punjab,2,143,484,20
1136600,2018-05-08 00:00:00,2018,T20,Indian Premier League,Rajasthan Royals,1,158,268,20
1136601,2018-05-09 00:00:00,2018,T20,Indian Premier League,Kolkata Knight Riders,2,108,520,19
1136601,2018-05-09 00:00:00,2018,T20,Indian Premier League,Mumbai Indians,1,210,228,20
1136602,2018-05-10 00:00:00,2018,T20,Indian Premier League,Delhi Daredevils,1,187,317,20
1136602,2018-05-10 00:00:00,2018,T20,Indian Premier League,Sunrisers Hyderabad,2,191,104,19
1136603,2018-05-11 00:00:00,2018,T20,Indian Premier League,Chennai Super Kings,1,176,224,20
1136603,2018-05-11 00:00:00,2018,T20,Indian Premier League,Rajasthan Royals,2,177,311,20
1136604,2018-05-12 00:00:00,2018,T20,Indian Premier League,Kings XI Punjab,2,214,425,20
1136604,2018-05-12 00:00:00,2018,T20,Indian Premier League,Kolkata Knight Riders,1,245,241,20
1136605,2018-05-12 00:00:00,2018,T20,Indian Premier League,Delhi Daredevils,1,181,308,20
1136605,2018-05-12 00:00:00,2018,T20,Indian Premier League,Royal Challengers Bangalore,2,187,285,19
1136606,2018-05-13 00:00:00,2018,T20,Indian Premier League,Chennai Super Kings,2,180,66,19
1136606,2018-05-13 00:00:00,2018,T20,Indian Premier League,Sunrisers Hyderabad,1,179,180,20
1136607,2018-05-13 00:00:00,2018,T20,Indian Premier League,Mumbai Indians,1,168,227,20
1136607,2018-05-13 00:00:00,2018,T20,Indian Premier League,Rajasthan Royals,2,171,140,18
1136608,2018-05-14 00:00:00,2018,T20,Indian Premier League,Kings XI Punjab,1,88,361,16
1136608,2018-05-14 00:00:00,2018,T20,Indian Premier League,Royal Challengers Bangalore,2,92,0,9
1136609,2018-05-15 00:00:00,2018,T20,Indian Premier League,Kolkata Knight Riders,2,145,265,18
1136609,2018-05-15 00:00:00,2018,T20,Indian Premier League,Rajasthan Royals,1,142,412,19
1136610,2018-05-16 00:00:00,2018,T20,Indian Premier League,Kings XI Punjab,2,183,166,20
1136610,2018-05-16 00:00:00,2018,T20,Indian Premier League,Mumbai Indians,1,186,468,20
1136611,2018-05-17 00:00:00,2018,T20,Indian Premier League,Royal Challengers Bangalore,1,218,302,20
1136611,2018-05-17 00:00:00,2018,T20,Indian Premier League,Sunrisers Hyderabad,2,204,175,20
1136612,2018-05-18 00:00:00,2018,T20,Indian Premier League,Chennai Super Kings,2,128,235,20
1136612,2018-05-18 00:00:00,2018,T20,Indian Premier League,Delhi Daredevils,1,162,294,20
1136613,2018-05-19 00:00:00,2018,T20,Indian Premier League,Rajasthan Royals,1,164,208,20
1136613,2018-05-19 00:00:00,2018,T20,Indian Premier League,Royal Challengers Bangalore,2,134,438,20
1136614,2018-05-19 00:00:00,2018,T20,Indian Premier League,Kolkata Knight Riders,2,173,181,20
1136614,2018-05-19 00:00:00,2018,T20,Indian Premier League,Sunrisers Hyderabad,1,172,197,20
1136615,2018-05-20 00:00:00,2018,T20,Indian Premier League,Delhi Daredevils,1,174,299,20
1136615,2018-05-20 00:00:00,2018,T20,Indian Premier League,Mumbai Indians,2,163,472,20
1136616,2018-05-20 00:00:00,2018,T20,Indian Premier League,Chennai Super Kings,2,159,383,20
1136616,2018-05-20 00:00:00,2018,T20,Indian Premier League,Kings XI Punjab,1,153,484,20
1136617,2018-05-22 00:00:00,2018,T20,Indian Premier League,Chennai Super Kings,2,140,506,20
1136617,2018-05-22 00:00:00,2018,T20,Indian Premier League,Sunrisers Hyderabad,1,139,525,20
1136618,2018-05-23 00:00:00,2018,T20,Indian Premier League,Kolkata Knight Riders,1,169,475,20
1136618,2018-05-23 00:00:00,2018,T20,Indian Premier League,Rajasthan Royals,2,144,159,20
1136619,2018-05-25 00:00:00,2018,T20,Indian Premier League,Kolkata Knight Riders,2,160,387,20
1136619,2018-05-25 00:00:00,2018,T20,Indian Premier League,Sunrisers Hyderabad,1,174,298,20
1136620,2018-05-27 00:00:00,2018,T20,Indian Premier League,Chennai Super Kings,2,181,123,19
1136620,2018-05-27 00:00:00,2018,T20,Indian Premier League,Sunrisers Hyderabad,1,178,292,20
1175356,2019-03-23 00:00:00,2019,T20,Indian Premier League,Chennai Super Kings,2,71,175,18
1175356,2019-03-23 00:00:00,2019,T20,Indian Premier League,Royal Challengers Bangalore,1,70,423,18
1175357,2019-03-24 00:00:00,2019,T20,Indian Premier League,Kolkata Knight Riders,2,183,234,20
1175357,2019-03-24 00:00:00,2019,T20,Indian Premier League,Sunrisers Hyderabad,1,181,85,20
1175358,2019-03-24 00:00:00,2019,T20,Indian Premier League,Delhi Capitals,1,213,332,20
1175358,2019-03-24 00:00:00,2019,T20,Indian Premier League,Mumbai Indians,2,176,453,20
1175359,2019-03-25 00:00:00,2019,T20,Indian Premier League,Kings XI Punjab,1,184,232,20
1175359,2019-03-25 00:00:00,2019,T20,Indian Premier League,Rajasthan Royals,2,170,215,20
1175360,2019-03-26 00:00:00,2019,T20,Indian Premier League,Chennai Super Kings,2,150,250,20
1175360,2019-03-26 00:00:00,2019,T20,Indian Premier League,Delhi Capitals,1,147,247,20
1175361,2019-03-27 00:00:00,2019,T20,Indian Premier League,Kings XI Punjab,2,190,323,20
1175361,2019-03-27 00:00:00,2019,T20,Indian Premier League,Kolkata Knight Riders,1,218,250,20
1175362,2019-03-28 00:00:00,2019,T20,Indian Premier League,Mumbai Indians,1,187,301,20
1175362,2019-03-28 00:00:00,2019,T20,Indian Premier League,Royal Challengers Bangalore,2,181,263,20
1175363,2019-03-29 00:00:00,2019,T20,Indian Premier League,Rajasthan Royals,1,198,131,20
1175363,2019-03-29 00:00:00,2019,T20,Indian Premier League,Sunrisers Hyderabad,2,201,194,19
1175364,2019-03-30 00:00:00,2019,T20,Indian Premier League,Kings XI Punjab,2,177,111,19
1175364,2019-03-30 00:00:00,2019,T20,Indian Premier League,Mumbai Indians,1,176,294,20
1175365,2019-03-30 00:00:00,2019,T20,Indian Premier League,Delhi Capitals,2,185,186,20
1175365,2019-03-30 00:00:00,2019,T20,Indian Premier League,Delhi Capitals,3,10,4,1
1175365,2019-03-30 00:00:00,2019,T20,Indian Premier League,Kolkata Knight Riders,1,185,448,20
1175365,2019-03-30 00:00:00,2019,T20,Indian Premier League,Kolkata Knight Riders,4,7,4,1
1175366,2019-03-31 00:00:00,2019,T20,Indian Premier League,Royal Challengers Bangalore,2,113,630,20
1175366,2019-03-31 00:00:00,2019,T20,Indian Premier League,Sunrisers Hyderabad,1,231,39,20
1175367,2019-03-31 00:00:00,2019,T20,Indian Premier League,Chennai Super Kings,1,175,374,20
1175367,2019-03-31 00:00:00,2019,T20,Indian Premier League,Rajasthan Royals,2,167,475,20
1175368,2019-04-01 00:00:00,2019,T20,Indian Premier League,Delhi Capitals,2,152,319,20
1175368,2019-04-01 00:00:00,2019,T20,Indian Premier League,Kings XI Punjab,1,166,395,20
1175369,2019-04-02 00:00:00,2019,T20,Indian Premier League,Rajasthan Royals,2,164,130,20
1175369,2019-04-02 00:00:00,2019,T20,Indian Premier League,Royal Challengers Bangalore,1,158,232,20
1175370,2019-04-03 00:00:00,2019,T20,Indian Premier League,Chennai Super Kings,2,133,448,20
1175370,2019-04-03 00:00:00,2019,T20,Indian Premier League,Mumbai Indians,1,170,309,20
1175371,2019-04-04 00:00:00,2019,T20,Indian Premier League,Delhi Capitals,1,129,404,20
1175371,2019-04-04 00:00:00,2019,T20,Indian Premier League,Sunrisers Hyderabad,2,131,214,19
1175372,2019-04-05 00:00:00,2019,T20,Indian Premier League,Kolkata Knight Riders,2,206,265,20
1175372,2019-04-05 00:00:00,2019,T20,Indian Premier League,Royal Challengers Bangalore,1,205,106,20
1178393,2019-04-06 00:00:00,2019,T20,Indian Premier League,Chennai Super Kings,1,160,164,20
1178393,2019-04-06 00:00:00,2019,T20,Indian Premier League,Kings XI Punjab,2,138,254,20
1178394,2019-04-06 00:00:00,2019,T20,Indian Premier League,Mumbai Indians,1,136,413,20
1178394,2019-04-06 00:00:00,2019,T20,Indian Premier League,Sunrisers Hyderabad,2,96,363,18
1178395,2019-04-07 00:00:00,2019,T20,Indian Premier League,Delhi Capitals,2,152,242,19
1178395,2019-04-07 00:00:00,2019,T20,Indian Premier League,Royal Challengers Bangalore,1,149,350,20
1178396,2019-04-07 00:00:00,2019,T20,Indian Premier League,Kolkata Knight Riders,2,140,54,14
1178396,2019-04-07 00:00:00,2019,T20,Indian Premier League,Rajasthan Royals,1,139,203,20
1178397,2019-04-08 00:00:00,2019,T20,Indian Premier League,Kings XI Punjab,2,151,136,20
1178397,2019-04-08 00:00:00,2019,T20,Indian Premier League,Sunrisers Hyderabad,1,150,215,20
1178398,2019-04-09 00:00:00,2019,T20,Indian Premier League,Chennai Super Kings,2,111,192,18
1178398,2019-04-09 00:00:00,2019,T20,Indian Premier League,Kolkata Knight Riders,1,108,649,20
1178399,2019-04-10 00:00:00,2019,T20,Indian Premier League,Kings XI Punjab,1,197,116,20
1178399,2019-04-10 00:00:00,2019,T20,Indian Premier League,Mumbai Indians,2,198,383,20
1178400,2019-04-11 00:00:00,2019,T20,Indian Premier League,Chennai Super Kings,2,155,448,20
1178400,2019-04-11 00:00:00,2019,T20,Indian Premier League,Rajasthan Royals,1,151,463,20
1178401,2019-04-12 00:00:00,2019,T20,Indian Premier League,Delhi Capitals,2,180,191,19
1178401,2019-04-12 00:00:00,2019,T20,Indian Premier League,Kolkata Knight Riders,1,178,323,20
1178402,2019-04-13 00:00:00,2019,T20,Indian Premier League,Mumbai Indians,1,187,149,20
1178402,2019-04-13 00:00:00,2019,T20,Indian Premier League,Rajasthan Royals,2,188,171,20
1178403,2019-04-13 00:00:00,2019,T20,Indian Premier League,Kings XI Punjab,1,173,248,20
1178403,2019-04-13 00:00:00,2019,T20,Indian Premier League,Royal Challengers Bangalore,2,174,119,20
1178404,2019-04-14 00:00:00,2019,T20,Indian Premier League,Chennai Super Kings,2,162,334,20
1178404,2019-04-14 00:00:00,2019,T20,Indian Premier League,Kolkata Knight Riders,1,161,309,20
1178405,2019-04-14 00:00:00,2019,T20,Indian Premier League,Delhi Capitals,1,155,366,20
1178405,2019-04-14 00:00:00,2019,T20,Indian Premier League,Sunrisers Hyderabad,2,116,190,19
1178406,2019-04-15 00:00:00,2019,T20,Indian Premier League,Mumbai Indians,2,172,240,19
1178406,2019-04-15 00:00:00,2019,T20,Indian Premier League,Royal Challengers Bangalore,1,171,230,20
1178407,2019-04-16 00:00:00,2019,T20,Indian Premier League,Kings XI Punjab,1,182,201,20
1178407,2019-04-16 00:00:00,2019,T20,Indian Premier League,Rajasthan Royals,2,170,234,20
1178408,2019-04-17 00:00:00,2019,T20,Indian Premier League,Chennai Super Kings,1,132,249,20
1178408,2019-04-17 00:00:00,2019,T20,Indian Premier League,Sunrisers Hyderabad,2,137,164,17
1178409,2019-04-18 00:00:00,2019,T20,Indian Premier League,Delhi Capitals,2,128,382,20
1178409,2019-04-18 00:00:00,2019,T20,Indian Premier League,Mumbai Indians,1,168,267,20
1178410,2019-04-19 00:00:00,2019,T20,Indian Premier League,Kolkata Knight Riders,2,203,385,20
1178410,2019-04-19 00:00:00,2019,T20,Indian Premier League,Royal Challengers Bangalore,1,213,204,20
1178411,2019-04-20 00:00:00,2019,T20,Indian Premier League,Mumbai Indians,1,161,214,20
1178411,2019-04-20 00:00:00,2019,T20,Indian Premier League,Rajasthan Royals,2,162,251,20
1178412,2019-04-20 00:00:00,2019,T20,Indian Premier League,Delhi Capitals,2,166,192,20
1178412,2019-04-20 00:00:00,2019,T20,Indian Premier League,Kings XI Punjab,1,163,411,20
1178413,2019-04-21 00:00:00,2019,T20,Indian Premier League,Kolkata Knight Riders,1,159,421,20
1178413,2019-04-21 00:00:00,2019,T20,Indian Premier League,Sunrisers Hyderabad,2,161,18,15
1178414,2019-04-21 00:00:00,2019,T20,Indian Premier League,Chennai Super Kings,2,160,498,20
1178414,2019-04-21 00:00:00,2019,T20,Indian Premier League,Royal Challengers Bangalore,1,161,295,20
1178415,2019-04-22 00:00:00,2019,T20,Indian Premier League,Delhi Capitals,2,193,164,20
1178415,2019-04-22 00:00:00,2019,T20,Indian Premier League,Rajasthan Royals,1,191,215,20
1178416,2019-04-23 00:00:00,2019,T20,Indian Premier League,Chennai Super Kings,2,176,187,20
1178416,2019-04-23 00:00:00,2019,T20,Indian Premier League,Sunrisers Hyderabad,1,175,161,20
1178417,2019-04-24 00:00:00,2019,T20,Indian Premier League,Kings XI Punjab,2,185,259,20
1178417,2019-04-24 00:00:00,2019,T20,Indian Premier League,Royal Challengers Bangalore,1,202,336,20
1178418,2019-04-25 00:00:00,2019,T20,Indian Premier League,Kolkata Knight Riders,1,175,384,20
1178418,2019-04-25 00:00:00,2019,T20,Indian Premier League,Rajasthan Royals,2,177,384,20
1178419,2019-04-26 00:00:00,2019,T20,Indian Premier League,Chennai Super Kings,2,109,471,18
1178419,2019-04-26 00:00:00,2019,T20,Indian Premier League,Mumbai Indians,1,155,223,20
1178420,2019-04-27 00:00:00,2019,T20,Indian Premier League,Rajasthan Royals,2,161,126,20
1178420,2019-04-27 00:00:00,2019,T20,Indian Premier League,Sunrisers Hyderabad,1,160,270,20
1178421,2019-04-28 00:00:00,2019,T20,Indian Premier League,Delhi Capitals,1,187,227,20
1178421,2019-04-28 00:00:00,2019,T20,Indian Premier League,Royal Challengers Bangalore,2,171,330,20
1178422,2019-04-28 00:00:00,2019,T20,Indian Premier League,Kolkata Knight Riders,1,232,101,20
1178422,2019-04-28 00:00:00,2019,T20,Indian Premier League,Mumbai Indians,2,198,425,20
1178423,2019-04-29 00:00:00,2019,T20,Indian Premier League,Kings XI Punjab,2,167,353,20
1178423,2019-04-29 00:00:00,2019,T20,Indian Premier League,Sunrisers Hyderabad,1,212,180,20
1178424,2019-04-30 00:00:00,2019,T20,Indian Premier League,Rajasthan Royals,2,41,1,4
1178424,2019-04-30 00:00:00,2019,T20,Indian Premier League,Royal Challengers Bangalore,1,62,92,5
1178425,2019-05-01 00:00:00,2019,T20,Indian Premier League,Chennai Super Kings,1,179,194,20
1178425,2019-05-01 00:00:00,2019,T20,Indian Premier League,Delhi Capitals,2,99,408,17
1178426,2019-05-02 00:00:00,2019,T20,Indian Premier League,Mumbai Indians,1,162,221,20
1178426,2019-05-02 00:00:00,2019,T20,Indian Premier League,Mumbai Indians,4,9,0,1
1178426,2019-05-02 00:00:00,2019,T20,Indian Premier League,Sunrisers Hyderabad,2,162,346,20
1178426,2019-05-02 00:00:00,2019,T20,Indian Premier League,Sunrisers Hyderabad,3,8,5,1
1178427,2019-05-03 00:00:00,2019,T20,Indian Premier League,Kings XI Punjab,1,183,328,20
1178427,2019-05-03 00:00:00,2019,T20,Indian Premier League,Kolkata Knight Riders,2,185,150,18
1178428,2019-05-04 00:00:00,2019,T20,Indian Premier League,Delhi Capitals,2,121,236,17
1178428,2019-05-04 00:00:00,2019,T20,Indian Premier League,Rajasthan Royals,1,115,592,20
1178429,2019-05-04 00:00:00,2019,T20,Indian Premier League,Royal Challengers Bangalore,2,178,365,20
1178429,2019-05-04 00:00:00,2019,T20,Indian Premier League,Sunrisers Hyderabad,1,175,359,20
1178430,2019-05-05 00:00:00,2019,T20,Indian Premier League,Chennai Super Kings,1,170,134,20
1178430,2019-05-05 00:00:00,2019,T20,Indian Premier League,Kings XI Punjab,2,173,140,18
1178431,2019-05-05 00:00:00,2019,T20,Indian Premier League,Kolkata Knight Riders,1,133,294,20
1178431,2019-05-05 00:00:00,2019,T20,Indian Premier League,Mumbai Indians,2,134,62,17
1181764,2019-05-07 00:00:00,2019,T20,Indian Premier League,Chennai Super Kings,1,131,352,20
1181764,2019-05-07 00:00:00,2019,T20,Indian Premier League,Mumbai Indians,2,132,262,19
1181766,2019-05-08 00:00:00,2019,T20,Indian Premier League,Delhi Capitals,2,165,288,20
1181766,2019-05-08 00:00:00,2019,T20,Indian Premier League,Sunrisers Hyderabad,1,162,298,20
1181767,2019-05-10 00:00:00,2019,T20,Indian Premier League,Chennai Super Kings,2,151,117,19
1181767,2019-05-10 00:00:00,2019,T20,Indian Premier League,Delhi Capitals,1,147,423,20
1181768,2019-05-12 00:00:00,2019,T20,Indian Premier League,Chennai Super Kings,2,148,286,20
1181768,2019-05-12 00:00:00,2019,T20,Indian Premier League,Mumbai Indians,1,149,340,20
1216492,2020-09-19 00:00:00,2020,T20,Indian Premier League,Chennai Super Kings,2,166,265,20
1216492,2020-09-19 00:00:00,2020,T20,Indian Premier League,Mumbai Indians,1,162,360,20
1216493,2020-09-20 00:00:00,2020,T20,Indian Premier League,Delhi Capitals,1,157,452,20
1216493,2020-09-20 00:00:00,2020,T20,Indian Premier League,Delhi Capitals,4,3,0,1
1216493,2020-09-20 00:00:00,2020,T20,Indian Premier League,Kings XI Punjab,2,157,444,20
1216493,2020-09-20 00:00:00,2020,T20,Indian Premier League,Kings XI Punjab,3,2,3,1
1216494,2020-10-21 00:00:00,2020,T20,Indian Premier League,Kolkata Knight Riders,1,84,573,20
1216494,2020-10-21 00:00:00,2020,T20,Indian Premier League,Royal Challengers Bangalore,2,85,86,14
1216495,2020-11-03 00:00:00,2020,T20,Indian Premier League,Mumbai Indians,1,149,395,20
1216495,2020-11-03 00:00:00,2020,T20,Indian Premier League,Sunrisers Hyderabad,2,151,0,18
1216496,2020-09-22 00:00:00,2020,T20,Indian Premier League,Chennai Super Kings,2,200,352,20
1216496,2020-09-22 00:00:00,2020,T20,Indian Premier League,Rajasthan Royals,1,216,324,20
1216497,2020-10-24 00:00:00,2020,T20,Indian Premier League,Delhi Capitals,2,135,439,20
1216497,2020-10-24 00:00:00,2020,T20,Indian Premier League,Kolkata Knight Riders,1,194,312,20
1216498,2020-10-24 00:00:00,2020,T20,Indian Premier League,Kings XI Punjab,1,126,335,20
1216498,2020-10-24 00:00:00,2020,T20,Indian Premier League,Sunrisers Hyderabad,2,114,292,20
1216499,2020-10-28 00:00:00,2020,T20,Indian Premier League,Mumbai Indians,2,166,258,20
1216499,2020-10-28 00:00:00,2020,T20,Indian Premier League,Royal Challengers Bangalore,1,164,229,20
1216500,2020-10-09 00:00:00,2020,T20,Indian Premier League,Delhi Capitals,1,184,452,20
1216500,2020-10-09 00:00:00,2020,T20,Indian Premier League,Rajasthan Royals,2,138,450,20
1216501,2020-10-07 00:00:00,2020,T20,Indian Premier League,Chennai Super Kings,2,157,231,20
1216501,2020-10-07 00:00:00,2020,T20,Indian Premier League,Kolkata Knight Riders,1,167,339,20
1216502,2020-10-31 00:00:00,2020,T20,Indian Premier League,Royal Challengers Bangalore,1,120,351,20
1216502,2020-10-31 00:00:00,2020,T20,Indian Premier League,Sunrisers Hyderabad,2,121,167,15
1216503,2020-10-01 00:00:00,2020,T20,Indian Premier League,Kings XI Punjab,2,143,386,20
1216503,2020-10-01 00:00:00,2020,T20,Indian Premier League,Mumbai Indians,1,191,293,20
1216504,2020-09-30 00:00:00,2020,T20,Indian Premier League,Kolkata Knight Riders,1,174,330,20
1216504,2020-09-30 00:00:00,2020,T20,Indian Premier League,Rajasthan Royals,2,137,582,20
1216505,2020-11-02 00:00:00,2020,T20,Indian Premier League,Delhi Capitals,2,154,181,19
1216505,2020-11-02 00:00:00,2020,T20,Indian Premier League,Royal Challengers Bangalore,1,152,213,20
1216506,2020-11-01 00:00:00,2020,T20,Indian Premier League,Chennai Super Kings,2,154,56,19
1216506,2020-11-01 00:00:00,2020,T20,Indian Premier League,Kings XI Punjab,1,153,313,20
1216507,2020-10-11 00:00:00,2020,T20,Indian Premier League,Rajasthan Royals,2,163,428,20
1216507,2020-10-11 00:00:00,2020,T20,Indian Premier League,Sunrisers Hyderabad,1,158,149,20
1216508,2020-09-23 00:00:00,2020,T20,Indian Premier League,Kolkata Knight Riders,2,146,415,20
1216508,2020-09-23 00:00:00,2020,T20,Indian Premier League,Mumbai Indians,1,195,248,20
1216509,2020-10-17 00:00:00,2020,T20,Indian Premier League,Chennai Super Kings,1,179,236,20
1216509,2020-10-17 00:00:00,2020,T20,Indian Premier League,Delhi Capitals,2,185,313,20
1216510,2020-09-24 00:00:00,2020,T20,Indian Premier League,Kings XI Punjab,1,206,155,20
1216510,2020-09-24 00:00:00,2020,T20,Indian Premier League,Royal Challengers Bangalore,2,109,476,17
1216511,2020-10-06 00:00:00,2020,T20,Indian Premier League,Mumbai Indians,1,193,275,20
1216511,2020-10-06 00:00:00,2020,T20,Indian Premier League,Rajasthan Royals,2,136,453,19
1216512,2020-10-18 00:00:00,2020,T20,Indian Premier League,Kolkata Knight Riders,1,163,219,20
1216512,2020-10-18 00:00:00,2020,T20,Indian Premier League,Kolkata Knight Riders,4,3,0,1
1216512,2020-10-18 00:00:00,2020,T20,Indian Premier League,Sunrisers Hyderabad,2,163,316,20
1216512,2020-10-18 00:00:00,2020,T20,Indian Premier League,Sunrisers Hyderabad,3,2,4,1
1216513,2020-10-04 00:00:00,2020,T20,Indian Premier League,Chennai Super Kings,2,181,0,18
1216513,2020-10-04 00:00:00,2020,T20,Indian Premier League,Kings XI Punjab,1,178,160,20
1216514,2020-10-03 00:00:00,2020,T20,Indian Premier League,Rajasthan Royals,1,154,420,20
1216514,2020-10-03 00:00:00,2020,T20,Indian Premier League,Royal Challengers Bangalore,2,158,123,20
1216515,2020-10-03 00:00:00,2020,T20,Indian Premier League,Delhi Capitals,1,228,155,20
1216515,2020-10-03 00:00:00,2020,T20,Indian Premier League,Kolkata Knight Riders,2,210,416,20
1216516,2020-10-02 00:00:00,2020,T20,Indian Premier League,Chennai Super Kings,2,157,377,20
1216516,2020-10-02 00:00:00,2020,T20,Indian Premier League,Sunrisers Hyderabad,1,164,343,20
1216517,2020-10-18 00:00:00,2020,T20,Indian Premier League,Kings XI Punjab,2,176,273,20
1216517,2020-10-18 00:00:00,2020,T20,Indian Premier League,Kings XI Punjab,3,5,6,1
1216517,2020-10-18 00:00:00,2020,T20,Indian Premier League,Kings XI Punjab,6,15,0,1
1216517,2020-10-18 00:00:00,2020,T20,Indian Premier League,Mumbai Indians,1,176,382,20
1216517,2020-10-18 00:00:00,2020,T20,Indian Premier League,Mumbai Indians,4,5,1,1
1216517,2020-10-18 00:00:00,2020,T20,Indian Premier League,Mumbai Indians,5,11,3,1
1216518,2020-10-22 00:00:00,2020,T20,Indian Premier League,Rajasthan Royals,1,154,262,20
1216518,2020-10-22 00:00:00,2020,T20,Indian Premier League,Sunrisers Hyderabad,2,156,209,19
1216519,2020-10-05 00:00:00,2020,T20,Indian Premier League,Delhi Capitals,1,196,225,20
1216519,2020-10-05 00:00:00,2020,T20,Indian Premier League,Royal Challengers Bangalore,2,137,461,20
1216520,2020-10-26 00:00:00,2020,T20,Indian Premier League,Kings XI Punjab,2,150,72,19
1216520,2020-10-26 00:00:00,2020,T20,Indian Premier League,Kolkata Knight Riders,1,149,541,20
1216521,2020-10-23 00:00:00,2020,T20,Indian Premier League,Chennai Super Kings,1,114,743,20
1216521,2020-10-23 00:00:00,2020,T20,Indian Premier League,Mumbai Indians,2,116,0,13
1216522,2020-10-17 00:00:00,2020,T20,Indian Premier League,Rajasthan Royals,1,177,289,20
1216522,2020-10-17 00:00:00,2020,T20,Indian Premier League,Royal Challengers Bangalore,2,179,196,20
1216523,2020-10-10 00:00:00,2020,T20,Indian Premier League,Kings XI Punjab,2,162,70,20
1216523,2020-10-10 00:00:00,2020,T20,Indian Premier League,Kolkata Knight Riders,1,164,305,20
1216524,2020-10-27 00:00:00,2020,T20,Indian Premier League,Delhi Capitals,2,131,511,19
1216524,2020-10-27 00:00:00,2020,T20,Indian Premier League,Sunrisers Hyderabad,1,219,105,20
1216525,2020-10-10 00:00:00,2020,T20,Indian Premier League,Chennai Super Kings,2,132,308,20
1216525,2020-10-10 00:00:00,2020,T20,Indian Premier League,Royal Challengers Bangalore,1,169,277,20
1216526,2020-10-16 00:00:00,2020,T20,Indian Premier League,Kolkata Knight Riders,1,148,404,20
1216526,2020-10-16 00:00:00,2020,T20,Indian Premier League,Mumbai Indians,2,149,60,17
1216527,2020-09-27 00:00:00,2020,T20,Indian Premier League,Kings XI Punjab,1,223,37,20
1216527,2020-09-27 00:00:00,2020,T20,Indian Premier League,Rajasthan Royals,2,226,208,20
1216528,2020-10-13 00:00:00,2020,T20,Indian Premier League,Chennai Super Kings,1,167,270,20
1216528,2020-10-13 00:00:00,2020,T20,Indian Premier League,Sunrisers Hyderabad,2,147,356,20
1216529,2020-10-11 00:00:00,2020,T20,Indian Premier League,Delhi Capitals,1,162,278,20
1216529,2020-10-11 00:00:00,2020,T20,Indian Premier League,Mumbai Indians,2,166,227,20
1216530,2020-11-01 00:00:00,2020,T20,Indian Premier League,Kolkata Knight Riders,1,191,388,20
1216530,2020-11-01 00:00:00,2020,T20,Indian Premier League,Rajasthan Royals,2,131,643,20
1216531,2020-10-15 00:00:00,2020,T20,Indian Premier League,Kings XI Punjab,2,177,79,20
1216531,2020-10-15 00:00:00,2020,T20,Indian Premier League,Royal Challengers Bangalore,1,171,301,20
1216532,2020-09-29 00:00:00,2020,T20,Indian Premier League,Delhi Capitals,2,147,326,20
1216532,2020-09-29 00:00:00,2020,T20,Indian Premier League,Sunrisers Hyderabad,1,162,135,20
1216533,2020-10-19 00:00:00,2020,T20,Indian Premier League,Chennai Super Kings,1,125,353,20
1216533,2020-10-19 00:00:00,2020,T20,Indian Premier League,Rajasthan Royals,2,126,256,18
1216534,2020-09-21 00:00:00,2020,T20,Indian Premier League,Royal Challengers Bangalore,1,163,140,20
1216534,2020-09-21 00:00:00,2020,T20,Indian Premier League,Sunrisers Hyderabad,2,153,288,20
1216535,2020-10-31 00:00:00,2020,T20,Indian Premier League,Delhi Capitals,1,110,470,20
1216535,2020-10-31 00:00:00,2020,T20,Indian Premier League,Mumbai Indians,2,111,25,15
1216536,2020-10-29 00:00:00,2020,T20,Indian Premier League,Chennai Super Kings,2,178,177,20
1216536,2020-10-29 00:00:00,2020,T20,Indian Premier League,Kolkata Knight Riders,1,172,217,20
1216537,2020-10-30 00:00:00,2020,T20,Indian Premier League,Kings XI Punjab,1,185,178,20
1216537,2020-10-30 00:00:00,2020,T20,Indian Premier League,Rajasthan Royals,2,186,141,18
1216538,2020-10-04 00:00:00,2020,T20,Indian Premier League,Mumbai Indians,1,208,287,20
1216538,2020-10-04 00:00:00,2020,T20,Indian Premier League,Sunrisers Hyderabad,2,174,309,20
1216539,2020-09-25 00:00:00,2020,T20,Indian Premier League,Chennai Super Kings,2,131,309,20
1216539,2020-09-25 00:00:00,2020,T20,Indian Premier League,Delhi Capitals,1,175,115,20
1216540,2020-10-12 00:00:00,2020,T20,Indian Premier League,Kolkata Knight Riders,2,112,450,20
1216540,2020-10-12 00:00:00,2020,T20,Indian Premier League,Royal Challengers Bangalore,1,194,129,20
1216541,2020-10-25 00:00:00,2020,T20,Indian Premier League,Mumbai Indians,1,195,283,20
1216541,2020-10-25 00:00:00,2020,T20,Indian Premier League,Rajasthan Royals,2,196,197,19
1216542,2020-10-08 00:00:00,2020,T20,Indian Premier League,Kings XI Punjab,2,132,350,17
1216542,2020-10-08 00:00:00,2020,T20,Indian Premier League,Sunrisers Hyderabad,1,201,109,20
1216543,2020-10-14 00:00:00,2020,T20,Indian Premier League,Delhi Capitals,1,161,328,20
1216543,2020-10-14 00:00:00,2020,T20,Indian Premier League,Rajasthan Royals,2,148,395,20
1216544,2020-10-25 00:00:00,2020,T20,Indian Premier League,Chennai Super Kings,2,150,116,19
1216544,2020-10-25 00:00:00,2020,T20,Indian Premier League,Royal Challengers Bangalore,1,145,233,20
1216545,2020-09-26 00:00:00,2020,T20,Indian Premier League,Kolkata Knight Riders,2,145,263,18
1216545,2020-09-26 00:00:00,2020,T20,Indian Premier League,Sunrisers Hyderabad,1,142,191,20
1216546,2020-10-20 00:00:00,2020,T20,Indian Premier League,Delhi Capitals,1,164,230,20
1216546,2020-10-20 00:00:00,2020,T20,Indian Premier League,Kings XI Punjab,2,167,335,19
1216547,2020-09-28 00:00:00,2020,T20,Indian Premier League,Mumbai Indians,2,201,369,20
1216547,2020-09-28 00:00:00,2020,T20,Indian Premier League,Mumbai Indians,3,7,2,1
1216547,2020-09-28 00:00:00,2020,T20,Indian Premier League,Royal Challengers Bangalore,1,201,133,20
1216547,2020-09-28 00:00:00,2020,T20,Indian Premier League,Royal Challengers Bangalore,4,11,0,1
1237177,2020-11-05 00:00:00,2020,T20,Indian Premier League,Delhi Capitals,2,143,617,20
1237177,2020-11-05 00:00:00,2020,T20,Indian Premier League,Mumbai Indians,1,200,309,20
1237178,2020-11-06 00:00:00,2020,T20,Indian Premier League,Royal Challengers Bangalore,1,131,398,20
1237178,2020-11-06 00:00:00,2020,T20,Indian Premier League,Sunrisers Hyderabad,2,132,322,20
1237180,2020-11-08 00:00:00,2020,T20,Indian Premier League,Delhi Capitals,1,189,123,20
1237180,2020-11-08 00:00:00,2020,T20,Indian Premier League,Sunrisers Hyderabad,2,172,407,20
1237181,2020-11-10 00:00:00,2020,T20,Indian Premier League,Delhi Capitals,1,156,388,20
1237181,2020-11-10 00:00:00,2020,T20,Indian Premier League,Mumbai Indians,2,157,163,19
1254058,2021-04-09 00:00:00,2021,T20,Indian Premier League,Mumbai Indians,1,159,262,20
1254058,2021-04-09 00:00:00,2021,T20,Indian Premier League,Royal Challengers Bangalore,2,160,336,20
1254059,2021-04-10 00:00:00,2021,T20,Indian Premier League,Chennai Super Kings,1,188,395,20
1254059,2021-04-10 00:00:00,2021,T20,Indian Premier League,Delhi Capitals,2,190,52,19
1254060,2021-04-11 00:00:00,2021,T20,Indian Premier League,Kolkata Knight Riders,1,187,175,20
1254060,2021-04-11 00:00:00,2021,T20,Indian Premier League,Sunrisers Hyderabad,2,177,315,20
1254061,2021-04-12 00:00:00,2021,T20,Indian Premier League,Punjab Kings,1,221,214,20
1254061,2021-04-12 00:00:00,2021,T20,Indian Premier League,Rajasthan Royals,2,217,399,20
1254062,2021-04-13 00:00:00,2021,T20,Indian Premier League,Kolkata Knight Riders,2,142,242,20
1254062,2021-04-13 00:00:00,2021,T20,Indian Premier League,Mumbai Indians,1,152,322,20
1254063,2021-04-14 00:00:00,2021,T20,Indian Premier League,Royal Challengers Bangalore,1,149,354,20
1254063,2021-04-14 00:00:00,2021,T20,Indian Premier League,Sunrisers Hyderabad,2,143,257,20
1254064,2021-04-15 00:00:00,2021,T20,Indian Premier League,Delhi Capitals,1,147,489,20
1254064,2021-04-15 00:00:00,2021,T20,Indian Premier League,Rajasthan Royals,2,150,497,20
1254065,2021-04-16 00:00:00,2021,T20,Indian Premier League,Chennai Super Kings,2,107,105,16
1254065,2021-04-16 00:00:00,2021,T20,Indian Premier League,Punjab Kings,1,106,587,20
1254066,2021-04-17 00:00:00,2021,T20,Indian Premier League,Mumbai Indians,1,150,228,20
1254066,2021-04-17 00:00:00,2021,T20,Indian Premier League,Sunrisers Hyderabad,2,137,290,20
1254067,2021-04-18 00:00:00,2021,T20,Indian Premier League,Kolkata Knight Riders,2,166,426,20
1254067,2021-04-18 00:00:00,2021,T20,Indian Premier League,Royal Challengers Bangalore,1,204,315,20
1254068,2021-04-18 00:00:00,2021,T20,Indian Premier League,Delhi Capitals,2,198,167,19
1254068,2021-04-18 00:00:00,2021,T20,Indian Premier League,Punjab Kings,1,195,107,20
1254069,2021-04-19 00:00:00,2021,T20,Indian Premier League,Chennai Super Kings,1,188,403,20
1254069,2021-04-19 00:00:00,2021,T20,Indian Premier League,Rajasthan Royals,2,143,447,20
1254070,2021-04-20 00:00:00,2021,T20,Indian Premier League,Delhi Capitals,2,138,228,20
1254070,2021-04-20 00:00:00,2021,T20,Indian Premier League,Mumbai Indians,1,137,457,20
1254071,2021-04-21 00:00:00,2021,T20,Indian Premier League,Punjab Kings,1,120,453,20
1254071,2021-04-21 00:00:00,2021,T20,Indian Premier League,Sunrisers Hyderabad,2,121,53,19
1254072,2021-04-21 00:00:00,2021,T20,Indian Premier League,Chennai Super Kings,1,220,86,20
1254072,2021-04-21 00:00:00,2021,T20,Indian Premier League,Kolkata Knight Riders,2,202,610,20
1254073,2021-04-22 00:00:00,2021,T20,Indian Premier League,Rajasthan Royals,1,177,501,20
1254073,2021-04-22 00:00:00,2021,T20,Indian Premier League,Royal Challengers Bangalore,2,181,0,17
1254074,2021-04-23 00:00:00,2021,T20,Indian Premier League,Mumbai Indians,1,131,245,20
1254074,2021-04-23 00:00:00,2021,T20,Indian Premier League,Punjab Kings,2,132,66,18
1254075,2021-04-24 00:00:00,2021,T20,Indian Premier League,Kolkata Knight Riders,1,133,363,20
1254075,2021-04-24 00:00:00,2021,T20,Indian Premier League,Rajasthan Royals,2,134,279,19
1254076,2021-04-25 00:00:00,2021,T20,Indian Premier League,Chennai Super Kings,1,191,167,20
1254076,2021-04-25 00:00:00,2021,T20,Indian Premier League,Royal Challengers Bangalore,2,122,596,20
1254077,2021-04-25 00:00:00,2021,T20,Indian Premier League,Delhi Capitals,1,159,131,20
1254077,2021-04-25 00:00:00,2021,T20,Indian Premier League,Delhi Capitals,4,8,0,1
1254077,2021-04-25 00:00:00,2021,T20,Indian Premier League,Sunrisers Hyderabad,2,159,354,20
1254077,2021-04-25 00:00:00,2021,T20,Indian Premier League,Sunrisers Hyderabad,3,7,0,1
1254078,2021-04-26 00:00:00,2021,T20,Indian Premier League,Kolkata Knight Riders,2,126,323,17
1254078,2021-04-26 00:00:00,2021,T20,Indian Premier League,Punjab Kings,1,123,418,20
1254079,2021-04-27 00:00:00,2021,T20,Indian Premier League,Delhi Capitals,2,170,334,20
1254079,2021-04-27 00:00:00,2021,T20,Indian Premier League,Royal Challengers Bangalore,1,171,313,20
1254080,2021-04-28 00:00:00,2021,T20,Indian Premier League,Chennai Super Kings,2,173,83,19
1254080,2021-04-28 00:00:00,2021,T20,Indian Premier League,Sunrisers Hyderabad,1,171,137,20
1254081,2021-04-29 00:00:00,2021,T20,Indian Premier League,Mumbai Indians,2,172,148,19
1254081,2021-04-29 00:00:00,2021,T20,Indian Premier League,Rajasthan Royals,1,171,168,20
1254082,2021-04-29 00:00:00,2021,T20,Indian Premier League,Delhi Capitals,2,156,31,17
1254082,2021-04-29 00:00:00,2021,T20,Indian Premier League,Kolkata Knight Riders,1,154,351,20
1254083,2021-04-30 00:00:00,2021,T20,Indian Premier League,Punjab Kings,1,179,283,20
1254083,2021-04-30 00:00:00,2021,T20,Indian Premier League,Royal Challengers Bangalore,2,145,369,20
1254084,2021-05-01 00:00:00,2021,T20,Indian Premier League,Chennai Super Kings,1,218,304,20
1254084,2021-05-01 00:00:00,2021,T20,Indian Premier League,Mumbai Indians,2,219,262,20
1254085,2021-05-02 00:00:00,2021,T20,Indian Premier League,Rajasthan Royals,1,220,141,20
1254085,2021-05-02 00:00:00,2021,T20,Indian Premier League,Sunrisers Hyderabad,2,165,375,20
1254086,2021-05-02 00:00:00,2021,T20,Indian Premier League,Delhi Capitals,2,167,113,18
1254086,2021-05-02 00:00:00,2021,T20,Indian Premier League,Punjab Kings,1,166,307,20
1254087,2021-09-20 00:00:00,2021,T20,Indian Premier League,Kolkata Knight Riders,2,94,6,10
1254087,2021-09-20 00:00:00,2021,T20,Indian Premier League,Royal Challengers Bangalore,1,92,480,19
1254088,2021-10-08 00:00:00,2021,T20,Indian Premier League,Mumbai Indians,1,235,378,20
1254088,2021-10-08 00:00:00,2021,T20,Indian Premier League,Sunrisers Hyderabad,2,193,396,20
1254089,2021-10-02 00:00:00,2021,T20,Indian Premier League,Chennai Super Kings,1,189,223,20
1254089,2021-10-02 00:00:00,2021,T20,Indian Premier League,Rajasthan Royals,2,190,168,18
1254090,2021-10-03 00:00:00,2021,T20,Indian Premier League,Punjab Kings,2,158,188,20
1254090,2021-10-03 00:00:00,2021,T20,Indian Premier League,Royal Challengers Bangalore,1,164,205,20
1254091,2021-09-30 00:00:00,2021,T20,Indian Premier League,Chennai Super Kings,2,139,145,20
1254091,2021-09-30 00:00:00,2021,T20,Indian Premier League,Sunrisers Hyderabad,1,134,351,20
1254092,2021-09-28 00:00:00,2021,T20,Indian Premier League,Delhi Capitals,1,127,351,20
1254092,2021-09-28 00:00:00,2021,T20,Indian Premier League,Kolkata Knight Riders,2,130,294,19
1254093,2021-10-05 00:00:00,2021,T20,Indian Premier League,Mumbai Indians,2,94,53,9
1254093,2021-10-05 00:00:00,2021,T20,Indian Premier League,Rajasthan Royals,1,90,499,20
1254094,2021-10-07 00:00:00,2021,T20,Indian Premier League,Chennai Super Kings,1,134,415,20
1254094,2021-10-07 00:00:00,2021,T20,Indian Premier League,Punjab Kings,2,139,144,13
1254095,2021-10-06 00:00:00,2021,T20,Indian Premier League,Royal Challengers Bangalore,2,137,365,20
1254095,2021-10-06 00:00:00,2021,T20,Indian Premier League,Sunrisers Hyderabad,1,141,286,20
1254096,2021-09-23 00:00:00,2021,T20,Indian Premier League,Kolkata Knight Riders,2,159,105,16
1254096,2021-09-23 00:00:00,2021,T20,Indian Premier League,Mumbai Indians,1,155,193,20
1254097,2021-09-25 00:00:00,2021,T20,Indian Premier League,Delhi Capitals,1,154,345,20
1254097,2021-09-25 00:00:00,2021,T20,Indian Premier League,Rajasthan Royals,2,121,475,20
1254098,2021-09-26 00:00:00,2021,T20,Indian Premier League,Chennai Super Kings,2,172,229,20
1254098,2021-09-26 00:00:00,2021,T20,Indian Premier League,Kolkata Knight Riders,1,171,362,20
1254099,2021-09-28 00:00:00,2021,T20,Indian Premier League,Mumbai Indians,2,137,271,19
1254099,2021-09-28 00:00:00,2021,T20,Indian Premier League,Punjab Kings,1,135,369,20
1254100,2021-09-27 00:00:00,2021,T20,Indian Premier League,Rajasthan Royals,1,164,260,20
1254100,2021-09-27 00:00:00,2021,T20,Indian Premier League,Sunrisers Hyderabad,2,167,172,19
1254101,2021-10-08 00:00:00,2021,T20,Indian Premier League,Delhi Capitals,1,164,185,20
1254101,2021-10-08 00:00:00,2021,T20,Indian Premier League,Royal Challengers Bangalore,2,166,300,20
1254102,2021-10-01 00:00:00,2021,T20,Indian Premier League,Kolkata Knight Riders,1,165,251,20
1254102,2021-10-01 00:00:00,2021,T20,Indian Premier League,Punjab Kings,2,168,171,20
1254103,2021-09-29 00:00:00,2021,T20,Indian Premier League,Rajasthan Royals,1,149,290,20
1254103,2021-09-29 00:00:00,2021,T20,Indian Premier League,Royal Challengers Bangalore,2,153,147,18
1254104,2021-09-19 00:00:00,2021,T20,Indian Premier League,Chennai Super Kings,1,156,463,20
1254104,2021-09-19 00:00:00,2021,T20,Indian Premier League,Mumbai Indians,2,136,455,20
1254105,2021-09-22 00:00:00,2021,T20,Indian Premier League,Delhi Capitals,2,139,142,18
1254105,2021-09-22 00:00:00,2021,T20,Indian Premier League,Sunrisers Hyderabad,1,134,448,20
1254106,2021-10-07 00:00:00,2021,T20,Indian Premier League,Kolkata Knight Riders,1,171,159,20
1254106,2021-10-07 00:00:00,2021,T20,Indian Premier League,Rajasthan Royals,2,85,523,17
1254107,2021-09-25 00:00:00,2021,T20,Indian Premier League,Punjab Kings,1,125,374,20
1254107,2021-09-25 00:00:00,2021,T20,Indian Premier League,Sunrisers Hyderabad,2,120,436,20
1254108,2021-09-26 00:00:00,2021,T20,Indian Premier League,Mumbai Indians,2,111,274,19
1254108,2021-09-26 00:00:00,2021,T20,Indian Premier League,Royal Challengers Bangalore,1,165,242,20
1254109,2021-10-03 00:00:00,2021,T20,Indian Premier League,Kolkata Knight Riders,2,119,205,20
1254109,2021-10-03 00:00:00,2021,T20,Indian Premier League,Sunrisers Hyderabad,1,115,446,20
1254110,2021-10-04 00:00:00,2021,T20,Indian Premier League,Chennai Super Kings,1,136,357,20
1254110,2021-10-04 00:00:00,2021,T20,Indian Premier League,Delhi Capitals,2,139,381,20
1254111,2021-09-21 00:00:00,2021,T20,Indian Premier League,Punjab Kings,2,183,101,20
1254111,2021-09-21 00:00:00,2021,T20,Indian Premier League,Rajasthan Royals,1,185,329,20
1254112,2021-10-02 00:00:00,2021,T20,Indian Premier League,Delhi Capitals,2,132,462,20
1254112,2021-10-02 00:00:00,2021,T20,Indian Premier League,Mumbai Indians,1,129,376,20
1254113,2021-09-24 00:00:00,2021,T20,Indian Premier League,Chennai Super Kings,2,157,165,19
1254113,2021-09-24 00:00:00,2021,T20,Indian Premier League,Royal Challengers Bangalore,1,156,97,20
1254114,2021-10-10 00:00:00,2021,T20,Indian Premier League,Chennai Super Kings,2,173,242,20
1254114,2021-10-10 00:00:00,2021,T20,Indian Premier League,Delhi Capitals,1,172,344,20
1254115,2021-10-11 00:00:00,2021,T20,Indian Premier League,Kolkata Knight Riders,2,139,286,20
1254115,2021-10-11 00:00:00,2021,T20,Indian Premier League,Royal Challengers Bangalore,1,138,285,20
1254116,2021-10-13 00:00:00,2021,T20,Indian Premier League,Delhi Capitals,1,135,233,20
1254116,2021-10-13 00:00:00,2021,T20,Indian Premier League,Kolkata Knight Riders,2,136,113,20
1254117,2021-10-15 00:00:00,2021,T20,Indian Premier League,Chennai Super Kings,1,192,117,20
1254117,2021-10-15 00:00:00,2021,T20,Indian Premier League,Kolkata Knight Riders,2,165,359,20
1304047,2022-03-26 00:00:00,2022,T20,Indian Premier League,Chennai Super Kings,1,131,426,20
1304047,2022-03-26 00:00:00,2022,T20,Indian Premier League,Kolkata Knight Riders,2,133,175,19
1304048,2022-03-27 00:00:00,2022,T20,Indian Premier League,Delhi Capitals,2,179,423,19
1304048,2022-03-27 00:00:00,2022,T20,Indian Premier League,Mumbai Indians,1,177,201,20
1304049,2022-03-27 00:00:00,2022,T20,Indian Premier League,Punjab Kings,2,208,257,19
1304049,2022-03-27 00:00:00,2022,T20,Indian Premier League,Royal Challengers Bangalore,1,205,101,20
1304050,2022-03-28 00:00:00,2022,T20,Indian Premier League,Gujarat Titans,2,161,349,20
1304050,2022-03-28 00:00:00,2022,T20,Indian Premier League,Lucknow Super Giants,1,158,463,20
1304051,2022-03-29 00:00:00,2022,T20,Indian Premier League,Rajasthan Royals,1,210,231,20
1304051,2022-03-29 00:00:00,2022,T20,Indian Premier League,Sunrisers Hyderabad,2,149,494,20
1304052,2022-03-30 00:00:00,2022,T20,Indian Premier League,Kolkata Knight Riders,1,128,565,19
1304052,2022-03-30 00:00:00,2022,T20,Indian Premier League,Royal Challengers Bangalore,2,132,437,20
1304053,2022-03-31 00:00:00,2022,T20,Indian Premier League,Chennai Super Kings,1,210,291,20
1304053,2022-03-31 00:00:00,2022,T20,Indian Premier League,Lucknow Super Giants,2,211,177,20
1304054,2022-04-01 00:00:00,2022,T20,Indian Premier League,Kolkata Knight Riders,2,141,247,15
1304054,2022-04-01 00:00:00,2022,T20,Indian Premier League,Punjab Kings,1,137,509,19
1304055,2022-04-02 00:00:00,2022,T20,Indian Premier League,Mumbai Indians,2,170,396,20
1304055,2022-04-02 00:00:00,2022,T20,Indian Premier League,Rajasthan Royals,1,193,271,20
1304056,2022-04-02 00:00:00,2022,T20,Indian Premier League,Delhi Capitals,2,157,490,20
1304056,2022-04-02 00:00:00,2022,T20,Indian Premier League,Gujarat Titans,1,171,273,20
1304057,2022-04-03 00:00:00,2022,T20,Indian Premier League,Chennai Super Kings,2,126,493,18
1304057,2022-04-03 00:00:00,2022,T20,Indian Premier League,Punjab Kings,1,180,478,20
1304058,2022-04-04 00:00:00,2022,T20,Indian Premier League,Lucknow Super Giants,1,169,363,20
1304058,2022-04-04 00:00:00,2022,T20,Indian Premier League,Sunrisers Hyderabad,2,157,354,20
1304059,2022-04-05 00:00:00,2022,T20,Indian Premier League,Rajasthan Royals,1,169,233,20
1304059,2022-04-05 00:00:00,2022,T20,Indian Premier League,Royal Challengers Bangalore,2,173,346,20
1304060,2022-04-06 00:00:00,2022,T20,Indian Premier League,Kolkata Knight Riders,2,162,221,16
1304060,2022-04-06 00:00:00,2022,T20,Indian Premier League,Mumbai Indians,1,161,243,20
1304061,2022-04-07 00:00:00,2022,T20,Indian Premier League,Delhi Capitals,1,149,210,20
1304061,2022-04-07 00:00:00,2022,T20,Indian Premier League,Lucknow Super Giants,2,155,136,20
1304062,2022-04-08 00:00:00,2022,T20,Indian Premier League,Gujarat Titans,2,190,155,20
1304062,2022-04-08 00:00:00,2022,T20,Indian Premier League,Punjab Kings,1,189,448,20
1304063,2022-04-09 00:00:00,2022,T20,Indian Premier League,Chennai Super Kings,1,154,343,20
1304063,2022-04-09 00:00:00,2022,T20,Indian Premier League,Sunrisers Hyderabad,2,155,42,18
1304064,2022-04-09 00:00:00,2022,T20,Indian Premier League,Mumbai Indians,1,151,387,20
1304064,2022-04-09 00:00:00,2022,T20,Indian Premier League,Royal Challengers Bangalore,2,152,78,19
1304065,2022-04-10 00:00:00,2022,T20,Indian Premier League,Delhi Capitals,1,215,209,20
1304065,2022-04-10 00:00:00,2022,T20,Indian Premier League,Kolkata Knight Riders,2,171,403,20
1304066,2022-04-10 00:00:00,2022,T20,Indian Premier League,Lucknow Super Giants,2,162,545,20
1304066,2022-04-10 00:00:00,2022,T20,Indian Premier League,Rajasthan Royals,1,165,310,20
1304067,2022-04-11 00:00:00,2022,T20,Indian Premier League,Gujarat Titans,1,162,337,20
1304067,2022-04-11 00:00:00,2022,T20,Indian Premier League,Sunrisers Hyderabad,2,168,86,20
1304068,2022-04-12 00:00:00,2022,T20,Indian Premier League,Chennai Super Kings,1,216,209,20
1304068,2022-04-12 00:00:00,2022,T20,Indian Premier League,Royal Challengers Bangalore,2,193,578,20
1304069,2022-04-13 00:00:00,2022,T20,Indian Premier League,Mumbai Indians,2,186,352,20
1304069,2022-04-13 00:00:00,2022,T20,Indian Premier League,Punjab Kings,1,198,170,20
1304070,2022-04-14 00:00:00,2022,T20,Indian Premier League,Gujarat Titans,1,192,337,20
1304070,2022-04-14 00:00:00,2022,T20,Indian Premier League,Rajasthan Royals,2,155,517,20
1304071,2022-04-15 00:00:00,2022,T20,Indian Premier League,Kolkata Knight Riders,1,175,448,20
1304071,2022-04-15 00:00:00,2022,T20,Indian Premier League,Sunrisers Hyderabad,2,176,202,18
1304072,2022-04-16 00:00:00,2022,T20,Indian Premier League,Lucknow Super Giants,1,199,168,20
1304072,2022-04-16 00:00:00,2022,T20,Indian Premier League,Mumbai Indians,2,181,372,20
1304073,2022-04-16 00:00:00,2022,T20,Indian Premier League,Delhi Capitals,2,173,293,20
1304073,2022-04-16 00:00:00,2022,T20,Indian Premier League,Royal Challengers Bangalore,1,189,443,20
1304074,2022-04-17 00:00:00,2022,T20,Indian Premier League,Punjab Kings,1,151,419,20
1304074,2022-04-17 00:00:00,2022,T20,Indian Premier League,Sunrisers Hyderabad,2,152,217,19
1304075,2022-04-17 00:00:00,2022,T20,Indian Premier League,Chennai Super Kings,1,169,258,20
1304075,2022-04-17 00:00:00,2022,T20,Indian Premier League,Gujarat Titans,2,170,461,20
1304076,2022-04-18 00:00:00,2022,T20,Indian Premier League,Kolkata Knight Riders,2,210,372,20
1304076,2022-04-18 00:00:00,2022,T20,Indian Premier League,Rajasthan Royals,1,217,158,20
1304077,2022-04-19 00:00:00,2022,T20,Indian Premier League,Lucknow Super Giants,2,163,416,20
1304077,2022-04-19 00:00:00,2022,T20,Indian Premier League,Royal Challengers Bangalore,1,181,451,20
1304078,2022-04-20 00:00:00,2022,T20,Indian Premier League,Delhi Capitals,2,119,26,11
1304078,2022-04-20 00:00:00,2022,T20,Indian Premier League,Punjab Kings,1,115,536,20
1304079,2022-04-21 00:00:00,2022,T20,Indian Premier League,Chennai Super Kings,2,156,426,20
1304079,2022-04-21 00:00:00,2022,T20,Indian Premier League,Mumbai Indians,1,155,507,20
1304080,2022-04-22 00:00:00,2022,T20,Indian Premier League,Delhi Capitals,2,207,404,20
1304080,2022-04-22 00:00:00,2022,T20,Indian Premier League,Rajasthan Royals,1,222,42,20
1304081,2022-04-23 00:00:00,2022,T20,Indian Premier League,Gujarat Titans,1,156,255,20
1304081,2022-04-23 00:00:00,2022,T20,Indian Premier League,Kolkata Knight Riders,2,148,547,20
1304082,2022-04-23 00:00:00,2022,T20,Indian Premier League,Royal Challengers Bangalore,1,68,538,17
1304082,2022-04-23 00:00:00,2022,T20,Indian Premier League,Sunrisers Hyderabad,2,72,5,8
1304083,2022-04-24 00:00:00,2022,T20,Indian Premier League,Lucknow Super Giants,1,168,277,20
1304083,2022-04-24 00:00:00,2022,T20,Indian Premier League,Mumbai Indians,2,132,317,20
1304084,2022-04-25 00:00:00,2022,T20,Indian Premier League,Chennai Super Kings,2,176,358,20
1304084,2022-04-25 00:00:00,2022,T20,Indian Premier League,Punjab Kings,1,187,122,20
1304085,2022-04-26 00:00:00,2022,T20,Indian Premier League,Rajasthan Royals,1,144,465,20
1304085,2022-04-26 00:00:00,2022,T20,Indian Premier League,Royal Challengers Bangalore,2,115,500,20
1304086,2022-04-27 00:00:00,2022,T20,Indian Premier League,Gujarat Titans,2,199,245,20
1304086,2022-04-27 00:00:00,2022,T20,Indian Premier League,Sunrisers Hyderabad,1,195,281,20
1304087,2022-04-28 00:00:00,2022,T20,Indian Premier League,Delhi Capitals,2,150,410,19
1304087,2022-04-28 00:00:00,2022,T20,Indian Premier League,Kolkata Knight Riders,1,146,466,20
1304088,2022-04-29 00:00:00,2022,T20,Indian Premier League,Lucknow Super Giants,1,153,314,20
1304088,2022-04-29 00:00:00,2022,T20,Indian Premier League,Punjab Kings,2,133,432,20
1304089,2022-04-30 00:00:00,2022,T20,Indian Premier League,Gujarat Titans,2,174,244,20
1304089,2022-04-30 00:00:00,2022,T20,Indian Premier League,Royal Challengers Bangalore,1,170,199,20
1304090,2022-04-30 00:00:00,2022,T20,Indian Premier League,Mumbai Indians,2,161,249,20
1304090,2022-04-30 00:00:00,2022,T20,Indian Premier League,Rajasthan Royals,1,158,276,20
1304091,2022-05-01 00:00:00,2022,T20,Indian Premier League,Delhi Capitals,2,189,466,20
1304091,2022-05-01 00:00:00,2022,T20,Indian Premier League,Lucknow Super Giants,1,195,156,20
1304092,2022-05-01 00:00:00,2022,T20,Indian Premier League,Chennai Super Kings,1,202,19,20
1304092,2022-05-01 00:00:00,2022,T20,Indian Premier League,Sunrisers Hyderabad,2,189,308,20
1304093,2022-05-02 00:00:00,2022,T20,Indian Premier League,Kolkata Knight Riders,2,158,235,20
1304093,2022-05-02 00:00:00,2022,T20,Indian Premier League,Rajasthan Royals,1,152,280,20
1304094,2022-05-03 00:00:00,2022,T20,Indian Premier League,Gujarat Titans,1,143,449,20
1304094,2022-05-03 00:00:00,2022,T20,Indian Premier League,Punjab Kings,2,145,114,16
1304095,2022-05-04 00:00:00,2022,T20,Indian Premier League,Chennai Super Kings,2,160,316,20
1304095,2022-05-04 00:00:00,2022,T20,Indian Premier League,Royal Challengers Bangalore,1,173,284,20
1304096,2022-05-05 00:00:00,2022,T20,Indian Premier League,Delhi Capitals,1,207,295,20
1304096,2022-05-05 00:00:00,2022,T20,Indian Premier League,Sunrisers Hyderabad,2,186,423,20
1304097,2022-05-06 00:00:00,2022,T20,Indian Premier League,Gujarat Titans,2,172,135,20
1304097,2022-05-06 00:00:00,2022,T20,Indian Premier League,Mumbai Indians,1,177,246,20
1304098,2022-05-07 00:00:00,2022,T20,Indian Premier League,Punjab Kings,1,189,252,20
1304098,2022-05-07 00:00:00,2022,T20,Indian Premier League,Rajasthan Royals,2,190,220,20
1304099,2022-05-07 00:00:00,2022,T20,Indian Premier League,Kolkata Knight Riders,2,101,311,15
1304099,2022-05-07 00:00:00,2022,T20,Indian Premier League,Lucknow Super Giants,1,176,291,20
1304100,2022-05-08 00:00:00,2022,T20,Indian Premier League,Royal Challengers Bangalore,1,192,186,20
1304100,2022-05-08 00:00:00,2022,T20,Indian Premier League,Sunrisers Hyderabad,2,125,470,20
1304101,2022-05-08 00:00:00,2022,T20,Indian Premier League,Chennai Super Kings,1,208,128,20
1304101,2022-05-08 00:00:00,2022,T20,Indian Premier League,Delhi Capitals,2,117,461,18
1304102,2022-05-09 00:00:00,2022,T20,Indian Premier League,Kolkata Knight Riders,1,165,322,20
1304102,2022-05-09 00:00:00,2022,T20,Indian Premier League,Mumbai Indians,2,113,322,18
1304103,2022-05-10 00:00:00,2022,T20,Indian Premier League,Gujarat Titans,1,144,313,20
1304103,2022-05-10 00:00:00,2022,T20,Indian Premier League,Lucknow Super Giants,2,82,275,14
1304104,2022-05-11 00:00:00,2022,T20,Indian Premier League,Delhi Capitals,2,161,120,19
1304104,2022-05-11 00:00:00,2022,T20,Indian Premier League,Rajasthan Royals,1,160,278,20
1304105,2022-05-12 00:00:00,2022,T20,Indian Premier League,Chennai Super Kings,1,97,556,16
1304105,2022-05-12 00:00:00,2022,T20,Indian Premier League,Mumbai Indians,2,103,304,15
1304106,2022-05-13 00:00:00,2022,T20,Indian Premier League,Punjab Kings,1,209,330,20
1304106,2022-05-13 00:00:00,2022,T20,Indian Premier League,Royal Challengers Bangalore,2,155,512,20
1304107,2022-05-14 00:00:00,2022,T20,Indian Premier League,Kolkata Knight Riders,1,177,408,20
1304107,2022-05-14 00:00:00,2022,T20,Indian Premier League,Sunrisers Hyderabad,2,123,345,20
1304108,2022-05-15 00:00:00,2022,T20,Indian Premier League,Chennai Super Kings,1,133,241,20
1304108,2022-05-15 00:00:00,2022,T20,Indian Premier League,Gujarat Titans,2,137,165,20
1304109,2022-05-15 00:00:00,2022,T20,Indian Premier League,Lucknow Super Giants,2,154,456,20
1304109,2022-05-15 00:00:00,2022,T20,Indian Premier League,Rajasthan Royals,1,178,307,20
1304110,2022-05-16 00:00:00,2022,T20,Indian Premier League,Delhi Capitals,1,159,382,20
1304110,2022-05-16 00:00:00,2022,T20,Indian Premier League,Punjab Kings,2,142,595,20
1304111,2022-05-17 00:00:00,2022,T20,Indian Premier League,Mumbai Indians,2,190,243,20
1304111,2022-05-17 00:00:00,2022,T20,Indian Premier League,Sunrisers Hyderabad,1,193,232,20
1304112,2022-05-18 00:00:00,2022,T20,Indian Premier League,Kolkata Knight Riders,2,208,415,20
1304112,2022-05-18 00:00:00,2022,T20,Indian Premier League,Lucknow Super Giants,1,210,0,20
1304113,2022-05-19 00:00:00,2022,T20,Indian Premier League,Gujarat Titans,1,168,309,20
1304113,2022-05-19 00:00:00,2022,T20,Indian Premier League,Royal Challengers Bangalore,2,170,41,19
1304114,2022-05-20 00:00:00,2022,T20,Indian Premier League,Chennai Super Kings,1,150,348,20
1304114,2022-05-20 00:00:00,2022,T20,Indian Premier League,Rajasthan Royals,2,151,291,20
1304115,2022-05-21 00:00:00,2022,T20,Indian Premier League,Delhi Capitals,1,159,434,20
1304115,2022-05-21 00:00:00,2022,T20,Indian Premier League,Mumbai Indians,2,160,182,20
1304116,2022-05-22 00:00:00,2022,T20,Indian Premier League,Punjab Kings,2,160,211,16
1304116,2022-05-22 00:00:00,2022,T20,Indian Premier League,Sunrisers Hyderabad,1,157,339,20
1312197,2022-05-24 00:00:00,2022,T20,Indian Premier League,Gujarat Titans,2,191,266,20
1312197,2022-05-24 00:00:00,2022,T20,Indian Premier League,Rajasthan Royals,1,188,239,20
1312198,2022-05-25 00:00:00,2022,T20,Indian Premier League,Lucknow Super Giants,2,193,307,20
1312198,2022-05-25 00:00:00,2022,T20,Indian Premier League,Royal Challengers Bangalore,1,207,301,20
1312199,2022-05-27 00:00:00,2022,T20,Indian Premier League,Rajasthan Royals,2,161,128,19
1312199,2022-05-27 00:00:00,2022,T20,Indian Premier League,Royal Challengers Bangalore,1,157,298,20
1312200,2022-05-29 00:00:00,2022,T20,Indian Premier League,Gujarat Titans,2,133,221,19
1312200,2022-05-29 00:00:00,2022,T20,Indian Premier League,Rajasthan Royals,1,130,343,20
1359475,2023-03-31 00:00:00,2023,T20,Indian Premier League,Chennai Super Kings,1,178,356,20
1359475,2023-03-31 00:00:00,2023,T20,Indian Premier League,Gujarat Titans,2,182,246,20
1359476,2023-04-01 00:00:00,2023,T20,Indian Premier League,Kolkata Knight Riders,2,146,348,16
1359476,2023-04-01 00:00:00,2023,T20,Indian Premier League,Punjab Kings,1,191,259,20
1359477,2023-04-01 00:00:00,2023,T20,Indian Premier League,Delhi Capitals,2,143,427,20
1359477,2023-04-01 00:00:00,2023,T20,Indian Premier League,Lucknow Super Giants,1,193,275,20
1359478,2023-04-02 00:00:00,2023,T20,Indian Premier League,Rajasthan Royals,1,203,205,20
1359478,2023-04-02 00:00:00,2023,T20,Indian Premier League,Sunrisers Hyderabad,2,131,589,20
1359479,2023-04-02 00:00:00,2023,T20,Indian Premier League,Mumbai Indians,1,171,507,20
1359479,2023-04-02 00:00:00,2023,T20,Indian Premier League,Royal Challengers Bangalore,2,172,18,17
1359480,2023-04-03 00:00:00,2023,T20,Indian Premier League,Chennai Super Kings,1,217,223,20
1359480,2023-04-03 00:00:00,2023,T20,Indian Premier League,Lucknow Super Giants,2,205,428,20
1359481,2023-04-04 00:00:00,2023,T20,Indian Premier League,Delhi Capitals,1,162,425,20
1359481,2023-04-04 00:00:00,2023,T20,Indian Premier League,Gujarat Titans,2,163,304,19
1359482,2023-04-05 00:00:00,2023,T20,Indian Premier League,Punjab Kings,1,197,125,20
1359482,2023-04-05 00:00:00,2023,T20,Indian Premier League,Rajasthan Royals,2,192,438,20
1359483,2023-04-06 00:00:00,2023,T20,Indian Premier League,Kolkata Knight Riders,1,204,429,20
1359483,2023-04-06 00:00:00,2023,T20,Indian Premier League,Royal Challengers Bangalore,2,123,460,18
1359484,2023-04-07 00:00:00,2023,T20,Indian Premier League,Lucknow Super Giants,2,127,185,16
1359484,2023-04-07 00:00:00,2023,T20,Indian Premier League,Sunrisers Hyderabad,1,121,363,20
1359485,2023-04-08 00:00:00,2023,T20,Indian Premier League,Delhi Capitals,2,142,473,20
1359485,2023-04-08 00:00:00,2023,T20,Indian Premier League,Rajasthan Royals,1,199,185,20
1359486,2023-04-08 00:00:00,2023,T20,Indian Premier League,Chennai Super Kings,2,159,201,19
1359486,2023-04-08 00:00:00,2023,T20,Indian Premier League,Mumbai Indians,1,157,505,20
1359487,2023-04-09 00:00:00,2023,T20,Indian Premier League,Gujarat Titans,1,204,209,20
1359487,2023-04-09 00:00:00,2023,T20,Indian Premier League,Kolkata Knight Riders,2,207,357,20
1359488,2023-04-09 00:00:00,2023,T20,Indian Premier League,Punjab Kings,1,143,662,20
1359488,2023-04-09 00:00:00,2023,T20,Indian Premier League,Sunrisers Hyderabad,2,145,134,18
1359489,2023-04-10 00:00:00,2023,T20,Indian Premier League,Lucknow Super Giants,2,213,496,20
1359489,2023-04-10 00:00:00,2023,T20,Indian Premier League,Royal Challengers Bangalore,1,212,57,20
1359490,2023-04-11 00:00:00,2023,T20,Indian Premier League,Delhi Capitals,1,172,372,20
1359490,2023-04-11 00:00:00,2023,T20,Indian Premier League,Mumbai Indians,2,173,148,20
1359491,2023-04-12 00:00:00,2023,T20,Indian Premier League,Chennai Super Kings,2,172,355,20
1359491,2023-04-12 00:00:00,2023,T20,Indian Premier League,Rajasthan Royals,1,175,329,20
1359492,2023-04-13 00:00:00,2023,T20,Indian Premier League,Gujarat Titans,2,154,182,20
1359492,2023-04-13 00:00:00,2023,T20,Indian Premier League,Punjab Kings,1,153,409,20
1359493,2023-04-14 00:00:00,2023,T20,Indian Premier League,Kolkata Knight Riders,2,205,513,20
1359493,2023-04-14 00:00:00,2023,T20,Indian Premier League,Sunrisers Hyderabad,1,228,261,20
1359494,2023-04-15 00:00:00,2023,T20,Indian Premier League,Delhi Capitals,2,151,638,20
1359494,2023-04-15 00:00:00,2023,T20,Indian Premier League,Royal Challengers Bangalore,1,174,321,20
1359495,2023-04-15 00:00:00,2023,T20,Indian Premier League,Lucknow Super Giants,1,159,264,20
1359495,2023-04-15 00:00:00,2023,T20,Indian Premier League,Punjab Kings,2,161,451,20
1359496,2023-04-16 00:00:00,2023,T20,Indian Premier League,Kolkata Knight Riders,1,185,361,20
1359496,2023-04-16 00:00:00,2023,T20,Indian Premier League,Mumbai Indians,2,186,182,18
1359497,2023-04-16 00:00:00,2023,T20,Indian Premier League,Gujarat Titans,1,177,316,20
1359497,2023-04-16 00:00:00,2023,T20,Indian Premier League,Rajasthan Royals,2,179,371,20
1359498,2023-04-17 00:00:00,2023,T20,Indian Premier League,Chennai Super Kings,1,226,261,20
1359498,2023-04-17 00:00:00,2023,T20,Indian Premier League,Royal Challengers Bangalore,2,218,392,20
1359499,2023-04-18 00:00:00,2023,T20,Indian Premier League,Mumbai Indians,1,192,223,20
1359499,2023-04-18 00:00:00,2023,T20,Indian Premier League,Sunrisers Hyderabad,2,178,481,20
1359500,2023-04-19 00:00:00,2023,T20,Indian Premier League,Lucknow Super Giants,1,154,194,20
1359500,2023-04-19 00:00:00,2023,T20,Indian Premier League,Rajasthan Royals,2,144,177,20
1359501,2023-04-20 00:00:00,2023,T20,Indian Premier League,Punjab Kings,2,150,531,19
1359501,2023-04-20 00:00:00,2023,T20,Indian Premier League,Royal Challengers Bangalore,1,174,70,20
1359502,2023-04-20 00:00:00,2023,T20,Indian Premier League,Delhi Capitals,2,128,325,20
1359502,2023-04-20 00:00:00,2023,T20,Indian Premier League,Kolkata Knight Riders,1,127,635,20
1359503,2023-04-21 00:00:00,2023,T20,Indian Premier League,Chennai Super Kings,2,138,83,19
1359503,2023-04-21 00:00:00,2023,T20,Indian Premier League,Sunrisers Hyderabad,1,134,318,20
1359504,2023-04-22 00:00:00,2023,T20,Indian Premier League,Gujarat Titans,1,135,259,20
1359504,2023-04-22 00:00:00,2023,T20,Indian Premier League,Lucknow Super Giants,2,128,151,20
1359505,2023-04-22 00:00:00,2023,T20,Indian Premier League,Mumbai Indians,2,201,229,20
1359505,2023-04-22 00:00:00,2023,T20,Indian Premier League,Punjab Kings,1,214,360,20
1359506,2023-04-23 00:00:00,2023,T20,Indian Premier League,Rajasthan Royals,2,182,274,20
1359506,2023-04-23 00:00:00,2023,T20,Indian Premier League,Royal Challengers Bangalore,1,189,376,20
1359507,2023-04-23 00:00:00,2023,T20,Indian Premier League,Chennai Super Kings,1,235,151,20
1359507,2023-04-23 00:00:00,2023,T20,Indian Premier League,Kolkata Knight Riders,2,186,501,20
1359508,2023-04-24 00:00:00,2023,T20,Indian Premier League,Delhi Capitals,1,144,474,20
1359508,2023-04-24 00:00:00,2023,T20,Indian Premier League,Sunrisers Hyderabad,2,137,275,20
1359509,2023-04-25 00:00:00,2023,T20,Indian Premier League,Gujarat Titans,1,207,320,20
1359509,2023-04-25 00:00:00,2023,T20,Indian Premier League,Mumbai Indians,2,152,453,20
1359510,2023-04-26 00:00:00,2023,T20,Indian Premier League,Kolkata Knight Riders,1,200,171,20
1359510,2023-04-26 00:00:00,2023,T20,Indian Premier League,Royal Challengers Bangalore,2,179,465,20
1359511,2023-04-27 00:00:00,2023,T20,Indian Premier League,Chennai Super Kings,2,170,303,20
1359511,2023-04-27 00:00:00,2023,T20,Indian Premier League,Rajasthan Royals,1,202,185,20
1359512,2023-04-28 00:00:00,2023,T20,Indian Premier League,Lucknow Super Giants,1,257,258,20
1359512,2023-04-28 00:00:00,2023,T20,Indian Premier League,Punjab Kings,2,201,419,20
1359513,2023-04-29 00:00:00,2023,T20,Indian Premier League,Gujarat Titans,2,180,173,18
1359513,2023-04-29 00:00:00,2023,T20,Indian Premier League,Kolkata Knight Riders,1,179,364,20
1359514,2023-04-29 00:00:00,2023,T20,Indian Premier League,Delhi Capitals,2,188,324,20
1359514,2023-04-29 00:00:00,2023,T20,Indian Premier League,Sunrisers Hyderabad,1,197,427,20
1359515,2023-04-30 00:00:00,2023,T20,Indian Premier League,Chennai Super Kings,1,200,138,20
1359515,2023-04-30 00:00:00,2023,T20,Indian Premier League,Punjab Kings,2,201,296,20
1359516,2023-04-30 00:00:00,2023,T20,Indian Premier League,Mumbai Indians,2,214,271,20
1359516,2023-04-30 00:00:00,2023,T20,Indian Premier League,Rajasthan Royals,1,212,304,20
1359517,2023-05-01 00:00:00,2023,T20,Indian Premier League,Lucknow Super Giants,2,108,656,20
1359517,2023-05-01 00:00:00,2023,T20,Indian Premier League,Royal Challengers Bangalore,1,126,249,20
1359518,2023-05-02 00:00:00,2023,T20,Indian Premier League,Delhi Capitals,1,130,591,20
1359518,2023-05-02 00:00:00,2023,T20,Indian Premier League,Gujarat Titans,2,125,424,20
1359519,2023-05-03 00:00:00,2023,T20,Indian Premier League,Lucknow Super Giants,1,125,417,20
1359520,2023-05-03 00:00:00,2023,T20,Indian Premier League,Mumbai Indians,2,216,234,19
1359520,2023-05-03 00:00:00,2023,T20,Indian Premier League,Punjab Kings,1,214,260,20
1359521,2023-05-04 00:00:00,2023,T20,Indian Premier League,Kolkata Knight Riders,1,171,480,20
1359521,2023-05-04 00:00:00,2023,T20,Indian Premier League,Sunrisers Hyderabad,2,166,468,20
1359522,2023-05-05 00:00:00,2023,T20,Indian Premier League,Gujarat Titans,2,119,26,14
1359522,2023-05-05 00:00:00,2023,T20,Indian Premier League,Rajasthan Royals,1,118,500,18
1359523,2023-05-06 00:00:00,2023,T20,Indian Premier League,Chennai Super Kings,2,140,174,18
1359523,2023-05-06 00:00:00,2023,T20,Indian Premier League,Mumbai Indians,1,139,422,20
1359524,2023-05-06 00:00:00,2023,T20,Indian Premier League,Delhi Capitals,2,187,120,17
1359524,2023-05-06 00:00:00,2023,T20,Indian Premier League,Royal Challengers Bangalore,1,181,157,20
1359525,2023-05-07 00:00:00,2023,T20,Indian Premier League,Gujarat Titans,1,227,74,20
1359525,2023-05-07 00:00:00,2023,T20,Indian Premier League,Lucknow Super Giants,2,171,212,20
1359526,2023-05-07 00:00:00,2023,T20,Indian Premier League,Rajasthan Royals,1,214,104,20
1359526,2023-05-07 00:00:00,2023,T20,Indian Premier League,Sunrisers Hyderabad,2,217,208,20
1359527,2023-05-08 00:00:00,2023,T20,Indian Premier League,Kolkata Knight Riders,2,182,246,20
1359527,2023-05-08 00:00:00,2023,T20,Indian Premier League,Punjab Kings,1,179,436,20
1359528,2023-05-09 00:00:00,2023,T20,Indian Premier League,Mumbai Indians,2,200,165,17
1359528,2023-05-09 00:00:00,2023,T20,Indian Premier League,Royal Challengers Bangalore,1,199,364,20
1359529,2023-05-10 00:00:00,2023,T20,Indian Premier League,Chennai Super Kings,1,167,399,20
1359529,2023-05-10 00:00:00,2023,T20,Indian Premier League,Delhi Capitals,2,140,453,20
1359530,2023-05-11 00:00:00,2023,T20,Indian Premier League,Kolkata Knight Riders,1,149,360,20
1359530,2023-05-11 00:00:00,2023,T20,Indian Premier League,Rajasthan Royals,2,151,71,14
1359531,2023-05-12 00:00:00,2023,T20,Indian Premier League,Gujarat Titans,2,191,638,20
1359531,2023-05-12 00:00:00,2023,T20,Indian Premier League,Mumbai Indians,1,218,275,20
1359532,2023-05-13 00:00:00,2023,T20,Indian Premier League,Lucknow Super Giants,2,185,196,20
1359532,2023-05-13 00:00:00,2023,T20,Indian Premier League,Sunrisers Hyderabad,1,182,370,20
1359533,2023-05-13 00:00:00,2023,T20,Indian Premier League,Delhi Capitals,2,136,481,20
1359533,2023-05-13 00:00:00,2023,T20,Indian Premier League,Punjab Kings,1,167,382,20
1359534,2023-05-14 00:00:00,2023,T20,Indian Premier League,Rajasthan Royals,2,59,289,11
1359534,2023-05-14 00:00:00,2023,T20,Indian Premier League,Royal Challengers Bangalore,1,171,187,20
1359535,2023-05-14 00:00:00,2023,T20,Indian Premier League,Chennai Super Kings,1,144,382,20
1359535,2023-05-14 00:00:00,2023,T20,Indian Premier League,Kolkata Knight Riders,2,147,312,19
1359536,2023-05-15 00:00:00,2023,T20,Indian Premier League,Gujarat Titans,1,188,248,20
1359536,2023-05-15 00:00:00,2023,T20,Indian Premier League,Sunrisers Hyderabad,2,154,721,20
1359537,2023-05-16 00:00:00,2023,T20,Indian Premier League,Lucknow Super Giants,1,177,314,20
1359537,2023-05-16 00:00:00,2023,T20,Indian Premier League,Mumbai Indians,2,172,217,20
1359538,2023-05-17 00:00:00,2023,T20,Indian Premier League,Delhi Capitals,1,213,95,20
1359538,2023-05-17 00:00:00,2023,T20,Indian Premier League,Punjab Kings,2,198,315,20
1359539,2023-05-18 00:00:00,2023,T20,Indian Premier League,Royal Challengers Bangalore,2,187,20,20
1359539,2023-05-18 00:00:00,2023,T20,Indian Premier League,Sunrisers Hyderabad,1,186,252,20
1359540,2023-05-19 00:00:00,2023,T20,Indian Premier League,Punjab Kings,1,187,446,20
1359540,2023-05-19 00:00:00,2023,T20,Indian Premier League,Rajasthan Royals,2,189,297,20
1359541,2023-05-20 00:00:00,2023,T20,Indian Premier League,Chennai Super Kings,1,223,72,20
1359541,2023-05-20 00:00:00,2023,T20,Indian Premier League,Delhi Capitals,2,146,468,20
1359542,2023-05-20 00:00:00,2023,T20,Indian Premier League,Kolkata Knight Riders,2,175,334,20
1359542,2023-05-20 00:00:00,2023,T20,Indian Premier League,Lucknow Super Giants,1,176,453,20
1359543,2023-05-21 00:00:00,2023,T20,Indian Premier League,Mumbai Indians,2,201,128,18
1359543,2023-05-21 00:00:00,2023,T20,Indian Premier League,Sunrisers Hyderabad,1,200,92,20
1359544,2023-05-21 00:00:00,2023,T20,Indian Premier League,Gujarat Titans,2,198,180,20
1359544,2023-05-21 00:00:00,2023,T20,Indian Premier League,Royal Challengers Bangalore,1,197,299,20
1370350,2023-05-23 00:00:00,2023,T20,Indian Premier League,Chennai Super Kings,1,172,200,20
1370350,2023-05-23 00:00:00,2023,T20,Indian Premier League,Gujarat Titans,2,157,474,20
1370351,2023-05-24 00:00:00,2023,T20,Indian Premier League,Lucknow Super Giants,2,101,390,17
1370351,2023-05-24 00:00:00,2023,T20,Indian Premier League,Mumbai Indians,1,182,382,20
1370352,2023-05-26 00:00:00,2023,T20,Indian Premier League,Gujarat Titans,1,233,118,20
1370352,2023-05-26 00:00:00,2023,T20,Indian Premier League,Mumbai Indians,2,171,430,19
1370353,2023-05-29 00:00:00,2023,T20,Indian Premier League,Chennai Super Kings,2,171,159,15
1370353,2023-05-29 00:00:00,2023,T20,Indian Premier League,Gujarat Titans,1,214,123,20
1422119,2024-03-22 00:00:00,2024,T20,Indian Premier League,Chennai Super Kings,2,176,272,19
1422119,2024-03-22 00:00:00,2024,T20,Indian Premier League,Royal Challengers Bengaluru,1,173,413,20
1422120,2024-03-23 00:00:00,2024,T20,Indian Premier League,Delhi Capitals,1,174,380,20
1422120,2024-03-23 00:00:00,2024,T20,Indian Premier League,Punjab Kings,2,177,328,20
1422121,2024-03-23 00:00:00,2024,T20,Indian Premier League,Kolkata Knight Riders,1,208,506,20
1422121,2024-03-23 00:00:00,2024,T20,Indian Premier League,Sunrisers Hyderabad,2,204,291,20
1422122,2024-03-24 00:00:00,2024,T20,Indian Premier League,Lucknow Super Giants,2,173,460,20
1422122,2024-03-24 00:00:00,2024,T20,Indian Premier League,Rajasthan Royals,1,193,272,20
1422123,2024-03-24 00:00:00,2024,T20,Indian Premier League,Gujarat Titans,1,168,285,20
1422123,2024-03-24 00:00:00,2024,T20,Indian Premier League,Mumbai Indians,2,162,338,20
1422124,2024-03-25 00:00:00,2024,T20,Indian Premier League,Punjab Kings,1,176,311,20
1422124,2024-03-25 00:00:00,2024,T20,Indian Premier League,Royal Challengers Bengaluru,2,178,350,20
1422125,2024-03-26 00:00:00,2024,T20,Indian Premier League,Chennai Super Kings,1,206,216,20
1422125,2024-03-26 00:00:00,2024,T20,Indian Premier League,Gujarat Titans,2,143,444,20
1422126,2024-03-27 00:00:00,2024,T20,Indian Premier League,Mumbai Indians,2,246,318,20
1422126,2024-03-27 00:00:00,2024,T20,Indian Premier League,Sunrisers Hyderabad,1,277,248,20
1422127,2024-03-28 00:00:00,2024,T20,Indian Premier League,Delhi Capitals,2,173,340,20
1422127,2024-03-28 00:00:00,2024,T20,Indian Premier League,Rajasthan Royals,1,185,347,20
1422128,2024-03-29 00:00:00,2024,T20,Indian Premier League,Kolkata Knight Riders,2,186,136,17
1422128,2024-03-29 00:00:00,2024,T20,Indian Premier League,Royal Challengers Bengaluru,1,182,257,20
1422129,2024-03-30 00:00:00,2024,T20,Indian Premier League,Lucknow Super Giants,1,199,367,20
1422129,2024-03-30 00:00:00,2024,T20,Indian Premier League,Punjab Kings,2,178,170,20
1422130,2024-03-31 00:00:00,2024,T20,Indian Premier League,Gujarat Titans,2,168,179,20
1422130,2024-03-31 00:00:00,2024,T20,Indian Premier League,Sunrisers Hyderabad,1,162,325,20
1422131,2024-03-31 00:00:00,2024,T20,Indian Premier League,Chennai Super Kings,2,171,419,20
1422131,2024-03-31 00:00:00,2024,T20,Indian Premier League,Delhi Capitals,1,191,209,20
1422132,2024-04-01 00:00:00,2024,T20,Indian Premier League,Mumbai Indians,1,125,649,20
1422132,2024-04-01 00:00:00,2024,T20,Indian Premier League,Rajasthan Royals,2,127,241,16
1422133,2024-04-02 00:00:00,2024,T20,Indian Premier League,Lucknow Super Giants,1,181,238,20
1422133,2024-04-02 00:00:00,2024,T20,Indian Premier League,Royal Challengers Bengaluru,2,153,483,20
1422134,2024-04-03 00:00:00,2024,T20,Indian Premier League,Delhi Capitals,2,166,470,18
1422134,2024-04-03 00:00:00,2024,T20,Indian Premier League,Kolkata Knight Riders,1,272,246,20
1422135,2024-04-04 00:00:00,2024,T20,Indian Premier League,Gujarat Titans,1,199,238,20
1422135,2024-04-04 00:00:00,2024,T20,Indian Premier League,Punjab Kings,2,200,441,20
1422136,2024-04-05 00:00:00,2024,T20,Indian Premier League,Chennai Super Kings,1,165,256,20
1422136,2024-04-05 00:00:00,2024,T20,Indian Premier League,Sunrisers Hyderabad,2,166,190,19
1422137,2024-04-06 00:00:00,2024,T20,Indian Premier League,Rajasthan Royals,2,189,187,20
1422137,2024-04-06 00:00:00,2024,T20,Indian Premier League,Royal Challengers Bengaluru,1,183,89,20
1422138,2024-04-07 00:00:00,2024,T20,Indian Premier League,Delhi Capitals,2,205,227,20
1422138,2024-04-07 00:00:00,2024,T20,Indian Premier League,Mumbai Indians,1,234,304,20
1422139,2024-04-07 00:00:00,2024,T20,Indian Premier League,Gujarat Titans,2,130,424,19
1422139,2024-04-07 00:00:00,2024,T20,Indian Premier League,Lucknow Super Giants,1,163,317,20
1426260,2024-04-08 00:00:00,2024,T20,Indian Premier League,Chennai Super Kings,2,141,126,18
1426260,2024-04-08 00:00:00,2024,T20,Indian Premier League,Kolkata Knight Riders,1,137,478,20
1426261,2024-04-09 00:00:00,2024,T20,Indian Premier League,Punjab Kings,2,180,478,20
1426261,2024-04-09 00:00:00,2024,T20,Indian Premier League,Sunrisers Hyderabad,1,182,480,20
1426262,2024-04-10 00:00:00,2024,T20,Indian Premier League,Gujarat Titans,2,199,310,20
1426262,2024-04-10 00:00:00,2024,T20,Indian Premier League,Rajasthan Royals,1,196,207,20
1426263,2024-04-11 00:00:00,2024,T20,Indian Premier League,Mumbai Indians,2,199,80,16
1426263,2024-04-11 00:00:00,2024,T20,Indian Premier League,Royal Challengers Bengaluru,1,196,396,20
1426264,2024-04-12 00:00:00,2024,T20,Indian Premier League,Delhi Capitals,2,170,201,19
1426264,2024-04-12 00:00:00,2024,T20,Indian Premier League,Lucknow Super Giants,1,167,536,20
1426265,2024-04-13 00:00:00,2024,T20,Indian Premier League,Punjab Kings,1,147,416,20
1426265,2024-04-13 00:00:00,2024,T20,Indian Premier League,Rajasthan Royals,2,152,211,20
1426266,2024-04-14 00:00:00,2024,T20,Indian Premier League,Kolkata Knight Riders,2,162,176,16
1426266,2024-04-14 00:00:00,2024,T20,Indian Premier League,Lucknow Super Giants,1,161,372,20
1426267,2024-04-14 00:00:00,2024,T20,Indian Premier League,Chennai Super Kings,1,206,228,20
1426267,2024-04-14 00:00:00,2024,T20,Indian Premier League,Mumbai Indians,2,186,280,20
1426268,2024-04-15 00:00:00,2024,T20,Indian Premier League,Royal Challengers Bengaluru,2,262,460,20
1426268,2024-04-15 00:00:00,2024,T20,Indian Premier League,Sunrisers Hyderabad,1,287,156,20
1426269,2024-04-16 00:00:00,2024,T20,Indian Premier League,Kolkata Knight Riders,1,223,268,20
1426269,2024-04-16 00:00:00,2024,T20,Indian Premier League,Rajasthan Royals,2,224,512,20
1426270,2024-04-17 00:00:00,2024,T20,Indian Premier League,Delhi Capitals,2,92,126,9
1426270,2024-04-17 00:00:00,2024,T20,Indian Premier League,Gujarat Titans,1,89,524,18
1426271,2024-04-18 00:00:00,2024,T20,Indian Premier League,Mumbai Indians,1,192,218,20
1426271,2024-04-18 00:00:00,2024,T20,Indian Premier League,Punjab Kings,2,183,689,20
1426272,2024-04-19 00:00:00,2024,T20,Indian Premier League,Chennai Super Kings,1,176,414,20
1426272,2024-04-19 00:00:00,2024,T20,Indian Premier League,Lucknow Super Giants,2,180,44,19
1426273,2024-04-20 00:00:00,2024,T20,Indian Premier League,Delhi Capitals,2,199,454,20
1426273,2024-04-20 00:00:00,2024,T20,Indian Premier League,Sunrisers Hyderabad,1,266,331,20
1426274,2024-04-21 00:00:00,2024,T20,Indian Premier League,Kolkata Knight Riders,1,222,446,20
1426274,2024-04-21 00:00:00,2024,T20,Indian Premier League,Royal Challengers Bengaluru,2,221,444,20
1426275,2024-04-21 00:00:00,2024,T20,Indian Premier League,Gujarat Titans,2,146,261,20
1426275,2024-04-21 00:00:00,2024,T20,Indian Premier League,Punjab Kings,1,142,438,20
1426276,2024-04-22 00:00:00,2024,T20,Indian Premier League,Mumbai Indians,1,179,487,20
1426276,2024-04-22 00:00:00,2024,T20,Indian Premier League,Rajasthan Royals,2,183,68,19
1426277,2024-04-23 00:00:00,2024,T20,Indian Premier League,Chennai Super Kings,1,210,263,20
1426277,2024-04-23 00:00:00,2024,T20,Indian Premier League,Lucknow Super Giants,2,213,292,20
1426278,2024-04-24 00:00:00,2024,T20,Indian Premier League,Delhi Capitals,1,224,312,20
1426278,2024-04-24 00:00:00,2024,T20,Indian Premier League,Gujarat Titans,2,220,379,20
1426279,2024-04-25 00:00:00,2024,T20,Indian Premier League,Royal Challengers Bengaluru,1,206,304,20
1426279,2024-04-25 00:00:00,2024,T20,Indian Premier League,Sunrisers Hyderabad,2,171,657,20
1426280,2024-04-26 00:00:00,2024,T20,Indian Premier League,Kolkata Knight Riders,1,261,160,20
1426280,2024-04-26 00:00:00,2024,T20,Indian Premier League,Punjab Kings,2,262,119,19
1426281,2024-04-27 00:00:00,2024,T20,Indian Premier League,Delhi Capitals,1,257,203,20
1426281,2024-04-27 00:00:00,2024,T20,Indian Premier League,Mumbai Indians,2,247,426,20
1426282,2024-04-27 00:00:00,2024,T20,Indian Premier League,Lucknow Super Giants,1,196,346,20
1426282,2024-04-27 00:00:00,2024,T20,Indian Premier League,Rajasthan Royals,2,199,227,19
1426283,2024-04-28 00:00:00,2024,T20,Indian Premier League,Gujarat Titans,1,200,252,20
1426283,2024-04-28 00:00:00,2024,T20,Indian Premier League,Royal Challengers Bengaluru,2,206,76,16
1426284,2024-04-28 00:00:00,2024,T20,Indian Premier League,Chennai Super Kings,1,212,157,20
1426284,2024-04-28 00:00:00,2024,T20,Indian Premier League,Sunrisers Hyderabad,2,134,466,19
1426285,2024-04-29 00:00:00,2024,T20,Indian Premier League,Delhi Capitals,1,153,611,20
1426285,2024-04-29 00:00:00,2024,T20,Indian Premier League,Kolkata Knight Riders,2,157,158,17
1426286,2024-04-30 00:00:00,2024,T20,Indian Premier League,Lucknow Super Giants,2,145,290,20
1426286,2024-04-30 00:00:00,2024,T20,Indian Premier League,Mumbai Indians,1,144,484,20
1426287,2024-05-01 00:00:00,2024,T20,Indian Premier League,Chennai Super Kings,1,162,291,20
1426287,2024-05-01 00:00:00,2024,T20,Indian Premier League,Punjab Kings,2,163,201,18
1426288,2024-05-02 00:00:00,2024,T20,Indian Premier League,Rajasthan Royals,2,200,360,20
1426288,2024-05-02 00:00:00,2024,T20,Indian Premier League,Sunrisers Hyderabad,1,201,235,20
1426289,2024-05-03 00:00:00,2024,T20,Indian Premier League,Kolkata Knight Riders,1,169,593,20
1426289,2024-05-03 00:00:00,2024,T20,Indian Premier League,Mumbai Indians,2,145,475,19
1426290,2024-05-04 00:00:00,2024,T20,Indian Premier League,Gujarat Titans,1,147,420,20
1426290,2024-05-04 00:00:00,2024,T20,Indian Premier League,Royal Challengers Bengaluru,2,152,208,14
1426291,2024-05-05 00:00:00,2024,T20,Indian Premier League,Chennai Super Kings,1,167,449,20
1426291,2024-05-05 00:00:00,2024,T20,Indian Premier League,Punjab Kings,2,139,587,20
1426292,2024-05-05 00:00:00,2024,T20,Indian Premier League,Kolkata Knight Riders,1,235,248,20
1426292,2024-05-05 00:00:00,2024,T20,Indian Premier League,Lucknow Super Giants,2,137,327,17
1426293,2024-05-06 00:00:00,2024,T20,Indian Premier League,Mumbai Indians,2,174,269,18
1426293,2024-05-06 00:00:00,2024,T20,Indian Premier League,Sunrisers Hyderabad,1,173,445,20
1426294,2024-05-07 00:00:00,2024,T20,Indian Premier League,Delhi Capitals,1,221,349,20
1426294,2024-05-07 00:00:00,2024,T20,Indian Premier League,Rajasthan Royals,2,201,370,20
1426295,2024-05-08 00:00:00,2024,T20,Indian Premier League,Lucknow Super Giants,1,165,329,20
1426295,2024-05-08 00:00:00,2024,T20,Indian Premier League,Sunrisers Hyderabad,2,167,0,10
1426296,2024-05-09 00:00:00,2024,T20,Indian Premier League,Punjab Kings,2,181,356,17
1426296,2024-05-09 00:00:00,2024,T20,Indian Premier League,Royal Challengers Bengaluru,1,241,307,20
1426297,2024-05-10 00:00:00,2024,T20,Indian Premier League,Chennai Super Kings,2,196,481,20
1426297,2024-05-10 00:00:00,2024,T20,Indian Premier League,Gujarat Titans,1,231,35,20
1426298,2024-05-11 00:00:00,2024,T20,Indian Premier League,Kolkata Knight Riders,1,157,363,16
1426298,2024-05-11 00:00:00,2024,T20,Indian Premier League,Mumbai Indians,2,139,226,16
1426299,2024-05-12 00:00:00,2024,T20,Indian Premier League,Chennai Super Kings,2,145,246,19
1426299,2024-05-12 00:00:00,2024,T20,Indian Premier League,Rajasthan Royals,1,141,207,20
1426300,2024-05-12 00:00:00,2024,T20,Indian Premier League,Delhi Capitals,2,140,617,20
1426300,2024-05-12 00:00:00,2024,T20,Indian Premier League,Royal Challengers Bengaluru,1,187,347,20
1426302,2024-05-14 00:00:00,2024,T20,Indian Premier League,Delhi Capitals,1,208,275,20
1426302,2024-05-14 00:00:00,2024,T20,Indian Premier League,Lucknow Super Giants,2,189,630,20
1426303,2024-05-15 00:00:00,2024,T20,Indian Premier League,Punjab Kings,2,145,372,19
1426303,2024-05-15 00:00:00,2024,T20,Indian Premier League,Rajasthan Royals,1,144,417,20
1426305,2024-05-17 00:00:00,2024,T20,Indian Premier League,Lucknow Super Giants,1,214,351,20
1426305,2024-05-17 00:00:00,2024,T20,Indian Premier League,Mumbai Indians,2,196,299,20
1426306,2024-05-18 00:00:00,2024,T20,Indian Premier League,Chennai Super Kings,2,191,434,20
1426306,2024-05-18 00:00:00,2024,T20,Indian Premier League,Royal Challengers Bengaluru,1,218,145,20
1426307,2024-05-19 00:00:00,2024,T20,Indian Premier League,Punjab Kings,1,214,168,20
1426307,2024-05-19 00:00:00,2024,T20,Indian Premier League,Sunrisers Hyderabad,2,215,326,20
1426309,2024-05-21 00:00:00,2024,T20,Indian Premier League,Kolkata Knight Riders,2,164,109,14
1426309,2024-05-21 00:00:00,2024,T20,Indian Premier League,Sunrisers Hyderabad,1,159,600,20
1426310,2024-05-22 00:00:00,2024,T20,Indian Premier League,Rajasthan Royals,2,174,267,19
1426310,2024-05-22 00:00:00,2024,T20,Indian Premier League,Royal Challengers Bengaluru,1,172,319,20
1426311,2024-05-24 00:00:00,2024,T20,Indian Premier League,Rajasthan Royals,2,139,414,20
1426311,2024-05-24 00:00:00,2024,T20,Indian Premier League,Sunrisers Hyderabad,1,175,494,20
1426312,2024-05-26 00:00:00,2024,T20,Indian Premier League,Kolkata Knight Riders,2,114,70,11
1426312,2024-05-26 00:00:00,2024,T20,Indian Premier League,Sunrisers Hyderabad,1,113,541,19
1473438,2025-03-22 00:00:00,2025,T20,Indian Premier League,Kolkata Knight Riders,1,174,357,20
1473438,2025-03-22 00:00:00,2025,T20,Indian Premier League,Royal Challengers Bengaluru,2,177,83,17
1473439,2025-03-23 00:00:00,2025,T20,Indian Premier League,Rajasthan Royals,2,242,423,20
1473439,2025-03-23 00:00:00,2025,T20,Indian Premier League,Sunrisers Hyderabad,1,286,241,20
1473440,2025-03-23 00:00:00,2025,T20,Indian Premier League,Chennai Super Kings,2,158,317,20
1473440,2025-03-23 00:00:00,2025,T20,Indian Premier League,Mumbai Indians,1,155,527,20
1473441,2025-03-24 00:00:00,2025,T20,Indian Premier League,Delhi Capitals,2,211,603,20
1473441,2025-03-24 00:00:00,2025,T20,Indian Premier League,Lucknow Super Giants,1,209,292,20
1473442,2025-03-25 00:00:00,2025,T20,Indian Premier League,Gujarat Titans,2,232,167,20
1473442,2025-03-25 00:00:00,2025,T20,Indian Premier League,Punjab Kings,1,243,351,20
1473443,2025-03-26 00:00:00,2025,T20,Indian Premier League,Kolkata Knight Riders,2,153,120,18
1473443,2025-03-26 00:00:00,2025,T20,Indian Premier League,Rajasthan Royals,1,151,430,20
1473444,2025-03-27 00:00:00,2025,T20,Indian Premier League,Lucknow Super Giants,2,193,214,17
1473444,2025-03-27 00:00:00,2025,T20,Indian Premier League,Sunrisers Hyderabad,1,190,469,20
1473445,2025-03-28 00:00:00,2025,T20,Indian Premier League,Chennai Super Kings,2,146,522,20
1473445,2025-03-28 00:00:00,2025,T20,Indian Premier League,Royal Challengers Bengaluru,1,196,300,20
1473446,2025-03-29 00:00:00,2025,T20,Indian Premier League,Gujarat Titans,1,196,203,20
1473446,2025-03-29 00:00:00,2025,T20,Indian Premier League,Mumbai Indians,2,160,366,20
1473447,2025-03-30 00:00:00,2025,T20,Indian Premier League,Delhi Capitals,2,166,110,16
1473447,2025-03-30 00:00:00,2025,T20,Indian Premier League,Sunrisers Hyderabad,1,163,560,19
1473448,2025-03-30 00:00:00,2025,T20,Indian Premier League,Chennai Super Kings,2,176,354,20
1473448,2025-03-30 00:00:00,2025,T20,Indian Premier League,Rajasthan Royals,1,182,395,20
1473449,2025-03-31 00:00:00,2025,T20,Indian Premier League,Kolkata Knight Riders,1,116,516,17
1473449,2025-03-31 00:00:00,2025,T20,Indian Premier League,Mumbai Indians,2,121,60,13
1473450,2025-04-01 00:00:00,2025,T20,Indian Premier League,Lucknow Super Giants,1,171,411,20
1473450,2025-04-01 00:00:00,2025,T20,Indian Premier League,Punjab Kings,2,177,123,17
1473451,2025-04-02 00:00:00,2025,T20,Indian Premier League,Gujarat Titans,2,170,113,18
1473451,2025-04-02 00:00:00,2025,T20,Indian Premier League,Royal Challengers Bengaluru,1,169,501,20
1473452,2025-04-03 00:00:00,2025,T20,Indian Premier League,Kolkata Knight Riders,1,200,330,20
1473452,2025-04-03 00:00:00,2025,T20,Indian Premier League,Sunrisers Hyderabad,2,120,480,17
1473453,2025-04-04 00:00:00,2025,T20,Indian Premier League,Lucknow Super Giants,1,203,282,20
1473453,2025-04-04 00:00:00,2025,T20,Indian Premier League,Mumbai Indians,2,191,335,20
1473454,2025-04-05 00:00:00,2025,T20,Indian Premier League,Chennai Super Kings,2,158,454,20
1473454,2025-04-05 00:00:00,2025,T20,Indian Premier League,Delhi Capitals,1,183,296,20
1473455,2025-04-05 00:00:00,2025,T20,Indian Premier League,Punjab Kings,2,155,554,20
1473455,2025-04-05 00:00:00,2025,T20,Indian Premier League,Rajasthan Royals,1,205,148,20
1473456,2025-04-08 00:00:00,2025,T20,Indian Premier League,Kolkata Knight Riders,2,234,382,20
1473456,2025-04-08 00:00:00,2025,T20,Indian Premier League,Lucknow Super Giants,1,238,110,20
1473457,2025-04-06 00:00:00,2025,T20,Indian Premier League,Gujarat Titans,2,153,190,17
1473457,2025-04-06 00:00:00,2025,T20,Indian Premier League,Sunrisers Hyderabad,1,152,392,20
1473458,2025-04-07 00:00:00,2025,T20,Indian Premier League,Mumbai Indians,2,209,389,20
1473458,2025-04-07 00:00:00,2025,T20,Indian Premier League,Royal Challengers Bengaluru,1,221,285,20
1473459,2025-04-08 00:00:00,2025,T20,Indian Premier League,Chennai Super Kings,2,201,223,20
1473459,2025-04-08 00:00:00,2025,T20,Indian Premier League,Punjab Kings,1,219,510,20
1473460,2025-04-09 00:00:00,2025,T20,Indian Premier League,Gujarat Titans,1,217,277,20
1473460,2025-04-09 00:00:00,2025,T20,Indian Premier League,Rajasthan Royals,2,159,529,20
1473461,2025-04-10 00:00:00,2025,T20,Indian Premier League,Delhi Capitals,2,169,335,18
1473461,2025-04-10 00:00:00,2025,T20,Indian Premier League,Royal Challengers Bengaluru,1,163,447,20
1473462,2025-04-11 00:00:00,2025,T20,Indian Premier League,Chennai Super Kings,1,103,511,20
1473462,2025-04-11 00:00:00,2025,T20,Indian Premier League,Kolkata Knight Riders,2,107,59,11
1473463,2025-04-12 00:00:00,2025,T20,Indian Premier League,Gujarat Titans,1,180,169,20
1473463,2025-04-12 00:00:00,2025,T20,Indian Premier League,Lucknow Super Giants,2,186,165,20
1473464,2025-04-12 00:00:00,2025,T20,Indian Premier League,Punjab Kings,1,245,303,20
1473464,2025-04-12 00:00:00,2025,T20,Indian Premier League,Sunrisers Hyderabad,2,247,54,19
1473465,2025-04-13 00:00:00,2025,T20,Indian Premier League,Rajasthan Royals,1,173,152,20
1473465,2025-04-13 00:00:00,2025,T20,Indian Premier League,Royal Challengers Bengaluru,2,175,58,18
1473466,2025-04-13 00:00:00,2025,T20,Indian Premier League,Delhi Capitals,2,193,343,19
1473466,2025-04-13 00:00:00,2025,T20,Indian Premier League,Mumbai Indians,1,205,251,20
1473467,2025-04-14 00:00:00,2025,T20,Indian Premier League,Chennai Super Kings,2,168,328,20
1473467,2025-04-14 00:00:00,2025,T20,Indian Premier League,Lucknow Super Giants,1,166,359,20
1473468,2025-04-15 00:00:00,2025,T20,Indian Premier League,Kolkata Knight Riders,2,95,347,16
1473468,2025-04-15 00:00:00,2025,T20,Indian Premier League,Punjab Kings,1,111,431,16
1473469,2025-04-16 00:00:00,2025,T20,Indian Premier League,Delhi Capitals,1,188,347,20
1473469,2025-04-16 00:00:00,2025,T20,Indian Premier League,Delhi Capitals,4,13,0,1
1473469,2025-04-16 00:00:00,2025,T20,Indian Premier League,Rajasthan Royals,2,188,132,20
1473469,2025-04-16 00:00:00,2025,T20,Indian Premier League,Rajasthan Royals,3,11,3,1
1473470,2025-04-17 00:00:00,2025,T20,Indian Premier League,Mumbai Indians,2,166,224,19
1473470,2025-04-17 00:00:00,2025,T20,Indian Premier League,Sunrisers Hyderabad,1,162,245,20
1473471,2025-04-18 00:00:00,2025,T20,Indian Premier League,Punjab Kings,2,98,171,13
1473471,2025-04-18 00:00:00,2025,T20,Indian Premier League,Royal Challengers Bengaluru,1,95,421,14
1473472,2025-04-19 00:00:00,2025,T20,Indian Premier League,Delhi Capitals,1,203,383,20
1473472,2025-04-19 00:00:00,2025,T20,Indian Premier League,Gujarat Titans,2,204,192,20
1473473,2025-04-19 00:00:00,2025,T20,Indian Premier League,Lucknow Super Giants,1,180,328,20
1473473,2025-04-19 00:00:00,2025,T20,Indian Premier League,Rajasthan Royals,2,178,167,20
1473474,2025-04-20 00:00:00,2025,T20,Indian Premier League,Punjab Kings,1,157,410,20
1473474,2025-04-20 00:00:00,2025,T20,Indian Premier League,Royal Challengers Bengaluru,2,159,162,19
1473475,2025-04-20 00:00:00,2025,T20,Indian Premier League,Chennai Super Kings,1,176,303,20
1473475,2025-04-20 00:00:00,2025,T20,Indian Premier League,Mumbai Indians,2,177,58,16
1473476,2025-04-21 00:00:00,2025,T20,Indian Premier League,Gujarat Titans,1,198,71,20
1473476,2025-04-21 00:00:00,2025,T20,Indian Premier League,Kolkata Knight Riders,2,159,394,20
1473477,2025-04-22 00:00:00,2025,T20,Indian Premier League,Delhi Capitals,2,161,125,18
1473477,2025-04-22 00:00:00,2025,T20,Indian Premier League,Lucknow Super Giants,1,159,200,20
1473478,2025-04-23 00:00:00,2025,T20,Indian Premier League,Mumbai Indians,2,146,133,16
1473478,2025-04-23 00:00:00,2025,T20,Indian Premier League,Sunrisers Hyderabad,1,143,508,20
1473479,2025-04-24 00:00:00,2025,T20,Indian Premier League,Rajasthan Royals,2,194,345,20
1473479,2025-04-24 00:00:00,2025,T20,Indian Premier League,Royal Challengers Bengaluru,1,205,173,20
1473480,2025-04-25 00:00:00,2025,T20,Indian Premier League,Chennai Super Kings,1,154,518,20
1473480,2025-04-25 00:00:00,2025,T20,Indian Premier League,Sunrisers Hyderabad,2,155,364,19
1473481,2025-04-26 00:00:00,2025,T20,Indian Premier League,Kolkata Knight Riders,2,7,0,1
1473481,2025-04-26 00:00:00,2025,T20,Indian Premier League,Punjab Kings,1,201,115,20
1473482,2025-04-27 00:00:00,2025,T20,Indian Premier League,Lucknow Super Giants,2,161,471,20
1473482,2025-04-27 00:00:00,2025,T20,Indian Premier League,Mumbai Indians,1,215,331,20
1473483,2025-04-27 00:00:00,2025,T20,Indian Premier League,Delhi Capitals,1,162,351,20
1473483,2025-04-27 00:00:00,2025,T20,Indian Premier League,Royal Challengers Bengaluru,2,165,300,19
1473484,2025-04-28 00:00:00,2025,T20,Indian Premier League,Gujarat Titans,1,209,103,20
1473484,2025-04-28 00:00:00,2025,T20,Indian Premier League,Rajasthan Royals,2,212,46,16
1473485,2025-04-29 00:00:00,2025,T20,Indian Premier League,Delhi Capitals,2,190,452,20
1473485,2025-04-29 00:00:00,2025,T20,Indian Premier League,Kolkata Knight Riders,1,204,414,20
1473486,2025-04-30 00:00:00,2025,T20,Indian Premier League,Chennai Super Kings,1,190,374,20
1473486,2025-04-30 00:00:00,2025,T20,Indian Premier League,Punjab Kings,2,194,197,20
1473487,2025-05-01 00:00:00,2025,T20,Indian Premier League,Mumbai Indians,1,217,100,20
1473487,2025-05-01 00:00:00,2025,T20,Indian Premier League,Rajasthan Royals,2,117,558,17
1473488,2025-05-02 00:00:00,2025,T20,Indian Premier League,Gujarat Titans,1,224,144,20
1473488,2025-05-02 00:00:00,2025,T20,Indian Premier League,Sunrisers Hyderabad,2,186,268,20
1473489,2025-05-03 00:00:00,2025,T20,Indian Premier League,Chennai Super Kings,2,211,235,20
1473489,2025-05-03 00:00:00,2025,T20,Indian Premier League,Royal Challengers Bengaluru,1,213,195,20
1473490,2025-05-04 00:00:00,2025,T20,Indian Premier League,Kolkata Knight Riders,1,206,259,20
1473490,2025-05-04 00:00:00,2025,T20,Indian Premier League,Rajasthan Royals,2,205,518,20
1473491,2025-05-04 00:00:00,2025,T20,Indian Premier League,Lucknow Super Giants,2,199,502,20
1473491,2025-05-04 00:00:00,2025,T20,Indian Premier League,Punjab Kings,1,236,309,20
1473492,2025-05-05 00:00:00,2025,T20,Indian Premier League,Delhi Capitals,1,133,552,20
1473493,2025-05-06 00:00:00,2025,T20,Indian Premier League,Gujarat Titans,2,147,243,19
1473493,2025-05-06 00:00:00,2025,T20,Indian Premier League,Mumbai Indians,1,155,442,20
1473494,2025-05-07 00:00:00,2025,T20,Indian Premier League,Chennai Super Kings,2,183,578,20
1473494,2025-05-07 00:00:00,2025,T20,Indian Premier League,Kolkata Knight Riders,1,179,348,20
1473495,2025-05-08 00:00:00,2025,T20,Indian Premier League,Punjab Kings,1,122,1,11
1473497,2025-05-18 00:00:00,2025,T20,Indian Premier League,Punjab Kings,1,219,421,20
1473497,2025-05-18 00:00:00,2025,T20,Indian Premier League,Rajasthan Royals,2,209,296,20
1473498,2025-05-18 00:00:00,2025,T20,Indian Premier League,Delhi Capitals,1,199,175,20
1473498,2025-05-18 00:00:00,2025,T20,Indian Premier League,Gujarat Titans,2,205,0,19
1473499,2025-05-19 00:00:00,2025,T20,Indian Premier League,Lucknow Super Giants,1,205,187,20
1473499,2025-05-19 00:00:00,2025,T20,Indian Premier League,Sunrisers Hyderabad,2,206,226,19
1473500,2025-05-20 00:00:00,2025,T20,Indian Premier League,Chennai Super Kings,1,187,556,20
1473500,2025-05-20 00:00:00,2025,T20,Indian Premier League,Rajasthan Royals,2,188,145,18
1473501,2025-05-21 00:00:00,2025,T20,Indian Premier League,Delhi Capitals,2,121,471,19
1473501,2025-05-21 00:00:00,2025,T20,Indian Premier League,Mumbai Indians,1,180,333,20
1473502,2025-05-22 00:00:00,2025,T20,Indian Premier League,Gujarat Titans,2,202,317,20
1473502,2025-05-22 00:00:00,2025,T20,Indian Premier League,Lucknow Super Giants,1,235,78,20
1473503,2025-05-23 00:00:00,2025,T20,Indian Premier League,Royal Challengers Bengaluru,2,189,297,20
1473503,2025-05-23 00:00:00,2025,T20,Indian Premier League,Sunrisers Hyderabad,1,231,375,20
1473504,2025-05-25 00:00:00,2025,T20,Indian Premier League,Chennai Super Kings,1,230,258,20
1473504,2025-05-25 00:00:00,2025,T20,Indian Premier League,Gujarat Titans,2,147,495,19
1473505,2025-05-25 00:00:00,2025,T20,Indian Premier League,Kolkata Knight Riders,2,168,481,19
1473505,2025-05-25 00:00:00,2025,T20,Indian Premier League,Sunrisers Hyderabad,1,278,151,20
1473506,2025-05-26 00:00:00,2025,T20,Indian Premier League,Mumbai Indians,1,184,300,20
1473506,2025-05-26 00:00:00,2025,T20,Indian Premier League,Punjab Kings,2,187,128,19
1473507,2025-05-27 00:00:00,2025,T20,Indian Premier League,Lucknow Super Giants,1,227,143,20
1473507,2025-05-27 00:00:00,2025,T20,Indian Premier League,Royal Challengers Bengaluru,2,230,264,19
1473508,2025-05-29 00:00:00,2025,T20,Indian Premier League,Punjab Kings,1,101,420,15
1473508,2025-05-29 00:00:00,2025,T20,Indian Premier League,Royal Challengers Bengaluru,2,106,55,10
1473509,2025-05-30 00:00:00,2025,T20,Indian Premier League,Gujarat Titans,2,208,289,20
1473509,2025-05-30 00:00:00,2025,T20,Indian Premier League,Mumbai Indians,1,228,186,20
1473510,2025-06-01 00:00:00,2025,T20,Indian Premier League,Mumbai Indians,1,203,283,20
1473510,2025-06-01 00:00:00,2025,T20,Indian Premier League,Punjab Kings,2,207,306,19
1473511,2025-06-03 00:00:00,2025,T20,Indian Premier League,Punjab Kings,2,184,340,20
1473511,2025-06-03 00:00:00,2025,T20,Indian Premier League,Royal Challengers Bengaluru,1,190,351,20
1485779,2025-05-24 00:00:00,2025,T20,Indian Premier League,Delhi Capitals,2,208,261,20
1485779,2025-05-24 00:00:00,2025,T20,Indian Premier League,Punjab Kings,1,206,409,20
